5,0.605001246,0.559484321,0,0,0,0,0,ArrayList
8,0.665933064,0.445687678,0,0,0.634135299,0,0,Arrays
4,0.298288322,0.566439155,0,0,0,0,0,Map
3,0.462217282,0.534024513,0,0,0,0,0,HashMap
3,0.450905095,0.42527917,0,0,0,0,0,Object
10,0.362474042,0.458092558,0.634135299,0,0,0,0,Collections
6,0.652763597,0.551528106,0,0,0,0,0.625671963,Element
1,0.341097651,0.399236673,0,0,0,0,0,JPanel
1,0.255788042,0.554640184,0,0,0,0,0,Set
0,0.218964827,0.478800554,0,0,0,0,0,PreparedStatement
5,0.401791621,0.503047441,0,0,0,0,0,File
6,0.368480298,0.439401849,0,0,0,0,0.746910621,FileOutputStream
7,0.362552677,0.386380029,0,0,0,0.746910621,0,FileInputStream
3,0.27572062,0.392617005,0,0,0,0,0,BufferedOutputStream
3,0.694901146,0,0,0,0,0,0,Zip
2,0.131184171,0.360037466,0,0,0,0,0,IOException
2,0,0,0,0,0,0,0,CreateTarGZ
1,0.340998562,0.377181084,0,0,0,0,0,InputStream
9,0.432874827,0.490152883,0,1,0,0,0,ZipEntry
0,0.33792346,0.401252941,0,0,0,0,0,ByteArrayOutputStream
5,0.423811403,0.6318876,0,0,0,0,0,GZIPInputStream
4,0.387673572,0.39682253,0,0,0,0,0,InputStream
4,0.527247294,0.630406949,0,0,0,0,0,GZIPOutputStream
3,0.655228499,0.466227144,0,0,0,0,0,File
9,0.362745839,0.436829579,0,1,0,0,0,FileOutputStream
2,0.170224624,0.3024975,0,0,0,0,0,IOException
10,0.374931847,0.435806195,1,0,0,0,0,FileInputStream
1,0.402954,0.404355502,0,0,0,0,0,OutputStream
1,0.285655089,0.388193371,0,0,0,0,0,ArrayList
0,0.465169443,0.441238011,0,0,0,0,0,ByteArrayOutputStream
5,0.653540856,0.450135941,0,0,0,0,0,File
4,0.371006198,0.398429162,0,0,0,0,0,InputStream
8,0.349042839,0.435073007,0,0,1,0,0.914201946,FileOutputStream
3,0.508385006,0.695844416,0,0,0,0,0,GZIPOutputStream
3,0.448617011,0.44312441,0,0,0,0,0,ByteArrayOutputStream
2,0.398308138,0.696195797,0,0,0,0,0,GZIPInputStream
2,0.150826588,0.293234118,0,0,0,0,0,IOException
9,0.36031358,0.428189831,0,1,0,0.914201946,0,FileInputStream
1,0.309666383,0.470770021,0,0,0,0,0,SimpleDateFormat
0,0.300847805,0.451161062,0,0,0,0,0,BufferedReader
5,0.316818994,0.467337679,0,0,0,0,0,ArrayList
10,0.709937089,0.598642496,1,0,0,0,0,PriorityBlockingQueue
4,0.576069811,0.396540688,0,0,0,0,0,Class
9,0.452675516,0.461236971,0,1,0,0,0,BlockingQueue
3,0.35828164,0.393150662,0,0,0,0,0,Object
2,0.330663441,0.507329025,0,0,0,0,0,Queue
2,0.16541356,0,0,0,0,0,0,Test
1,0.433512499,0.550360939,0,0,0,0,0,ThreadPoolExecutor
1,0.147288688,0,0,0,0,0,0,Foo
0,0.137935372,0.41175484,0,0,0,0,0,TimeUnit
7,0.437006995,0.659797275,0,0,0,0.686357013,0,SimpleDateFormat
6,0.436726398,0.620041168,0,0,0,0,0.686357013,Calendar
4,0.454841374,0.634557155,0,0,0,0,0,DateFormat
3,0.222429134,0.299146457,0,0,0,0,0,ParseException
3,0.529299686,0,0,0,0,0,0,DateTime
2,0.451477978,0.472756002,0,0,0,0,0,ArrayList
2,0.411065501,0.65376126,0,0,0,0,0,DateTimeFormatter
1,0.167285844,0.554521249,0,0,0,0,0,Locale
1,0.399285477,0.419039893,0,0,0,0,0,Object
0,0.178307392,0.573129939,0,0,0,0,0,Pattern
9,0.219819394,0,0,1,0,0,0,BasicDBObject
10,0.333374252,0,1,0,0,0,0,DBObject
4,0.282811636,0,0,0,0,0,0,DBCursor
3,0.297815527,0,0,0,0,0,0,DBCollection
3,0.153291538,0.453377676,0,0,0,0,0,Class
2,0.238036933,0.40798576,0,0,0,0,0,ArrayList
2,0.277035838,0.404091717,0,0,0,0,0,Object
1,0.322258891,0,0,0,0,0,0,ObjectId
1,0.300345812,0.47403815,0,0,0,0,0,File
0,0.083294375,0.30913314,0,0,0,0,0,IOException
10,0.281600116,0,1,0,0,0,0,MongoClient
7,0.580178293,0.503926183,0,0,0,0.652763425,0,Connection
4,0.176989204,0,0,0,0,0,0,BasicDBObject
3,0.216066074,0.497617643,0,0,0,0,0,DriverManager
3,0.595396384,0,0,0,0,0,0,Mongo
2,0,0,0,0,0,0,0,MongoClientURI
2,0.159016034,0.448153793,0,0,0,0,0,SQLException
1,0.263656951,0,0,0,0,0,0,DateTime
1,0.178265926,0.308381578,0,0,0,0,0,Class
0,0.271379578,0.523284743,0,0,0,0,0,Driver
7,0.398947664,0,0,0,0,1,0,MimeMessage
4,0.317437814,0,0,0,0,0,0,Content
8,0.382123795,0,0,0,1,0,0,Message
3,0.135052028,0.41199007,0,0,0,0,0,DataHandler
3,0.130554553,0,0,0,0,0,0,InternetAddress
2,0.016787308,0.308235084,0,0,0,0,0,IOException
2,0.183808954,0,0,0,0,0,0,MimeBodyPart
9,0.14778806,0,0,1,0,0,0,Session
1,0.198340484,0.355899946,0,0,0,0,0,InputStream
0,0.287888832,0,0,0,0,0,0,Add
5,0.319214399,0.520876305,0,0,0,0,0,BufferedReader
4,0.614026317,0.574712816,0,0,0,0,0,File
4,0.216790615,0.485450013,0,0,0,0,0,InputStreamReader
3,0.091419789,0.351736398,0,0,0,0,0,IOException
3,0.32363915,0.510726525,0,0,0,0,0,FileInputStream
2,0.316555507,0.431308865,0,0,0,0,0,InputStream
2,0.274881644,0.563349296,0,0,0,0,0,Scanner
1,0.265180449,0.479112966,0,0,0,0,0,FileReader
1,0.179046314,0.651717512,0,0,0,0,0,Pattern
0,0.192072647,0.488995359,0,0,0,0,0,Matcher
8,0.181225,0.51191258,0,0,1,0,0,Connection
10,0.190787294,0.410739701,1,0,0,0,0,DriverManager
4,0.113176051,0.354965871,0,0,0,0,0,Class
3,0.160958457,0.481022842,0,0,0,0,0,Driver
3,0.318689361,0.494465546,0,0,0,0,0,ResultSet
2,0.191128197,0.342068961,0,0,0,0,0,Object
2,0.236552771,0.387676489,0,0,0,0,0,ArrayList
9,0.310175682,0.359826334,0,1,0,0,0,PreparedStatement
1,0.258741832,0.37802404,0,0,0,0,0,File
0,0.081200952,0.435810887,0,0,0,0,0,SQLException
5,0.619676256,0.452129312,0,0,0,0,0,File
8,0.512362178,0.442993502,0,0,1,0,0,FileInputStream
4,0.279786334,0.31690401,0,0,0,0,0,IOException
3,0.351323182,0.400805068,0,0,0,0,0,Class
3,0.605564274,0.41216734,0,0,0,0,0,Object
2,0.437176916,0.404316962,0,0,0,0,0,ArrayList
9,0.643361067,0.438825277,0,1,0,0,0.606525068,InputStream
1,0.430196925,0.471432211,0,0,0,0,0,FileOutputStream
1,0.294162748,0.437128911,0,0,0,0,0,Map
0,0.42294878,0.437364687,0,0,0,0,0,HashMap
5,0.261394563,0,0,0,0,0,0,GetBytes
4,0.134303869,0.455513009,0,0,0,0,0,Graphics
8,0.538754172,0.601131474,0,0,0.636312002,0,0,MessageDigest
3,0.29526513,0.388689761,0,0,0,0,0,BufferedImage
3,0.40559457,0.43352576,0,0,0,0,0,ArrayList
2,0.237318734,0,0,0,0,0,0,BouncyCastleProvider
2,0.416808474,0.480426147,0,0,0,0,0,HashMap
1,0,0,0,0,0,0,0,HmacSHA
1,0.25770935,0.488497123,0,0,0,0,0,Map
0,0.662061874,0,0,0,0,0,0,Digester
5,0.63688845,0.470384063,0,0,0,0,0,ArrayList
4,0.479523138,0.412870224,0,0,0,0,0,Object
4,0.675224179,0.419833616,0,0,0,0,0,Arrays
3,0.408893503,0.447669737,0,0,0,0,0,Class
3,0.438747664,0.442727999,0,0,0,0,0,Hashtable
2,0.261568126,0,0,0,0,0,0,Bullet
2,0.286950483,0.530338008,0,0,0,0,0,Map
6,0.405047586,0.437258282,0,0,0,0,0.617107652,Collections
1,0.272730766,0.431698179,0,0,0,0,0,Scanner
0,0.491098493,0.44027725,0,0,0,0,0,HashMap
5,0.347548934,0.503954468,0,0,0,0,0,Object
4,0.320095845,0.496040579,0,0,0,0,0,Arrays
4,0.469450774,0.506549494,0,0,0,0,0,HashSet
3,0.205464462,0.58638633,0,0,0,0,0,Map
3,0.351858254,0.562644989,0,0,0,0,0,HashMap
2,0.33091475,0.509098071,0,0,0,0,0,ArrayList
10,0.228182633,0,1,0,0,0,0,HashCodeBuilder
1,0.219741765,0.569943094,0,0,0,0,0,Set
1,0.322795035,0.588858105,0,0,0,0,0,Collection
0,0.415149697,0.486482598,0,0,0,0,0,Class
5,0.283856204,0.334855833,0,0,0,0,0,Class
9,0.250437242,0.50660332,0,1,0,0,0,DriverManager
8,0.636671185,0.488678141,0,0,1,0,0,Connection
3,0.298973037,0.500904583,0,0,0,0,0,Driver
3,0.402642573,0.523344511,0,0,0,0,0,DataSource
2,0.345283808,0,0,0,0,0,0,Bean
2,0.182348462,0.259317378,0,0,0,0,0,IOException
1,0.153848219,0.319007533,0,0,0,0,0,InputStream
1,0.190583929,0.404558142,0,0,0,0,0,SQLException
0,0.234114335,0.354457474,0,0,0,0,0,Object
5,0.625085217,0.558914688,0,0,0,0,0,File
4,0.071293034,0.335948321,0,0,0,0,0,IOException
4,0,0,0,0,0,0,0,RawUI
3,0.605545851,0,0,0,0,0,0,Change
3,0,0,0,0,0,0,0,ESCkey
2,0.625085217,0.494753268,0,0,0,0,0,Files
2,0.281380319,0.332123993,0,0,0,0,0,InputStream
1,0.278290961,0.447650856,0,0,0,0,0,FileOutputStream
1,0.247232095,0.430995158,0,0,0,0,0,BufferedReader
0,0.091317104,0.364950965,0,0,0,0,0,GraphicsDevice
10,0.591719291,0.378041985,1,0,0,0,0,Files
4,0.591719291,0.463418094,0,0,0,0,0,File
8,0.255637867,0.506090253,0,0,1,0.920132247,0,Path
3,0.298123149,0.405087813,0,0,0,0,0,FileInputStream
3,0.081093784,0.309595299,0,0,0,0,0,IOException
2,0.283737418,0.494251118,0,0,0,0,0,JFrame
2,0.267405768,0.436270568,0,0,0,0,0,FileOutputStream
1,0.158029145,0,0,0,0,0,0,Java
1,0.274490116,0.370236823,0,0,0,0,0,InputStream
0,0.214852166,0.446330959,0,0,0,0,0,Graphics
5,0.58961764,0.505534852,0,0,0,0,0,File
10,0.58961764,0.39833439,1,0,0,0,0,Files
4,0.269329587,0.467600675,0,0,0,0,0,FileOutputStream
3,0.274600636,0.475262513,0,0,0,0,0,FileWriter
3,0.07320197,0.327731345,0,0,0,0,0,IOException
2,0.242583175,0.396113164,0,0,0,0,0,Object
2,0.291586701,0.423044104,0,0,0,0,0,FileInputStream
1,0.286377546,0.466689702,0,0,0,0,0,ArrayList
9,0.249067064,0.545878952,0,1,0.877110868,0,0,Path
0,0.192661631,0.42758237,0,0,0,0,0,Class
5,0.650069617,0.558212001,0,0,0,0,0,File
4,0.552390179,0.480843637,0,0,0,0,0,ArrayList
4,0.056227144,0.32719691,0,0,0,0,0,IOException
10,0.650069617,0.479451385,1,0,0,0,0,Files
3,0.304032589,0.496484432,0,0,0,0,0,BufferedReader
2,0.504838995,0.488921759,0,0,0,0,0,Arrays
2,0.321183821,0.475635478,0,0,0,0,0,InputStream
1,0.114137915,0.550096521,0,0,0,0,0,FilenameFilter
1,0.305070328,0.472784612,0,0,0,0,0,FileOutputStream
0,0.260730574,0.447678379,0,0,0,0,0,FileReader
5,0.187695365,0,0,0,0,0,0,Base
7,0.694189144,0.672981019,0,0,0,1,0.853729636,Signature
4,0.308576507,0.407401222,0,0,0,0,0,ArrayList
3,0.397952294,0.500722903,0,0,0,0,0,Certificate
3,0.279256178,0.383159072,0,0,0,0,0,Object
2,0.311907669,0.462724158,0,0,0,0,0,MessageDigest
2,0.258688408,0,0,0,0,0,0,Info
1,0.097675839,0.287691121,0,0,0,0,0,IOException
1,0.185605855,0.398365121,0,0,0,0,0,Map
0,0,0,0,0,0,0,0,SignerInfo
5,0.31881598,0.439412912,0,0,0,0,0,ArrayList
4,0.181013635,0,0,0,0,0,0,Base
4,0.234217881,0.419503796,0,0,0,0,0,Attributes
3,0,0,0,0,0,0,0,AnnotationDescription
3,0.284927017,0.382770446,0,0,0,0,0,Object
2,0,0,0,0,0,0,0,CMSProcessableByteArray
2,0.28221356,0,0,0,0,0,0,Info
1,0.192961736,0.433439129,0,0,0,0,0,Map
1,0.077454618,0.25354311,0,0,0,0,0,IOException
0,0,0,0,0,0,0,0,SignerInfo
5,0.260417205,0.48413048,0,0,0,0,0,Cipher
4,0.306853231,0.364015905,0,0,0,0,0,Object
4,0.294818084,0.473283121,0,0,0,0,0,SecretKey
3,0.326146765,0.465021114,0,0,0,0,0,SecretKeySpec
3,0.246151713,0.449323816,0,0,0,0,0,BigInteger
2,0.280466883,0.425996384,0,0,0,0,0,ArrayList
2,0.305915548,0.410114097,0,0,0,0,0,Entity
1,0.238381439,0.501338681,0,0,0,0,0,Map
1,0.187206344,0.454516778,0,0,0,0,0,Random
0,0.197106661,0,0,0,0,0,0,GeneratedValue
7,0.61767716,0.383756962,0,0,0,0.920132247,0,Files
4,0.293551778,0.392560781,0,0,0,0,0,InputStream
4,0.61767716,0.50216966,0,0,0,0,0,File
3,0.295335508,0.437667948,0,0,0,0,0,FileOutputStream
3,0.245557408,0.461351718,0,0,0,0,0,FileChannel
2,0.259349962,0.367403253,0,0,0,0,0,Object
2,0.319584929,0.42250054,0,0,0,0,0,FileInputStream
1,0.082102539,0.309945051,0,0,0,0,0,IOException
1,0.295926548,0.382271214,0,0,0,0,0,ArrayList
0,0.251361147,0.372606581,0,0,0,0,0,OutputStream
5,0.6082531,0.59568155,0,0,0,0,0,File
4,0.44531131,0.444837159,0,0,0,0,0,Object
4,0.327651783,0.414271075,0,0,0,0,0,Class
9,0.6082531,0.482803319,0,1,0.688800554,0,0,Files
3,0.246286505,0,0,0,0,0,0,HTTPServletRequest
2,0.413640096,0.515827806,0,0,0,0,0,ArrayList
2,0.342984698,0.590915421,0,0,0,0,0,Document
1,0.609159407,0.530058087,0,0,0,0,0,Set
1,0.440706699,0.553934761,0,0,0,0,0,Properties
0,0.282452138,0.541450295,0,0,0,0,0,Map
5,0.596568626,0.522979393,0,0,0,0,0,File
4,0.176700938,0.522044596,0,0,0,0,0,SimpleDateFormat
4,0.07618303,0.30220114,0,0,0,0,0,IOException
10,0.596568626,0.385201097,1,0,0,0,0.688800554,Files
3,0.227696373,0.35239337,0,0,0,0,0,Object
2,0.181628161,0.599092436,0,0,0,0,0,Calendar
2,0.286604532,0.495338675,0,0,0,0,0,ArrayList
1,0.198914291,0.437371749,0,0,0,0,0,Properties
1,0.603547662,0.407587434,0,0,0,0,0,Set
0,0.159953153,0,0,0,0,0,0,Log
10,0.381964612,0.462337291,1,0,0,0,0,Collections
8,0.682000992,0.482766003,0,0,1,0,0,Arrays
4,0.313306596,0.55924289,0,0,0,0,0,Comparator
3,0.618097397,0.506221139,0,0,0,0,0,ArrayList
3,0.462776393,0.456215096,0,0,0,0,0,Object
2,0.189072843,0.476750801,0,0,0,0,0,Set
2,0.295246353,0.541712006,0,0,0,0,0,Map
1,0.482144563,0.535298318,0,0,0,0,0,HashMap
1,0.463271527,0.520088339,0,0,0,0,0,HashSet
0,0.35902238,0.524181482,0,0,0,0,0,LinkedHashSet
5,0.191356787,0,0,0,0,0,0,Content
10,0.526327033,0,1,0,0,0,0,HttpPost
4,0.156702655,0.316801849,0,0,0,0,0,IOException
3,0.467312432,0,0,0,0,0,0,HttpClient
3,0.164381713,0.440816413,0,0,0,0,0,BufferedReader
2,0.393576038,0,0,0,0,0,0,HttpEntity
2,0.297705388,0.358044588,0,0,0,0,0,InputStream
1,0.465571385,0,0,0,0,0,0,HttpServletRequest
1,0.365926344,0.377337062,0,0,0,0,0,URLEncoder
0,0.473692983,0,0,0,0,0,0,HttpResponse
5,0.340077564,0.421040852,0,0,0,0,0,InputStream
4,0.673481692,0.492723434,0,0,0,0,0,Response
4,0.360854182,0,0,0,0,0,0,Content
3,0.1626916,0.321354091,0,0,0,0,0,IOException
8,0.489507719,0,0,0,1,0,0,HttpResponse
2,0.399875066,0.406295185,0,0,0,0,0,Object
2,0.064105766,0,0,0,0,0,0,AsyncCallback
1,0.274126577,0.383700265,0,0,0,0,0,OutputStream
1,0.179915736,0.506838783,0,0,0,0,0,Pattern
0,0.418312757,0.413736518,0,0,0,0,0,ArrayList
9,0.681284872,0,0,1,0,0,0,ContentType
10,0.368498477,0,1,0,0,0.667210445,0,HttpEntity
4,0.336743165,0,0,0,0,0,0,Content
3,0.148367678,0,0,0,0,0,0,Don
3,0.595891447,0.433318539,0,0,0,0,0,Entity
2,0.300071079,0.277732706,0,0,0,0,0,Encoding
2,0.406808823,0,0,0,0,0,0,HttpServletResponse
6,0.096120368,0,0,0,0,0,0.667210445,EntityUtils
1,0.63970913,0,0,0,0,0,0,HttpClient
0,0.165063117,0,0,0,0,0,0,User
5,0.175687617,0.310569381,0,0,0,0,0,IOException
4,0.430431552,0,0,0,0,0,0,HttpServletRequest
4,0.257557519,0,0,0,0,0,0,AsyncTask
3,0.408861709,0,0,0,0,0,0,HttpServletResponse
3,0,0,0,0,0,0,0,DownloadFilesTask
6,0.277214306,0.338831384,0,0,0,0,1,InputStream
2,0.163632078,0.35150016,0,0,0,0,0,Filter
1,0.169428054,0,0,0,0,0,0,Content
1,0.203271487,0.34617916,0,0,0,0,0,Object
0,0.114713823,0.332242109,0,0,0,0,0,Class
5,0.681817872,0.54157885,0,0,0,0,0,Entity
4,0.502824111,0,0,0,0,0,0,ManyToOne
4,0.396162532,0,0,0,0,0,0,Column
3,0.454276853,0,0,0,0,0,0,JoinColumn
8,0.42181882,0,0,0,1,0.738504332,0,EntityManager
2,0.230074585,0,0,0,0,0,0,User
2,0.476023651,0.430533603,0,0,0,0,0,Object
1,0.533926833,0,0,0,0,0,0,OneToMany
1,0.411286448,0,0,0,0,0,0,Child
0,0.351584015,0.533653154,0,0,0,0,0,Map
10,0.442701638,0,1,0,0,0,0.738504332,EntityManager
4,0.4326096,0,0,0,0,0,0,CascadeType
4,0.706253995,0.513817741,0,0,0,0,0,Entity
3,0.203401055,0,0,0,0,0,0,User
3,0.661039221,0.412383871,0,0,0,0,0,Object
2,0.513007419,0,0,0,0,0,0,ManyToOne
2,0.487332379,0.484438599,0,0,0,0,0,ArrayList
1,0.549737058,0,0,0,0,0,0,OneToMany
1,0.381622201,0.463288784,0,0,0,0,0,Query
0,0.367814407,0,0,0,0,0,0,Column
9,0.64185154,0.569071226,0,1,0,0,0,Currency
4,0,0,0,0,0,0,0,CurrencyData
4,0.195389701,0.616079105,0,0,0,0,0,Locale
3,0,0,0,0,0,0,0,CurrencyTest
3,0.090220387,0.376091098,0,0,0,0,0,FileInputStream
2,0.132662944,0.358608345,0,0,0,0,0,Object
2,0,0,0,0,0,0,0,GenerateCurrencyData
1,0.202213894,0.423729771,0,0,0,0,0,ArrayList
1,0.40645928,0.566757116,0,0,0,0,0,NumberFormat
0,0.206481802,0.432360951,0,0,0,0,0,HashMap
10,0.676131602,0.572073025,1,0,0,0,0,TimeZone
4,0.226848552,0.376709953,0,0,0,0,0,Map
4,0,0,0,0,0,0,0,AbstractDecoratedTextEditorPreferenceConstants
3,0.449690866,0.52760785,0,0,0,0,0,SimpleDateFormat
3,0.421945332,0.560851464,0,0,0,0,0,Calendar
2,0.256628882,0.360055948,0,0,0,0,0,Class
2,0.367708325,0,0,0,0,0,0,DateTimeZone
1,0.130952077,0,0,0,0,0,0,ComponentScan
8,0.430177846,0.5338548,0,0,0.639660615,0,0,DateFormat
0,0.178347391,0.445604257,0,0,0,0,0,Configuration
5,0.3351448,0.503613933,0,0,0,0,0,XmlRootElement
10,0.423790364,0.615761591,1,0,0,0,0,JAXBContext
8,0.617832586,0.543370584,0,0,1,0,0,File
9,0.525393251,0.578619408,0,1,0,0,0,Marshaller
3,0.06740565,0.343429478,0,0,0,0,0,IOException
2,0.479461502,0.461742293,0,0,0,0,0,Object
2,0.389389389,0.517169016,0,0,0,0,0,XmlElement
1,0.356254317,0.47610449,0,0,0,0,0,ArrayList
1,0.487097345,0.614336007,0,0,0,0,0,Unmarshaller
0,0.416870646,0.48468754,0,0,0,0,0,Map
9,0.460329366,0.592947231,0,1,0,0,0,Calendar
10,0.44011817,0.554723787,1,0,0,0,0,SimpleDateFormat
8,0.462597514,0.478347565,0,0,0.686357013,0,0,LocalDate
3,0.548259746,0,0,0,0,0,0,DateTime
3,0.283132262,0,0,0,0,0,0,DateTimeFormat
2,0.675001106,0.516727163,0,0,0,0,0,Comparator
2,0.421143713,0.55230602,0,0,0,0,0,DateTimeFormatter
1,0.338224129,0.333343926,0,0,0,0,0,Object
1,0.184393902,0,0,0,0,0,0,Feb
0,0.377772121,0.458967945,0,0,0,0,0,ArrayList
5,0.465567327,0.545867783,0,0,0,0,0,SimpleDateFormat
7,0.381703545,0.552894572,0,0,0,0.914661366,0,DecimalFormat
9,0.479972306,0.529758209,0,1,0,0,0,DateFormat
3,0.184185245,0,0,0,0,0,0,Contents
3,0.431208405,0.619145111,0,0,0,0,0,DateTimeFormatter
6,0.179356001,0.495139841,0,0,0,0,0.872780956,Locale
2,0.251030065,0.319627399,0,0,0,0,0,Current
1,0.304509422,0.279556175,0,0,0,0,0,Object
1,0.441944087,0.576040146,0,0,0,0,0,Calendar
0,0.282490693,0.27688981,0,0,0,0,0,ParseException
7,0.152781224,0.510953862,0,0,0,0.706279092,0,Connection
9,0.340073344,0.49861242,0,1,0,0,0.706279092,ResultSet
4,0.215202794,0.326522681,0,0,0,0,0,Class
3,0.117876055,0.422787775,0,0,0,0,0,DriverManager
3,0,0,0,0,0,0,0,HBaseAdmin
10,0.12480139,0.559046348,1,0,0.706279092,0,0,DatabaseMetaData
2,0.246928098,0.326318549,0,0,0,0,0,Object
1,0.245859744,0.380508667,0,0,0,0,0,ArrayList
1,0.179506437,0.39088687,0,0,0,0,0,Statement
0,0.266997017,0,0,0,0,0,0,XMLSchema
5,0.309448725,0.41018342,0,0,0,0,0,Object
10,0.333115636,0.65383008,1,0,0.801163302,0,0,CallableStatement
4,0.203567957,0.6114723,0,0,0,0,0,Connection
9,0.377112361,0.580583902,0,1,0,0,0,ResultSet
3,0.332123995,0.511875045,0,0,0,0,0,ArrayList
2,0.2375422,0.551620159,0,0,0,0,0,Map
2,0.226499313,0.415870377,0,0,0,0,0,Class
1,0.178903513,0.454797229,0,0,0,0,0,Types
1,0.171981062,0.492405203,0,0,0,0,0,File
0,0.126602142,0.454857855,0,0,0,0,0,SQLException
5,0.40776874,0.352555204,0,0,0,0,0,ArrayList
10,0.279886857,0.530304392,1,0,0.738676225,0,0.644272461,InetAddress
4,0.386948406,0.336616931,0,0,0,0,0,Object
3,0.3589344,0.397268024,0,0,0,0,0,BigInteger
3,0.222809863,0.390480775,0,0,0,0,0,Matcher
2,0.239861045,0.41857859,0,0,0,0,0,SimpleDateFormat
2,0.154331664,0.427745278,0,0,0,0,0,Pattern
1,0.432837304,0.340589329,0,0,0,0,0,Arrays
1,0.256004041,0.363825554,0,0,0,0,0,Map
0,0.088222996,0.384918743,0,0,0,0,0,DatatypeConverter
5,0.285803487,0.394298729,0,0,0,0,0,ArrayList
4,0.231650286,0.388192306,0,0,0,0,0,File
4,0.664539084,0.4599123,0,0,0,0,0,Scanner
3,0.54277477,0,0,0,0,0,0,Creates
3,0.170189665,0.289156406,0,0,0,0,0,IOException
2,0.22555402,0.396960218,0,0,0,0,0,Button
2,0.145850951,0.282026379,0,0,0,0,0,Callable
1,0.113009138,0.381327912,0,0,0,0,0,CharBuffer
1,0.518591888,0.418694141,0,0,0,0,0,BufferedReader
0,0.276246741,0,0,0,0,0,0,Enter
10,0.279795274,0.569418043,1,0,0.815365185,0,0.644272461,InetAddress
9,0.19458067,0.481479317,0,1,0,0,0,NetworkInterface
4,0.162087265,0.314863084,0,0,0,0,0,SocketException
3,0.065702868,0,0,0,0,0,0,ActorSystem
3,0.242899825,0,0,0,0,0,0,Agent
2,0.082076524,0.32779176,0,0,0,0,0,IOException
2,0.156367339,0,0,0,0,0,0,Alive
1,0.679377419,0,0,0,0,0,0,Address
1,0.672573309,0,0,0,0,0,0,Host
0,0.0339393,0,0,0,0,0,0,AndroidManifest
9,0.674869218,0.613188893,0,1,0,0,0,Socket
4,0.252396089,0.345487239,0,0,0,0,0,IOException
10,0.552236457,0.557022518,1,0,0,0.811192582,0,ServerSocket
3,0.374675668,0.401715492,0,0,0,0,0,BufferedReader
3,0.374205124,0.383453633,0,0,0,0,0,InputStream
2,0.354595717,0.396504769,0,0,0,0,0,InputStreamReader
2,0.257906716,0.477899903,0,0,0,0,0,Object
1,0.644344585,0,0,0,0,0,0,Server
1,0.442803942,0.433089988,0,0,0,0,0,Connection
0,0.18607516,0.452385816,0,0,0,0,0,File
9,0.270456871,0.419344996,0,1,0,0,0,BufferedReader
4,0.093276475,0.299529543,0,0,0,0,0,IOException
4,0.280872552,0.365912813,0,0,0,0,0,InputStream
3,0.20688484,0.369114531,0,0,0,0,0,InputStreamReader
3,0.076864785,0,0,0,0,0,0,Agent
2,0.337460009,0.429728895,0,0,0,0,0,File
2,0.656512411,0,0,0,0,0,0,Content
1,0.12652446,0,0,0,0,0,0,DefaultHttpClient
1,0.371021582,0.475653485,0,0,0,0,0,Document
0,0.216286471,0.338030808,0,0,0,0,0,ArrayList
10,0.304500902,0.563280144,1,0,0.815365185,0,0.738676225,InetAddress
4,0.152270541,0.323839883,0,0,0,0,0,IOException
4,0.238820014,0.523734197,0,0,0,0,0,InetSocketAddress
3,0.194223432,0.386120424,0,0,0,0,0,Driver
3,0.719898146,0,0,0,0,0,0,Address
7,0.206026879,0.506014358,0,0,0,0.815365185,0,NetworkInterface
2,0.235738757,0,0,0,0,0,0,HttpServletRequest
1,0.055362472,0,0,0,0,0,0,Caused
1,0.304559798,0.351407889,0,0,0,0,0,Connection
0,0.227474896,0.358483178,0,0,0,0,0,Object
5,0.36728838,0.569973641,0,0,0,0,0,Cipher
4,0,0,0,0,0,0,0,AESCipher
4,0,0,0,0,0,0,0,AppUDS
3,0.416275605,0,0,0,0,0,0,Authentication
10,0.662013633,0.592974553,1,0,0,0,0,Provider
2,0.184812459,0,0,0,0,0,0,Autowired
2,0.420727503,0,0,0,0,0,0,BouncyCastle
1,0.194914613,0,0,0,0,0,0,HttpServletRequest
1,0.067738047,0.339495135,0,0,0,0,0,Object
0,0.42734189,0,0,0,0,0,0,BouncyCastleProvider
5,0.409307491,0.382308188,0,0,0,0,0,Arrays
4,0,0,0,0,0,0,0,FileHeader
4,0.361202958,0.357309605,0,0,0,0,0,Object
3,0.071806555,0.338284614,0,0,0,0,0,IOException
3,0.404134076,0.457187024,0,0,0,0,0,ArrayList
2,0,0,0,0,0,0,0,Dac
2,0.240537207,0.49084107,0,0,0,0,0,Map
1,0.10047059,0.406404013,0,0,0,0,0,FileNotFoundException
1,0.16361295,0.510283405,0,0,0,0,0,Pattern
0,0.120219629,0.403100312,0,0,0,0,0,Destination
5,0.336379196,0.390017983,0,0,0,0,0,ArrayList
4,0.474533093,0.475992639,0,0,0,0,0,Document
4,0,0,0,0,0,0,0,Andrews
10,0.203852261,0.565694516,1,0,0,0,0,BreakIterator
3,0.163491758,0,0,0,0,0,0,Java
2,-0.033998924,0.276426916,0,0,0,0,0,IOException
2,0.127330886,0.534173078,0,0,0,0,0,Locale
1,0.214275944,0.53329076,0,0,0,0,0,Pattern
1,0.2565924,0.438777836,0,0,0,0,0,BufferedReader
0,0.321502205,0,0,0,0,0,0,Jsoup
10,0.617123815,0.589316753,1,0,0,0,0,Locale
9,0.434218789,0.619228863,0,1,0,0,0,SimpleDateFormat
4,0.407102449,0.666908725,0,0,0,0,0,DateTimeFormatter
3,0.354391551,0.586969376,0,0,0,0,0,NumberFormat
6,0.442121602,0.623511865,0,0,0,0,0.872780956,DateFormat
2,0.358513176,0.619854515,0,0,0,0,0,DecimalFormat
2,0.297039975,0.451325181,0,0,0,0,0,Object
1,0.371238335,0.568594345,0,0,0,0,0,Currency
1,0.418994709,0.644786466,0,0,0,0,0,Calendar
0,0.189320097,0.552079535,0,0,0,0,0,File
9,0.374747466,0.608903331,0,1,0,0,0,DecimalFormat
4,0.086324959,0,0,0,0,0,0,Auto
10,0.005584721,0.639700164,1,0,0,0,0,DecimalFormatSymbols
3,0.37176642,0.532799939,0,0,0,0,0,NumberFormat
3,0.245306958,0.275699117,0,0,0,0,0,Object
6,0.161861436,0.526668932,0,0,0,0,0.806562233,Locale
2,0.312263284,0.402988781,0,0,0,0,0,ArrayList
1,0.233469118,0.423745493,0,0,0,0,0,Matcher
1,0.170503345,0.537056748,0,0,0,0,0,Pattern
0,0.208515144,0,0,0,0,0,0,Contents
9,0.613715268,0.628417207,0,1,0,0.738207036,0,Locale
8,0.205566581,0.628403209,0,0,1,0,0,NumberFormat
4,0.279966814,0.634658957,0,0,0,0,0,DecimalFormat
3,0.31269354,0.540955312,0,0,0,0,0,BigDecimal
3,0.307550557,0.474249759,0,0,0,0,0,ArrayList
2,0.362681451,0,0,0,0,0,0,Average
2,0.286876644,0.466941306,0,0,0,0,0,Object
1,0.336383725,0.487391842,0,0,0,0,0,BigInteger
1,0.226365697,0.455554431,0,0,0,0,0,Random
0,0.036634194,0,0,0,0,0,0,Builder
6,0.514412089,0.453254012,0,0,0,0,0.659656131,Arrays
4,0.318239514,0.517525587,0,0,0,0,0,Map
4,0.486987384,0.513675684,0,0,0,0,0,HashMap
3,0.210592817,0.484409801,0,0,0,0,0,CharBuffer
3,0.508169403,0.51180447,0,0,0,0,0,ArrayList
2,0.6913681,0.510043494,0,0,0,0,0,Iterator
2,0.45979942,0.433199475,0,0,0,0,0,Object
1,0.155533279,0.454831135,0,0,0,0,0,Set
1,0.191334719,0.498046453,0,0,0,0,0,Pattern
0,0.464276323,0.508239907,0,0,0,0,0,HashSet
5,0.637173452,0.543917458,0,0,0,0,0,Attributes
4,0.627868303,0.566154885,0,0,0,0,0,Element
4,0.368156129,0.457358638,0,0,0,0,0,ArrayList
3,0.429673735,0.462751929,0,0,0,0,0,SAXException
3,0.361990844,0.420751941,0,0,0,0,0,DefaultHandler
2,0.221281394,0.499034257,0,0,0,0,0,SAXParserFactory
2,0.422684818,0.382626757,0,0,0,0,0,Object
1,0.2471637,0.445983692,0,0,0,0,0,Map
1,0.475941374,0.529337066,0,0,0,0,0,Node
0,0.360792028,0.51511148,0,0,0,0,0,Document
5,0.249015308,0,0,0,0,0,0,WebDriver
4,0.057637221,0,0,0,0,0,0,Assert
4,0,0,0,0,0,0,0,DefaultNode
3,0,0,0,0,0,0,0,DefaultRemoteProxy
8,0.30361185,0.306856646,0,0,1,0,0,Class
10,0.610152477,0.503171593,1,0,0,0,0,Driver
2,0,0,0,0,0,0,0,Dwebdriver
1,0.607352104,0.382058786,0,0,0,0,0,Properties
1,0.39491016,0.447498643,0,0,0,0,0,CallableStatement
0,0.189925299,0.46287683,0,0,0,0,0,File
5,0.007243024,0,0,0,0,0,0,ApplicationContextAware
4,0.135966766,0,0,0,0,0,0,Auto
4,0.339398853,0.517630442,0,0,0,0,0,BigInteger
3,0,0,0,0,0,0,0,ClassMode
3,0.269779401,0.394652218,0,0,0,0,0,Object
2,0.063122469,0,0,0,0,0,0,Bootstrap
2,0.269002112,0.411916288,0,0,0,0,0,Class
10,0.092330172,0.51276217,1,0,0,0.813492019,0,Connection
1,0.258950389,0.430492971,0,0,0,0,0,ArrayList
0,0,0,0,0,0,0,0,ClassRunner
5,0.2461244,0.425097766,0,0,0,0,0,ArrayList
4,0.277789798,0.415759456,0,0,0,0,0,Class
4,0.28190946,0.372879043,0,0,0,0,0,Object
3,0.186615166,0.547640057,0,0,0,0,0,BigDecimal
3,0.247531091,0.386433406,0,0,0,0,0,Arrays
2,0.193870521,0.502035983,0,0,0,0,0,BigInteger
2,0.21442262,0.515862329,0,0,0,0,0,Map
1,0.021279166,0,0,0,0,0,0,ApplicationContextAware
1,0.249131634,0.475806693,0,0,0,0,0,HashMap
0,0.197598992,0.486333863,0,0,0,0,0,File
10,0.361310355,0.568727073,1,0,0.801163302,0,0,CallableStatement
4,0.172773394,0.319528614,0,0,0,0,0,Object
4,0.260280616,0.411934117,0,0,0,0,0,HashMap
3,0.215096826,0.412795378,0,0,0,0,0,ArrayList
7,0.317809848,0.459903275,0,0,0,0.801163302,0,ResultSet
2,0.164857546,0.381327506,0,0,0,0,0,File
2,-0.003124018,0,0,0,0,0,0,Foo
1,0.200045001,0.38903456,0,0,0,0,0,Map
1,0.056635697,0.309098515,0,0,0,0,0,IOException
0,0.206275045,0.526767665,0,0,0,0,0,Connection
9,0.567073129,0.533242117,0,1,0,0,0,File
4,0.252310069,0.548137533,0,0,0,0,0,Configuration
4,0.127976763,0,0,0,0,0,0,ComponentScan
3,0.271571414,0.497316457,0,0,0,0,0,InputStream
3,0.269799398,0.463860972,0,0,0,0,0,Object
2,0.036728909,0,0,0,0,0,0,PackageManager
2,0.126199128,0,0,0,0,0,0,DispatcherServlet
1,0.199318373,0.448685509,0,0,0,0,0,Class
1,0.071997623,0.329012604,0,0,0,0,0,IOException
0,0.321703936,0,0,0,0,0,0,Create
9,0.305295524,0.425599037,0,1,0,0,0,KeyEvent
10,-0.017071873,0.411236636,1,0,0,0,0,Toolkit
4,0.046673629,0.512622772,0,0,0,0,0,Context
3,0.244990679,0.520759163,0,0,0,0,0,Action
3,0.210045602,0.348752704,0,0,0,0,0,Object
2,0.255641467,0.332536958,0,0,0,0,0,ActionListener
2,0.233312977,0.438893844,0,0,0,0,0,ActionEvent
1,0.330400147,0.516855617,0,0,0,0,0,Frame
1,0.357940919,0.464580003,0,0,0,0,0,JFrame
0,0.491298025,0.461716063,0,0,0,0,0,JButton
5,0.370445326,0,0,0,0,0,0,Paragraph
9,0.332957919,0.430187153,0,1,0,0,0,Document
4,0.346157176,0,0,0,0,0,0,Payment
3,0.235838728,0,0,0,0,0,0,BaseFont
3,0.05533568,0.310390373,0,0,0,0,0,IOException
2,0.178367983,0.359658124,0,0,0,0,0,FileOutputStream
2,0.137088344,0.373666198,0,0,0,0,0,ArrayList
1,0.281517595,0,0,0,0,0,0,PdfReader
10,0.232887825,0,1,0,0,0,0,PdfWriter
0,0.268675928,0.467874578,0,0,0,0,0,Font
5,0.633915771,0.448366979,0,0,0,0,0,File
10,0.49482231,0,1,0.862500209,0,0.855090703,0,FTPClient
4,0.33228971,0.360602266,0,0,0,0,0,InputStream
6,0.337334086,0.415381974,0,0,0,0,0.855090703,FileInputStream
3,0.19926772,0.292497413,0,0,0,0,0,IOException
2,0.31946785,0.366151484,0,0,0,0,0,FileOutputStream
2,0.308028838,0.323075877,0,0,0,0,0,OutputStream
1,0.206532978,0.366739778,0,0,0,0,0,ArrayList
1,0.283057687,0.39764019,0,0,0,0,0,BufferedReader
0,0.261863612,0,0,0,0,0,0,Cookie
5,0.624086743,0.507994348,0,0,0,0,0,File
4,0.328714211,0.437620423,0,0,0,0,0,InputStream
10,0.474130043,0,1,0,0.862500209,0.815571472,0,FTPClient
3,0.18113168,0.352749302,0,0,0,0,0,IOException
3,0.480689701,0.432528976,0,0,0,0,0,ArrayList
6,0.319566364,0.464396767,0,0,0,0,0.815571472,FileInputStream
2,0.268468368,0,0,0,0,0,0,Day
1,0.273203774,0.442078244,0,0,0,0,0,BufferedReader
1,0.289599013,0.405688296,0,0,0,0,0,OutputStream
0,0.2951219,0.396539795,0,0,0,0,0,FileOutputStream
5,0.354530598,0.334590051,0,0,0,0,0,InputStream
4,0.640978467,0.421789413,0,0,0,0,0,File
9,0.350187207,0.372044793,0,1,0,0,0,FileInputStream
3,0.215165757,0.247950811,0,0,0,0,0,IOException
10,0.52877684,0,1,0,0.855090703,0.815571472,0,FTPClient
2,0.238998123,0,0,0,0,0,0,Content
2,0.323517949,0.351603341,0,0,0,0,0,OutputStream
1,0.28309776,0.371996519,0,0,0,0,0,BufferedReader
1,0.150526356,0,0,0,0,0,0,Disposition
0,0.336551312,0.368366489,0,0,0,0,0,FileOutputStream
5,0.238001348,0.405926358,0,0,0,0,0,FileOutputStream
4,0.452466341,0,0,0,0,0,0,Workbook
4,0.352906395,0,0,0,0,0,0,Add
3,0.381813811,0,0,0,0,0,0,Cell
3,0.345358018,0.411981842,0,0,0,0,0,File
2,0.417479419,0,0,0,0,0,0,Sheet
2,0.098412834,0.306627641,0,0,0,0,0,IOException
1,0.303617269,0,0,0,0,0,0,Row
1,0.646486796,0.465833154,0,0,0,0,0,Document
0,0.241621232,0,0,0,0,0,0,XSSFSheet
5,0.507871971,0.56316525,0,0,0,0,0,Graphics
4,0.360571932,0.413606194,0,0,0,0,0,Point
4,0.410531533,0.460028054,0,0,0,0,0,JFrame
3,0.397635553,0.487873858,0,0,0,0,0,Color
3,0.763410984,0,0,0,0,0,0,Triangle
2,0.460953167,0.40309904,0,0,0,0,0,JPanel
2,0.326824216,0.430823137,0,0,0,0,0,ActionEvent
9,0.402737934,0.467536032,0,1,0,0,0,Dimension
1,0.278851394,0.358884992,0,0,0,0,0,Object
8,0.549983778,0.475783569,0,0,0.621775366,0,0,AffineTransform
5,0.445391159,0.49637585,0,0,0,0,0,BufferedImage
4,0.296314089,0.470226807,0,0,0,0,0,File
4,0.226159738,0.388122344,0,0,0,0,0,ImageIO
3,0.282292365,0.536395945,0,0,0,0,0,Graphics
3,-0.012158724,0.275510768,0,0,0,0,0,IOException
2,0.143526454,0.486222451,0,0,0,0,0,FileOutputStream
2,0.217308657,0.461477609,0,0,0,0,0,ByteBuffer
1,0.309956056,0.459778066,0,0,0,0,0,ArrayList
1,0.11734815,0,0,0,0,0,0,Gdx
0,0.28155249,0.433344892,0,0,0,0,0,Object
5,0.206158437,0.352185666,0,0,0,0,0,InputStream
4,0.250439711,0.526600805,0,0,0,0,0,Locale
4,0.0962591,0.261441248,0,0,0,0,0,IOException
3,0.371950515,0.41427501,0,0,0,0,0,Class
3,0.336316787,0.410394195,0,0,0,0,0,File
2,0.769655367,0,0,0,0,0,0,Bundle
2,0.321256743,0,0,0,0,0,0,Activate
10,0.405798496,0.608559653,1,0,0,0,0,ResourceBundle
1,0.283872846,0.394666791,0,0,0,0,0,Object
0,0.233099628,0,0,0,0,0,0,Add
10,0.627528964,0.530364255,1,0,0,0,0,Class
9,0.605615165,0.544049746,0,1,0,0,0,Method
4,0.38033181,0.513891749,0,0,0,0,0,Object
3,0.202441241,0,0,0,0,0,0,Test
3,0.204629538,0,0,0,0,0,0,Foo
2,0.218107501,0.519037265,0,0,0,0,0,Map
2,0.308576093,0.507180959,0,0,0,0,0,ArrayList
1,0.125508732,0,0,0,0,0,0,ClassA
1,0.15772276,0.485141758,0,0,0,0,0,File
0,0.276812633,0.515636701,0,0,0,0,0,HashMap
8,0.682618807,0.594672918,0,0,1,0,0,Object
9,0.679580722,0.614669668,0,1,0,0,0.784835429,Method
10,0.510732602,0.646507832,1,0,0,0.784835429,0,Class
3,0.488831822,0.538854147,0,0,0,0,0,ArrayList
3,0.188755248,0,0,0,0,0,0,Foo
2,0.197104465,0,0,0,0,0,0,Test
2,0.323169108,0.595049897,0,0,0,0,0,Map
1,0.203328803,0,0,0,0,0,0,MyClass
1,0.458666915,0.575354513,0,0,0,0,0,HashMap
0,0.436182114,0.49270277,0,0,0,0,0,Arrays
10,0.739450503,0.646674756,1,0,0.784835429,0,0,Class
6,0.492340789,0.632764153,0,0,0,0,0.784835429,Object
4,0.57597251,0.5852589,0,0,0,0,0,ArrayList
9,0.708799949,0.571130412,0,1,0,0.784835429,0,Method
3,0.443879355,0.565984265,0,0,0,0,0,Map
2,0.215664681,0,0,0,0,0,0,Test
2,0.505240048,0.589660197,0,0,0,0,0,Arrays
1,0.21855385,0,0,0,0,0,0,Foo
1,0.560495619,0.589951016,0,0,0,0,0,Collections
0,0.219397823,0,0,0,0,0,0,MyClass
5,0.238954481,0.294365584,0,0,0,0,0,Location
4,0.009892789,0,0,0,0,0,0,ActionSupport
4,0.285399181,0.340901273,0,0,0,0,0,InputStream
3,0.424020127,0.601506446,0,0,0,0,0,HttpURLConnection
3,0.063394883,0.26240449,0,0,0,0,0,IOException
2,0.308334701,0.519724889,0,0,0,0,0,Context
10,0.517694686,0,1,0,0,0,0,HttpServletRequest
1,0.350936876,0,0,0,0,0,0,RestTemplate
9,0.468339841,0,0,1,0,0,0,HttpServletResponse
0,0.284672001,0.397223059,0,0,0,0,0,Object
7,0.446656836,0,0,0,0,0.747927097,0,HttpServletRequest
10,0.525463376,0,1,0,0,0,0,HttpSession
4,0.226290893,0.387615791,0,0,0,0,0,Filter
3,0.050733139,0.311805517,0,0,0,0,0,IOException
3,0.405008131,0.444344911,0,0,0,0,0,Object
2,0.250274117,0.463339311,0,0,0,0,0,Map
2,0.378377315,0.49126315,0,0,0,0,0,ArrayList
1,0.634787112,0.451339284,0,0,0,0,0,Set
8,0.38524831,0,0,0,1,0,0,HttpServletResponse
0,0.395306875,0.484817992,0,0,0,0,0,HashMap
10,0.512505611,0,1,0,0,0,0,HttpServletRequest
4,0.090446745,0.286209785,0,0,0,0,0,IOException
4,0.471182616,0,0,0,0,0,0,HttpServletResponse
3,0.219565233,0,0,0,0,0,0,ServletException
3,0.474327563,0,0,0,0,0,0,HttpServlet
2,0.301323395,0.407110129,0,0,0,0,0,Map
2,0.275536738,0.350927842,0,0,0,0,0,Filter
1,0.356650535,0.404556598,0,0,0,0,0,Object
1,0.296992009,0.424193937,0,0,0,0,0,Class
0,0.370751122,0,0,0,0,0,0,RequestMapping
8,0.432574802,0.658328175,0,0,1,0,0,ResultSet
4,0.334831963,0.41330555,0,0,0,0,0,ArrayList
10,0.615226099,0.618640953,1,0,0,0,0,Connection
3,0.219580506,0.392209245,0,0,0,0,0,Class
3,0.283270846,0.560631856,0,0,0,0,0,Driver
2,0.212681769,0.500687236,0,0,0,0,0,DriverManager
2,0.109862518,0.285064477,0,0,0,0,0,IOException
1,0.167989318,0.463806598,0,0,0,0,0,SQLException
1,0.306901388,0.427888728,0,0,0,0,0,Object
0,0.228022135,0,0,0,0,0,0,Jsoup
5,0.137688121,0.500068196,0,0,0,0,0,File
4,0.355486757,0.400017112,0,0,0,0,0,Document
4,0.27130569,0,0,0,0,0,0,Store
3,0.267306966,0,0,0,0,0,0,Hibernate
3,0.34224548,0.432200969,0,0,0,0,0,ArrayList
2,0.388686478,0,0,0,0,0,0,Term
2,0.276642605,0.332290886,0,0,0,0,0,Object
1,0.314229317,0,0,0,0,0,0,Analyzer
1,0.251304592,0.430050235,0,0,0,0,0,Map
0,0.296218607,0.436500271,0,0,0,0,0,HashMap
10,0.716970725,0.361366232,1,0,0,0,0,Query
4,0.148952847,0,0,0,0,0,0,Occur
4,0.391758287,0,0,0,0,0,0,Term
3,0.466478007,0,0,0,0,0,0,BooleanQuery
3,0,0,0,0,0,0,0,CharArraySet
2,0.224531663,0.297852843,0,0,0,0,0,Object
2,0.040539594,0,0,0,0,0,0,ComboPooledDataSource
1,0.212217401,0.279520839,0,0,0,0,0,ArrayList
1,0.324825136,0.374553005,0,0,0,0,0,Map
0,0.124343538,0.253557088,0,0,0,0,0,Class
7,0.409500366,0.317145436,0,0,0,0.738200947,0,Query
4,0.425042119,0,0,0,0,0,0,Term
4,0.351125483,0,0,0,0,0,0,Analyzer
6,0.442780265,0,0,0,0,0,0.738200947,QueryParser
3,0.347606414,0,0,0,0,0,0,StandardAnalyzer
2,0.239937419,0.298376063,0,0,0,0,0,ArrayList
2,0.11514405,0,0,0,0,0,0,Occur
1,0.12476431,0.248357026,0,0,0,0,0,Object
1,0.327607382,0,0,0,0,0,0,TermQuery
0,0.258011988,0.298770247,0,0,0,0,0,HashMap
5,0.702987065,0.405917873,0,0,0,0,0,Object
4,0.519816374,0.406391021,0,0,0,0,0,ArrayList
4,0.427010399,0.408817576,0,0,0,0,0,Map
3,0.512314925,0,0,0,0,0,0,Gson
3,0.543400961,0,0,0,0,0,0,JSONObject
2,0.081517736,0.266238609,0,0,0,0,0,IOException
2,0.56827093,0,0,0,0,0,0,JSONArray
1,0.419608147,0.385804391,0,0,0,0,0,Class
1,0.50613545,0.43628993,0,0,0,0,0,HashMap
0,0.309550911,0.441983682,0,0,0,0,0,File
5,0.54796709,0,0,0,0,0,0,ObjectMapper
4,0.554146153,0,0,0,0,0,0,Gson
4,0.068282589,0.277306783,0,0,0,0,0,IOException
3,0.418667227,0.421917273,0,0,0,0,0,Map
3,0.729430272,0.416467743,0,0,0,0,0,Object
2,0.385804661,0.537536729,0,0,0,0,0,ObjectOutputStream
2,0.5258995,0.414250641,0,0,0,0,0,ArrayList
1,0.553458066,0,0,0,0,0,0,JSONObject
1,0.432536131,0.533800963,0,0,0,0,0,Serializable
0,0.517981272,0.434503989,0,0,0,0,0,HashMap
5,0.279834835,0.386799924,0,0,0,0,0,Class
4,0.188647078,0.387679032,0,0,0,0,0,ArrayList
4,0.464113785,0,0,0,0,0,0,AfterClass
3,0.755561459,0,0,0,0,0,0,Test
3,0.159139785,0.411278995,0,0,0,0,0,Object
2,0,0,0,0,0,0,0,BlockJUnit
2,0.44975024,0,0,0,0,0,0,BeforeClass
1,0.418900896,0,0,0,0,0,0,RunWith
1,0,0,0,0,0,0,0,ClassRunner
0,0.180144355,0.326054461,0,0,0,0,0,Arrays
10,0.678387131,0.426656012,1,0,0,0,0,File
4,0.372232674,0.42767627,0,0,0,0,0,ArrayList
4,0.12387793,0.259782491,0,0,0,0,0,IOException
9,0.354206984,0.414669758,0,1,0,0,0,FileInputStream
3,0.320340558,0.406592464,0,0,0,0,0,BufferedReader
2,0.349460331,0.328523291,0,0,0,0,0,InputStream
2,0.300955977,0.296130523,0,0,0,0,0,Object
1,0.320456632,0.525930076,0,0,0,0,0,Map
1,0.276637771,0.377601581,0,0,0,0,0,FileReader
0,0.690001169,0.466282618,0,0,0,0,0,Comparator
10,0.314464284,0.561556479,1,0,0,0.730452098,0,Document
9,0.222771276,0.446499827,0,1,0,0,0.730452098,Element
8,0.727138803,0.554525088,0,0,1,0,0,Comment
3,0.237718107,0.440006776,0,0,0,0,0,DocumentBuilderFactory
3,0.216570725,0.400921092,0,0,0,0,0,File
2,0.034200839,0.549468349,0,0,0,0,0,Binder
2,0.112995672,0.335212253,0,0,0,0,0,Object
1,0.381706798,0.418305967,0,0,0,0,0,DocumentBuilder
1,0.225536844,0.377920631,0,0,0,0,0,ArrayList
0,0.011038993,0.23390955,0,0,0,0,0,IOException
10,0.313266105,0.481612694,1,0,0,0,0.655074899,Element
8,0.397857764,0.519848124,0,0,1,0.655074899,0,Document
4,0.431669084,0.467982518,0,0,0,0,0,DocumentBuilder
3,0.347864844,0.507146466,0,0,0,0,0,DocumentBuilderFactory
3,0.28107599,0.368937352,0,0,0,0,0,ArrayList
2,0.28941589,0.297628535,0,0,0,0,0,Object
2,0.211006564,0.424491668,0,0,0,0,0,StreamResult
1,0.257906933,0.374997907,0,0,0,0,0,File
1,0.236835629,0.331529049,0,0,0,0,0,Map
0,0.076211866,0.418888737,0,0,0,0,0,JFrame
5,0.619436604,0.57550218,0,0,0,0,0,File
4,0.082089156,0.28426047,0,0,0,0,0,IOException
4,0.288283903,0.513316481,0,0,0,0,0,FileOutputStream
10,0.26543339,0.598215218,1,0,0,0,0,FileChannel
9,0.274008576,0.683550567,0,1,0,0,0,FileLock
2,0.27717388,0.398779559,0,0,0,0,0,Object
2,0.28744553,0.482008448,0,0,0,0,0,ArrayList
1,0.412221567,0.509956062,0,0,0,0,0,ReentrantLock
1,0.209772424,0.435521899,0,0,0,0,0,Class
0,0.156412879,0.464887454,0,0,0,0,0,Button
5,0.242833651,0.328729783,0,0,0,0,0,Object
4,0.572294418,0,0,0,0,0,0,Java
4,0.230856647,0.3259742,0,0,0,0,0,Class
3,0.187498031,0.361432917,0,0,0,0,0,ArrayList
3,0,0,0,0,0,0,0,CommonTokenStream
2,0,0,0,0,0,0,0,ANTLRStringStream
2,0.150671347,0.21865105,0,0,0,0,0,IOException
1,0.262016282,0.350787426,0,0,0,0,0,File
1,0.144862387,0.386600479,0,0,0,0,0,Map
0,0.281189183,0.540727715,0,0,0,0,0,StringTokenizer
10,0.696763357,0.599639652,1,0,0,0.651398712,0,Document
8,0.674713533,0.627535484,0,0,1,0,0,Element
4,0.527772606,0.637268068,0,0,0,0,0,Node
3,0.398610765,0.54350967,0,0,0,0,0,DocumentBuilder
3,0.325289731,0.554984952,0,0,0,0,0,DocumentBuilderFactory
9,0.53206048,0.591129822,0,1,0,0,0,NodeList
2,0.121445421,0.536785062,0,0,0,0,0,DOMSource
1,0.331576117,0.458142252,0,0,0,0,0,File
1,0.434759487,0.468970262,0,0,0,0,0,Object
0,0.220819411,0.430399598,0,0,0,0,0,Transformer
10,0.323450082,0.605582656,1,0,0,0.680178292,0,Document
6,0.444592025,0.62055036,0,0,0,0,0.680178292,Element
4,0.327509339,0.434861911,0,0,0,0,0,NodeList
3,0.090220107,0.391535317,0,0,0,0,0,DOMSource
3,0.386444451,0.452820847,0,0,0,0,0,Object
2,0.349341712,0.552803928,0,0,0,0,0,Node
2,0.400130474,0.48977515,0,0,0,0,0,ArrayList
1,0.213775729,0.478344475,0,0,0,0,0,DocumentBuilderFactory
1,0.213912762,0.499030274,0,0,0,0,0,File
0,0.300734355,0.429191266,0,0,0,0,0,XmlRootElement
10,0.287543365,0.515714495,1,0,0,0,0,Document
4,0.181048889,0,0,0,0,0,0,ServletContext
4,0.223400128,0.501055353,0,0,0,0,0,Context
7,0.23369673,0.547603511,0,0,0,0.648091439,0,Element
3,0.2385553,0.457044977,0,0,0,0,0,File
2,0.280279547,0.391816908,0,0,0,0,0,Object
2,0.149663491,0,0,0,0,0,0,Consumes
1,0.242375774,0.41288383,0,0,0,0,0,ArrayList
1,0.014464453,0.273263953,0,0,0,0,0,IOException
0,0.109993865,0,0,0,0,0,0,WebServlet
5,0.284228826,0.339899462,0,0,0,0,0,InputStream
4,0.305946596,0.400576488,0,0,0,0,0,File
10,0.456980416,0.462741855,1,0,0,0,0,BufferedImage
3,0.17173098,0,0,0,0,0,0,Base
6,0.243678319,0.332867944,0,0,0,0,0.692779232,ImageIO
2,-0.052855499,0.214441516,0,0,0,0,0,IOException
2,0.685467633,0.375174833,0,0,0,0,0,Image
8,0.289885616,0.546981653,0,0,1,0,0,Graphics
1,0.315103103,0.487258483,0,0,0,0,0,Document
7,0.134759683,0.415944461,0,0,0,0.692779232,0,FileOutputStream
5,0.337279099,0.576940366,0,0,0,0,0,Graphics
4,0.452032447,0.517943754,0,0,0,0,0,JFrame
4,0.16889,0.407799105,0,0,0,0,0,ActionEvent
9,0.297862213,0.353259245,0,1,0,0,0,Dimension
6,0.470663476,0.462336514,0,0,0,0,0.681760575,BufferedImage
2,0.421434343,0.388037177,0,0,0,0,0,JPanel
2,0.279383083,0.407660931,0,0,0,0,0,File
1,0.327250875,0.383331634,0,0,0,0,0,Color
1,0.530331599,0.431148502,0,0,0,0,0,ImageView
10,0.216842691,0.253792296,1,0,0,0,0,ImageIO
5,0.180413454,0,0,0,0,0,0,American
9,0.736210829,0.545502445,0,1,0,0,0,Font
4,0.38671042,0,0,0,0,0,0,BitmapFont
3,0.376867498,0,0,0,0,0,0,Antialiasing
3,0.423742748,0,0,0,0,0,0,Bold
2,0.659194602,0.407524637,0,0,0,0,0,File
2,0.410778058,0.379483792,0,0,0,0,0,Color
1,0.111812275,0.186117731,0,0,0,0,0,IOException
10,0.295915065,0.307297588,1,0,0,0,0,InputStream
0,0.17894868,0.275859594,0,0,0,0,0,Object
7,0.705386205,0.615280794,0,0,0,0.811192582,0,Socket
4,0.40642083,0.42622143,0,0,0,0,0,BufferedReader
4,0.260776258,0.289848324,0,0,0,0,0,IOException
3,0.334061196,0.425586697,0,0,0,0,0,Connection
3,0.684954885,0,0,0,0,0,0,Server
9,0.238099603,0.49242814,0,1,0,0,0,InetSocketAddress
2,0.415147528,0.471540715,0,0,0,0,0,InputStream
1,0.226096501,0.465655953,0,0,0,0,0,File
10,0.571084723,0.682569781,1,0,0.811192582,0,0,ServerSocket
0,0.252308919,0.489463822,0,0,0,0,0,SSLContext
10,0.688388047,0.591949488,1,0,0,0,0,Map
9,0.455147847,0.620071969,0,1,0,0,0,Comparator
8,0.534723511,0.597542405,0,0,1,0,0,HashMap
3,0.4491242,0.537554967,0,0,0,0,0,ArrayList
3,0.502584009,0.632679999,0,0,0,0,0,TreeMap
2,0.458482241,0.531188301,0,0,0,0,0,Collections
2,0.468972548,0.449185798,0,0,0,0,0,Object
1,0.44037143,0.534451372,0,0,0,0,0,Arrays
1,0.19820362,0.4965997,0,0,0,0,0,Set
0,0.255083898,0.454090434,0,0,0,0,0,Class
6,0.642237596,0.52236366,0,0,0,0,0.609484451,File
10,0.686692213,0.633062429,1,0,0,0,0,Properties
4,0.312909028,0.383886302,0,0,0,0,0,InputStream
3,0.321403094,0.450854054,0,0,0,0,0,FileInputStream
3,0.280195551,0.434829934,0,0,0,0,0,ArrayList
2,0.336150572,0.524783424,0,0,0,0,0,Document
2,0.070783043,0.253751705,0,0,0,0,0,IOException
1,0.285082425,0.397035193,0,0,0,0,0,Map
1,0.276063462,0.377422129,0,0,0,0,0,Object
0,0.191309174,0.451482161,0,0,0,0,0,DocumentBuilderFactory
8,0.320896867,0.436587111,0,0,1,0,0,Object
4,0.253618589,0.407309027,0,0,0,0,0,ArrayList
4,0.29838898,0.38600271,0,0,0,0,0,Class
3,0.269469798,0.454762105,0,0,0,0,0,Map
3,0.575155049,0,0,0,0,0,0,Java
2,0.266151555,0.408141127,0,0,0,0,0,File
2,0.214679821,0,0,0,0,0,0,Test
1,0.284669612,0.389367452,0,0,0,0,0,Method
1,0.014350129,0.253053058,0,0,0,0,0,IOException
0,0.276922114,0.453604099,0,0,0,0,0,HashMap
10,0.498561358,0.502081151,1,0,0,0.652965212,0,BufferedImage
4,0.709783077,0.472427204,0,0,0,0,0,View
4,0.729406425,0.485133451,0,0,0,0,0,Image
9,0.25045618,0.294598624,0,1,0,0,0,ImageIO
3,0.344787343,0.461477638,0,0,0,0,0,File
2,0.562285707,0.537161809,0,0,0,0,0,ImageView
2,0.302563093,0.316435027,0,0,0,0,0,Object
1,0.149943723,0,0,0,0,0,0,Bundle
1,0.297204526,0.370663907,0,0,0,0,0,ArrayList
0,-0.012006977,0.241442636,0,0,0,0,0,IOException
5,0.297213091,0.425912961,0,0,0,0,0,File
4,0.46777144,0.445594543,0,0,0,0,0,BufferedImage
4,0.04807378,0,0,0,0,0,0,Auto
3,0.27565238,0.403434843,0,0,0,0,0,Color
3,0.33312887,0,0,0,0,0,0,Device
2,0.114485198,0.456329404,0,0,0,0,0,Pattern
2,0.225619874,0.362274362,0,0,0,0,0,Object
1,0.102862161,0.270365851,0,0,0,0,0,IOException
1,0.173835549,0.455809426,0,0,0,0,0,AlphaComposite
0,0.228948975,0.365221561,0,0,0,0,0,ArrayList
5,0.798886188,0.606805151,0,0,0,0,0,Graphics
4,0.509954854,0.507210331,0,0,0,0,0,Color
4,0.525667062,0.454047525,0,0,0,0,0,JFrame
3,0.590939837,0.444451735,0,0,0,0,0,JPanel
10,0.642409519,0.526500058,1,0,0,0.67773103,0,AffineTransform
2,0.491700444,0.401964973,0,0,0,0,0,Dimension
2,0.556905748,0.448138047,0,0,0,0,0,BufferedImage
1,0.225724721,0.454935153,0,0,0,0,0,RenderingHints
1,0.393679581,0.346016691,0,0,0,0,0,Object
0,0.426339492,0.429487652,0,0,0,0,0,ArrayList
5,0.322725678,0.519717663,0,0,0,0,0,File
4,0.071080502,0.315655295,0,0,0,0,0,IOException
8,0.456782087,0.539861493,0,0,1,0,0,BufferedImage
9,0.258803794,0.371911299,0,1,0,0,0,ImageIO
10,0.216454537,0.517008178,1,0,0,0,0,FileOutputStream
2,0.640989004,0.416626118,0,0,0,0,0,Image
2,0.322066821,0.501918957,0,0,0,0,0,JFrame
1,0.297290246,0.530218586,0,0,0,0,0,BufferedReader
1,0.279057669,0.40349582,0,0,0,0,0,Object
0,0.259855613,0.489146447,0,0,0,0,0,FileWriter
5,0.639412503,0.445560092,0,0,0,0,0,File
4,0.307710986,0.540793727,0,0,0,0,0,Attributes
4,0.421966895,0.610176563,0,0,0,0,0,InputSource
3,0.484556951,0.579860955,0,0,0,0,0,SAXException
3,0.406917393,0.466690256,0,0,0,0,0,Document
2,0.246864463,0.549265569,0,0,0,0,0,Element
2,0.180813707,0.274299605,0,0,0,0,0,IOException
1,0.286487719,0.344252731,0,0,0,0,0,ArrayList
8,0.446292369,0.397343304,0,0,1,0,0,DefaultHandler
0,0.335550402,0.415989103,0,0,0,0,0,SimpleDateFormat
5,0.43893795,0.558783162,0,0,0,0,0,ArrayList
4,0.245806314,0.550800184,0,0,0,0,0,XmlAttribute
9,0.704654481,0.631620028,0,1,0,0,0.864419718,Element
3,0.488026311,0.422614458,0,0,0,0,0,Object
3,0.320686796,0.474880678,0,0,0,0,0,Marshaller
2,0.153981211,0.506736854,0,0,0,0,0,XmlValue
2,0.299861864,0.49729252,0,0,0,0,0,XmlRootElement
1,0.337948648,0.511419218,0,0,0,0,0,XmlElement
1,0.242154666,0.52940207,0,0,0,0,0,JFrame
0,0.396753982,0.427149521,0,0,0,0,0,Arrays
9,0.713940936,0.591567118,0,1,0,0,0.864419718,Element
10,0.408470323,0.609094924,1,0,0,0.864419718,0,Document
4,0.702771841,0.597479857,0,0,0,0,0,Node
3,0.434538613,0.539828904,0,0,0,0,0,ArrayList
3,0.389319259,0.526914337,0,0,0,0,0,NodeList
2,0.481450992,0.401813709,0,0,0,0,0,Object
2,0.291926373,0.512694862,0,0,0,0,0,JFrame
1,0.077931778,0.430328315,0,0,0,0,0,DocumentBuilderFactory
1,0.371520657,0.425541291,0,0,0,0,0,JPanel
0,0.307979605,0.454829819,0,0,0,0,0,File
10,0.389483644,0.63272503,1,0,0,0.736620613,0,Document
9,0.497386616,0.531561892,0,1,0,0,0,Element
4,0.644656072,0.57109107,0,0,0,0,0,Node
8,0.678321403,0.529901723,0,0,1,0,0,Comment
3,0.304367633,0.434975106,0,0,0,0,0,File
2,0.074720789,0.384363767,0,0,0,0,0,StreamResult
2,0.224679844,0.417028308,0,0,0,0,0,Class
1,0.347496292,0.364996502,0,0,0,0,0,Object
1,0.069765498,0,0,0,0,0,0,Admin
0,0.008461837,0.246668727,0,0,0,0,0,IOException
5,0.662588742,0.606293008,0,0,0,0,0,Element
4,0.228753647,0.496470037,0,0,0,0,0,JFrame
4,0.448165148,0,0,0,0,0,0,WebElement
3,0.449094471,0.447280647,0,0,0,0,0,Object
3,0.301458168,0.511612168,0,0,0,0,0,JScrollPane
2,0.398722975,0.498068935,0,0,0,0,0,ArrayList
2,0,0.47568677,0,0,0,0,0,XPathConstants
1,0.292784284,0.416507256,0,0,0,0,0,Color
1,0.518393513,0.560817514,0,0,0,0,0,Node
0,0.062430507,0.424889748,0,0,0,0,0,MouseAdapter
10,0.650357496,0.492026372,1,0,0,0,0,XMLStreamReader
4,0.261573722,0.348200929,0,0,0,0,0,Object
4,0.129178739,0,0,0,0,0,0,ClasspathResource
3,0,0.428985766,0,0,0,0,0,XMLResolver
3,0.412441149,0.473100815,0,0,0,0,0,Document
2,0.357155974,0.339862325,0,0,0,0,0,XMLStreamException
9,0.147831233,0.437055638,0,1,0,0,0,XMLInputFactory
1,0,0,0,0,0,0,0,ContentDriver
1,0.20119679,0.578166642,0,0,0,0,0,Element
0,0,0,0,0,0,0,0,CustomResolver
5,0.54796709,0,0,0,0,0,0,ObjectMapper
4,0.554146153,0,0,0,0,0,0,Gson
4,0.068282589,0.277306783,0,0,0,0,0,IOException
3,0.418667227,0.421917273,0,0,0,0,0,Map
3,0.729430272,0.416467743,0,0,0,0,0,Object
2,0.385804661,0.537536729,0,0,0,0,0,ObjectOutputStream
2,0.5258995,0.414250641,0,0,0,0,0,ArrayList
1,0.553458066,0,0,0,0,0,0,JSONObject
1,0.432536131,0.533800963,0,0,0,0,0,Serializable
0,0.517981272,0.434503989,0,0,0,0,0,HashMap
5,0.674318932,0.425017221,0,0,0,0,0,ArrayList
4,0.556707461,0,0,0,0,0,0,JSONObject
4,0.593654878,0,0,0,0,0,0,JSONArray
3,0.518763019,0,0,0,0,0,0,Gson
3,0.115804505,0.244653969,0,0,0,0,0,IOException
2,0.492271441,0.399756511,0,0,0,0,0,Object
2,0.428664848,0.370690429,0,0,0,0,0,Map
1,0.305993654,0.432499969,0,0,0,0,0,Scanner
1,0.746390822,0.390939719,0,0,0,0,0,Arrays
0,0.340251553,0.432302364,0,0,0,0,0,File
10,0.335909255,0.526067164,1,0,0,0.736620613,0,Document
4,0.227571841,0.414079938,0,0,0,0,0,DocumentBuilderFactory
4,0.220387512,0.286440335,0,0,0,0,0,Elements
3,0.690442788,0.537062768,0,0,0,0,0,Comment
3,0.228002646,0.399585448,0,0,0,0,0,File
2,0.053244855,0,0,0,0,0,0,Accept
2,0.134621247,0,0,0,0,0,0,Auto
6,0.220387512,0.47899914,0,0,0,0,0.736620613,Element
1,0.002643112,0.325470897,0,0,0,0,0,IOException
0,0.047184379,0.299628614,0,0,0,0,0,BufferedInputStream
8,0.402096412,0.554090938,0,0,1,0,0,XmlElement
4,0.498762008,0.490604897,0,0,0,0,0,Map
4,0.337552628,0.480170876,0,0,0,0,0,XmlRootElement
3,0.314807556,0.489046206,0,0,0,0,0,QName
3,0.472609932,0.445780776,0,0,0,0,0,Object
2,0.688261978,0.504871593,0,0,0,0,0,HashMap
2,0.547697675,0.441987108,0,0,0,0,0,ArrayList
10,0.432534082,0.591637654,1,0,0,0,0.67200427,JAXBContext
1,0.693059239,0.547661608,0,0,0,0,0,Properties
0,0,0.57706231,0,0,0,0,0,XmlAnyAttribute
5,0.588418258,0.451586533,0,0,0,0,0,File
4,0.061995431,0.271900092,0,0,0,0,0,IOException
4,0.263510633,0.354859518,0,0,0,0,0,InputStream
3,0.252916082,0.41620678,0,0,0,0,0,FileOutputStream
3,0.598033511,0,0,0,0,0,0,Base
6,0.265295205,0.378887435,0,0,0,0,0.69955778,FileInputStream
2,0.275309012,0.407021737,0,0,0,0,0,ArrayList
1,0.158813223,0.323349036,0,0,0,0,0,Class
1,0.249781648,0.387926507,0,0,0,0,0,Object
0,0.148317052,0,0,0,0,0,0,HttpServletRequest
5,0.530914796,0.534134713,0,0,0,0,0,Graphics
4,0.448303391,0.503824837,0,0,0,0,0,Color
4,0.393763125,0.464118204,0,0,0,0,0,JFrame
3,0.481806174,0.433288711,0,0,0,0,0,JPanel
8,0.74171729,0.602359452,0,0,1,0,0,Shape
2,0.427557025,0.375003266,0,0,0,0,0,Dimension
9,0.658257097,0.449425189,0,1,0,0,0.67773103,Rectangle
1,0.645322565,0,0,0,0,0,0,Ellipse
1,0.236271158,0.253398944,0,0,0,0,0,SwingUtilities
0,0.493300633,0.464070299,0,0,0,0,0,BufferedImage
5,0.792186165,0,0,0,0,0,0,Ellipse
4,0.25890393,0.41107703,0,0,0,0,0,TransformerFactory
4,0.195194239,0.381369288,0,0,0,0,0,StreamResult
8,0.608395321,0.551346487,0,0,1,0.647805451,0,AffineTransform
3,0.720114299,0.422495861,0,0,0,0,0,Transformer
2,0.274850146,0.288526686,0,0,0,0,0,Dimension
2,0.447144178,0.544139393,0,0,0,0,0,Graphics
1,0.087534743,0.266744889,0,0,0,0,0,Function
1,0.259556649,0.338325471,0,0,0,0,0,JFrame
0,0.720114299,0.337873417,0,0,0,0,0,Transform
5,0.303896009,0.439170978,0,0,0,0,0,File
4,0.04189382,0.209534082,0,0,0,0,0,IOException
4,0.442261774,0.4137662,0,0,0,0,0,BufferedImage
8,0.231689176,0.266318346,0,0,1,0,0.73264744,ImageIO
3,0.311890247,0.366235772,0,0,0,0,0,Color
2,0.233154663,0.405855135,0,0,0,0,0,FileWriter
2,0.276533497,0.386833444,0,0,0,0,0,JFrame
7,0.169722037,0.463970575,0,0,0,0.73264744,0,FileOutputStream
1,0.651171672,0.396858341,0,0,0,0,0,Image
0,0.281105095,0.40520212,0,0,0,0,0,ArrayList
5,0.709766483,0.528114818,0,0,0,0,0,Color
4,0.409240331,0.479777541,0,0,0,0,0,JFrame
4,0.547115617,0.564166936,0,0,0,0,0,JLabel
3,0.091331231,0,0,0,0,0,0,Application
3,0.240994436,0.381250932,0,0,0,0,0,ActionEvent
2,0.452153979,0.419561493,0,0,0,0,0,JPanel
2,0.314186681,0.376965637,0,0,0,0,0,ActionListener
1,-0.089464601,0.253742757,0,0,0,0,0,IOException
1,0.213962682,0.311068954,0,0,0,0,0,Object
0,0.056969147,0.326257201,0,0,0,0,0,SwingUtilities
6,0.419263419,0.581508156,0,0,0,0,0.706153341,Graphics
10,0.512672868,0.450500596,1,0,0,0,0,BufferedImage
4,0.388505316,0.401849029,0,0,0,0,0,Color
3,0.354130311,0.470609718,0,0,0,0,0,JFrame
3,0.330584134,0.372527059,0,0,0,0,0,File
8,0.264814683,0.267142778,0,0,1,0,0,ImageIO
2,0.06264015,0.207385107,0,0,0,0,0,IOException
1,0.419332783,0.366875216,0,0,0,0,0,JPanel
1,0.35180967,0.366847812,0,0,0,0,0,ArrayList
0,0.730307779,0.435833206,0,0,0,0,0,Image
7,0.473119982,0,0,0,0,1,0,Message
4,0.252388479,0.501631995,0,0,0,0,0,Desktop
4,0.5334266,0.393715247,0,0,0,0,0,Socket
3,0.291905053,0.183794634,0,0,0,0,0,IOException
3,0.12663245,0.360137723,0,0,0,0,0,Object
2,0.620199757,0,0,0,0,0,0,MimeMessage
2,0.260265297,0.253285266,0,0,0,0,0,InputStream
1,0.741977117,0,0,0,0,0,0,Client
10,0.302411444,0,1,0,0,0,0,Session
0,0.097168707,0.260590907,0,0,0,0,0,ArrayList
6,0.451635584,0,0,0,0,0,1,Message
4,0.243127229,0.459262686,0,0,0,0,0,Desktop
4,0.500867891,0.377133625,0,0,0,0,0,Socket
3,0.278575081,0.175391295,0,0,0,0,0,IOException
3,0.11841335,0.347238839,0,0,0,0,0,Object
2,0.583837252,0,0,0,0,0,0,MimeMessage
2,0.230888852,0.257773952,0,0,0,0,0,InputStream
1,0.722448165,0,0,0,0,0,0,Client
9,0.311076409,0,0,1,0,0,0,Session
0,0.08639656,0.267752615,0,0,0,0,0,ArrayList
5,0.195851951,0.19855856,0,0,0,0,0,Object
7,0.197075354,0,0,0,0,1,0,Session
4,0.472973938,0,0,0,0,0,0,MimeMessage
3,0.250062034,0.449007255,0,0,0,0,0,JTable
3,0.401901071,0,0,0,0,0,0,Content
2,0.25213244,0.409446244,0,0,0,0,0,JScrollPane
9,0.478447915,0,0,1,0,0,0,Message
1,0.176891808,0.285083447,0,0,0,0,0,Properties
1,0.191302001,0,0,0,0,0,0,InternetAddress
0,0.093301965,0.159336036,0,0,0,0,0,IOException
8,0.09158889,0,0,0,1,0,0,PdfContentByte
4,0.39673444,0.451117076,0,0,0,0,0,Document
10,0.316220219,0,1,0,0,0.731627342,0,PdfReader
3,-0.005017291,0.224253251,0,0,0,0,0,IOException
3,0.250249139,0.440674025,0,0,0,0,0,ArrayList
2,0.234584414,0.361623797,0,0,0,0,0,FileOutputStream
2,0.303015665,0.403869089,0,0,0,0,0,File
1,0.182825865,0,0,0,0,0,0,DocumentException
1,0.207087207,0.293604833,0,0,0,0,0,Object
0,0.151576429,0.282147708,0,0,0,0,0,Query
10,0.670683747,0.559934571,1,0,0,0,0,Document
4,0.230382673,0.389953058,0,0,0,0,0,FileOutputStream
4,0.376569307,0.458968281,0,0,0,0,0,Entity
3,0,0,0,0,0,0,0,AddAnnotation
3,0.350033384,0.431436689,0,0,0,0,0,File
2,0,0,0,0,0,0,0,Acct
2,0.260963421,0.40715589,0,0,0,0,0,AffineTransform
1,0.004797886,0.273261867,0,0,0,0,0,IOException
1,0.299689639,0.359308284,0,0,0,0,0,Object
0,0.247320968,0,0,0,0,0,0,Column
5,0.485373685,0.525800628,0,0,0,0,0,BufferedImage
8,0.666848449,0.437792651,0,0,1,0,0,Image
4,0.303354002,0.312460064,0,0,0,0,0,ImageIO
3,0.298908254,0.384661119,0,0,0,0,0,File
3,0,0,0,0,0,0,0,BaseColor
2,0.432779341,0.581270845,0,0,0,0,0,Graphics
2,0.11726044,0.224305105,0,0,0,0,0,IOException
1,0.683125512,0.530483217,0,0,0,0,0,Color
1,0.317556675,0.513616925,0,0,0,0,0,JFrame
0,0.264555724,0,0,0,0,0,0,Chunk
8,0.781717123,0,0,0,1,0,0,Paragraph
4,0.316321656,0,0,0,0,0,0,Chunk
9,0.5324875,0.486987077,0,1,0,0,0,Document
3,0.250880341,0.417595623,0,0,0,0,0,FileOutputStream
3,0.36104603,0.405617239,0,0,0,0,0,ArrayList
10,0.273902797,0,1,0,0,0.739904097,0,PdfWriter
2,-0.014770352,0.220785938,0,0,0,0,0,IOException
1,0,0,0,0,0,0,0,BaseColor
1,0.052568408,0,0,0,0,0,0,Cost
0,0.169934681,0.310657189,0,0,0,0,0,Query
5,0.662128518,0.442883928,0,0,0,0,0,File
4,0.08183841,0.260894203,0,0,0,0,0,IOException
4,0.487758234,0.489453228,0,0,0,0,0,BufferedImage
3,0.317633026,0.500811368,0,0,0,0,0,FileOutputStream
3,0.459189964,0.458403575,0,0,0,0,0,Document
7,0.70051029,0.457226706,0,0,0,1,0,Image
2,0.30382877,0.425699687,0,0,0,0,0,ArrayList
1,0.269663664,0.325490313,0,0,0,0,0,Object
8,0.201019862,0,0,0,1,0,0,PdfContentByte
0,0.324750286,0.386958226,0,0,0,0,0,InputStream
5,0.181312709,0.352120452,0,0,0,0,0,HashMap
6,0.742230199,0.482788883,0,0,0,0,0.739904097,Document
4,0,0,0,0,0,0,0,Kids
3,0.246148171,0.38273674,0,0,0,0,0,FileOutputStream
3,0.38263026,0.362031855,0,0,0,0,0,File
10,0.37520911,0,1,0,0,0.739904097,0,PdfWriter
2,0.251231727,0.258312266,0,0,0,0,0,Object
1,0.017983848,0.170100492,0,0,0,0,0,IOException
1,0.271697753,0,0,0,0,0,0,PDPage
0,0.232677789,0.370257354,0,0,0,0,0,ArrayList
10,0.76617134,0.635971699,1,0,0,0,0,Clipboard
4,0.247130174,0.563706062,0,0,0,0,0,DataFlavor
4,0.27447845,0.338133986,0,0,0,0,0,Object
3,0.059748445,0.432012576,0,0,0,0,0,Toolkit
3,0.268073825,0.413137604,0,0,0,0,0,FileOutputStream
2,0.269604802,0.385531931,0,0,0,0,0,ArrayList
2,0.355579282,0.481925446,0,0,0,0,0,File
1,0,0,0,0,0,0,0,CopyAction
1,0.084816408,0.256540188,0,0,0,0,0,IOException
0,0.269134658,0.357967673,0,0,0,0,0,InputStream
5,0.135355323,0.23177074,0,0,0,0,0,IOException
4,0.669318185,0.457696117,0,0,0,0,0,Connection
4,0.185382698,0.391153749,0,0,0,0,0,File
9,0.34877304,0.438428558,0,1,0,0,0,Socket
3,0.701817474,0,0,0,0,0,0,Server
2,0.156220267,0.311527177,0,0,0,0,0,InputStream
2,0.022335758,0,0,0,0,0,0,XMLSchema
1,0.232526929,0.452538908,0,0,0,0,0,Object
1,0.240633557,0.48983555,0,0,0,0,0,DriverManager
0,0.253327209,0,0,0,0,0,0,HttpGet
5,0.663431016,0.441808122,0,0,0,0,0,Connection
4,0.457811486,0.434020816,0,0,0,0,0,Executors
4,0.394918961,0.450192932,0,0,0,0,0,ExecutorService
3,0.235222118,0.402700545,0,0,0,0,0,DriverManager
3,0.381475442,0.414122919,0,0,0,0,0,ThreadFactory
2,0.166623879,0.369648645,0,0,0,0,0,IOException
2,0.15332379,0.345687898,0,0,0,0,0,SQLException
1,0.437937041,0.53335138,0,0,0,0,0,ThreadPoolExecutor
1,0.274007222,0,0,0,0,0,0,ServletContextListener
0,0.28601771,0.474409845,0,0,0,0,0,DataSource
5,0.663431016,0.441808122,0,0,0,0,0,Connection
4,0.457811486,0.434020816,0,0,0,0,0,Executors
4,0.394918961,0.450192932,0,0,0,0,0,ExecutorService
3,0.235222118,0.402700545,0,0,0,0,0,DriverManager
3,0.381475442,0.414122919,0,0,0,0,0,ThreadFactory
2,0.166623879,0.369648645,0,0,0,0,0,IOException
2,0.15332379,0.345687898,0,0,0,0,0,SQLException
1,0.437937041,0.53335138,0,0,0,0,0,ThreadPoolExecutor
1,0.274007222,0,0,0,0,0,0,ServletContextListener
0,0.28601771,0.474409845,0,0,0,0,0,DataSource
5,0.392960654,0,0,0,0,0,0,Content
4,0.27977281,0.360097368,0,0,0,0,0,InputStream
4,0.174706538,0.264381786,0,0,0,0,0,IOException
3,0.504167215,0,0,0,0,0,0,HttpResponse
7,0.565790189,0,0,0,0,0.709357856,0,HttpPost
2,0.444356703,0,0,0,0,0,0,DefaultHttpClient
2,0.252447431,0.331880571,0,0,0,0,0,ArrayList
1,0.105245447,0,0,0,0,0,0,Accept
1,0.299121132,0.400636227,0,0,0,0,0,Object
0,0.277358044,0,0,0,0,0,0,JSONObject
10,0.589476107,0,1,0,0,0,0,HttpSession
4,0.265688866,0,0,0,0,0,0,FacesContext
8,0.505057358,0,0,0,1,0.693579786,0,HttpServletRequest
3,0.456071752,0,0,0,0,0,0,HttpServletResponse
3,0.310398479,0.366931343,0,0,0,0,0,Object
2,0.199470251,0.308670453,0,0,0,0,0,Map
2,0.486898018,0,0,0,0,0,0,Cookie
1,0.255575621,0,0,0,0,0,0,Intent
1,0.134351951,0.23865827,0,0,0,0,0,IOException
0,0.748553665,0,0,0,0,0,0,Session
5,0.558948386,0.470116567,0,0,0,0,0,Canvas
4,0.478332681,0.411809942,0,0,0,0,0,Color
4,0.507098063,0.49376939,0,0,0,0,0,Graphics
3,0.446372542,0.440734277,0,0,0,0,0,JFrame
3,0.534917924,0.398040891,0,0,0,0,0,JPanel
2,0.432764375,0.425218226,0,0,0,0,0,Dimension
2,0,0,0,0,0,0,0,DropShadowBorder
1,0.444059369,0.43011572,0,0,0,0,0,BufferedImage
1,0.221246172,0.440272612,0,0,0,0,0,DataFlavor
0,0.37042474,0.370047302,0,0,0,0,0,Object
5,0.333845562,0.41614502,0,0,0,0,0,Object
4,0.189501129,0,0,0,0,0,0,Foo
4,0.274793728,0.424660514,0,0,0,0,0,ArrayList
3,0,0,0,0,0,0,0,Cloner
3,0.109300645,0.386851885,0,0,0,0,0,AtomicLong
2,0.035561526,0,0,0,0,0,0,Bar
2,0.15894251,0.30491519,0,0,0,0,0,IOException
9,0.402295398,0.469583361,0,1,0,0,0,Serializable
1,0.274160624,0.472414099,0,0,0,0,0,ByteBuffer
0,0.250101314,0.389988176,0,0,0,0,0,Arrays
5,0.655139057,0.483482354,0,0,0,0,0,File
4,0.277942304,0.422332481,0,0,0,0,0,BufferedReader
4,0.265662544,0,0,0,0,0,0,Main
8,0.19046436,0.35856396,0,0,0.770875403,0,0,InputStreamReader
3,0.083155771,0.291170545,0,0,0,0,0,IOException
2,0.245060867,0,0,0,0,0,0,Java
2,0.268080247,0.423774933,0,0,0,0,0,Object
1,0.232828245,0.386878178,0,0,0,0,0,Class
1,0.179760734,0,0,0,0,0,0,HtmlPage
0,0.312656232,0.356700335,0,0,0,0,0,InputStream
5,0.469925722,0.438139696,0,0,0,0,0,ArrayList
9,0,0.529159837,0,1,0,0,0,ScriptEngineFactory
4,0.152346208,0.657604927,0,0,0,0,0,ScriptEngineManager
3,0.141757064,0,0,0,0,0,0,Alias
3,-0.005850501,0.272524871,0,0,0,0,0,IOException
2,0.357021361,0.415594878,0,0,0,0,0,Object
2,0.230733921,0.369243406,0,0,0,0,0,Key
1,0.262401076,0.396553608,0,0,0,0,0,File
1,0.486491312,0.443706342,0,0,0,0,0,Collection
0,0.164745302,0,0,0,0,0,0,HttpServletRequest
5,0.309018775,0.398282173,0,0,0,0,0,Object
4,0.246336464,0.425346657,0,0,0,0,0,ArrayList
4,0.268894131,0.369000144,0,0,0,0,0,Class
3,0.257577994,0.424740823,0,0,0,0,0,Map
3,0.580520984,0,0,0,0,0,0,Java
2,0.689317325,0,0,0,0,0,0,JavaScript
2,0.289292914,0.349897191,0,0,0,0,0,Arrays
1,-0.001158501,0.257590752,0,0,0,0,0,IOException
1,0.120931198,0,0,0,0,0,0,Test
9,0.393044659,0.406688244,0,1,0,0,0.825952022,ScriptEngine
5,0.655750258,0.524289365,0,0,0,0,0,Object
10,0.111878923,0.489659638,1,0,0.652067841,0,0,ScriptEngineManager
9,0.438814179,0.477902618,0,1,0,0.652067841,0,ScriptEngine
3,0.157694117,0.440954326,0,0,0,0,0,Invocable
3,0.749147582,0,0,0,0,0,0,JavaScript
2,0.45819317,0.489677323,0,0,0,0,0,ArrayList
2,0.402308822,0.504552943,0,0,0,0,0,Class
1,-0.007346205,0.288466705,0,0,0,0,0,IOException
1,0.421077471,0.499377698,0,0,0,0,0,Arrays
0,0.320766015,0.488409121,0,0,0,0,0,Map
5,0.675202722,0.527372083,0,0,0,0,0,File
4,0.289453733,0.477048544,0,0,0,0,0,BufferedReader
10,0.221461147,0.417017311,1,0,0,0,0,InputStreamReader
3,0.335953774,0.392180248,0,0,0,0,0,InputStream
3,0.235877238,0,0,0,0,0,0,Main
2,0.117085584,0.281655197,0,0,0,0,0,IOException
2,0.260097347,0.399527359,0,0,0,0,0,Object
1,0.197969937,0,0,0,0,0,0,Java
1,0.229131943,0.403352948,0,0,0,0,0,Class
0,0.263856798,0.450785469,0,0,0,0,0,FileReader
5,0,0,0,0,0,0,0,AsnKeyParser
4,0,0,0,0,0,0,0,AsnParser
4,0,0,0,0,0,0,0,ComputeHash
3,0.209362021,0.392706275,0,0,0,0,0,File
3,0.29203346,0.342007285,0,0,0,0,0,Object
2,0.263152355,0,0,0,0,0,0,Convert
2,0.3976866,0.425095562,0,0,0,0,0,Map
1,0.336666351,0.375012613,0,0,0,0,0,ArrayList
1,0.682792491,0.591917324,0,0,0,0,0,Signature
0,0.234987874,0.460423999,0,0,0,0,0,Document
5,0.288821232,0.435057181,0,0,0,0,0,ArrayList
4,0.143667779,0.340141754,0,0,0,0,0,BufferedImage
4,0.170631316,0.497702582,0,0,0,0,0,UIManager
3,0.211471438,0.367479605,0,0,0,0,0,Image
3,0.346242105,0.393387182,0,0,0,0,0,Object
2,0.217516559,0.415064726,0,0,0,0,0,Comparator
2,0.27061079,0,0,0,0,0,0,FragmentPagerAdapter
1,0.17609827,0.604045405,0,0,0,0,0,File
1,0.304351753,0.423140224,0,0,0,0,0,Class
0,0.25880703,0,0,0,0,0,0,RemoteViews
5,0.503506732,0.461921869,0,0,0,0,0,JLabel
4,0.110251122,0,0,0,0,0,0,Application
4,0.454316165,0.468732407,0,0,0,0,0,Color
3,0.675227115,0.524526948,0,0,0,0,0,Label
3,0.17185536,0,0,0,0,0,0,ClickEvent
2,0.396951723,0.464862762,0,0,0,0,0,JFrame
2,0.466579007,0.382953685,0,0,0,0,0,JPanel
1,0,0,0,0,0,0,0,PaintListener
1,0.302163131,0.438357312,0,0,0,0,0,Element
0,0.248768577,0.405259989,0,0,0,0,0,ActionEvent
5,0.318409922,0.433650306,0,0,0,0,0,Action
4,0.222062211,0,0,0,0,0,0,Async
4,0.268624312,0,0,0,0,0,0,HttpSessionListener
3,0.322913263,0.445934657,0,0,0,0,0,ActionEvent
3,0.288006299,0.327773021,0,0,0,0,0,Object
2,0.328147557,0,0,0,0,0,0,Controller
2,0.322302227,0,0,0,0,0,0,ManagedBean
1,0.282606089,0.312682013,0,0,0,0,0,Map
10,0.542569871,0,1,0,0,0,0,HttpSession
0,0.256415454,0.424573292,0,0,0,0,0,JComponent
5,0.050296106,0,0,0,0,0,0,Add
4,0.578213614,0,0,0,0,0,0,Authorization
4,0.661367159,0,0,0,0,0,0,Basic
3,0.236256186,0,0,0,0,0,0,Connector
3,0.312522809,0,0,0,0,0,0,HttpServletRequest
2,0.020224926,0,0,0,0,0,0,Convert
2,0.029062102,0.212861614,0,0,0,0,0,IOException
1,0.178265638,0.217079048,0,0,0,0,0,Encoding
1,0.169830644,0.314141326,0,0,0,0,0,ArrayList
0,0.15674196,0.287896132,0,0,0,0,0,Query
5,0.367551014,0.629450326,0,0,0,0,0,File
4,0.178191073,0.342410899,0,0,0,0,0,IOException
4,0.263562118,0.454611914,0,0,0,0,0,ArrayList
3,0.261012982,0.475670533,0,0,0,0,0,FileOutputStream
3,0.290282938,0.451937614,0,0,0,0,0,BufferedReader
2,0.2650321,0.482467977,0,0,0,0,0,FileInputStream
2,0.243459717,0.378415117,0,0,0,0,0,Object
1,0.245911243,0.398765549,0,0,0,0,0,InputStream
1,0.245131491,0,0,0,0,0,0,Account
0,0.191372072,0,0,0,0,0,0,Djava
5,0.189110586,0.637966225,0,0,0,0,0,FilePermission
4,0.189008813,0.610895,0,0,0,0,0,PropertyPermission
4,0.435946323,0.491635049,0,0,0,0,0,HashMap
3,0.460625832,0.500450208,0,0,0,0,0,ArrayList
3,0.361932499,0.492658547,0,0,0,0,0,Object
2,0.199887094,0.55052653,0,0,0,0,0,File
2,0.355395667,0.547618801,0,0,0,0,0,Map
1,0.20432658,0,0,0,0,0,0,Djava
1,0.148646498,0.584335476,0,0,0,0,0,AccessController
0,0.608545131,0.486503139,0,0,0,0,0,Class
5,0,0,0,0,0,0,0,AsnKeyParser
4,0,0,0,0,0,0,0,AsnParser
4,0,0,0,0,0,0,0,ComputeHash
3,0.266372329,0,0,0,0,0,0,Convert
3,0.254645713,0.331836216,0,0,0,0,0,Object
2,0,0,0,0,0,0,0,ConvertToP
8,0.764410146,0.659317518,0,0,1,0,0,Signature
1,0.22114442,0,0,0,0,0,0,Copy
1,0.220452153,0.353219934,0,0,0,0,0,Class
0,0.211199218,0.361222786,0,0,0,0,0,Map
5,0.657479081,0.460870947,0,0,0,0,0,Object
4,0.033578858,0,0,0,0,0,0,Dog
4,0.409700545,0.470488045,0,0,0,0,0,Certificate
3,0.491759672,0.42976421,0,0,0,0,0,ArrayList
3,0.080606206,0.379726865,0,0,0,0,0,AccessController
2,0.604748116,0,0,0,0,0,0,Java
2,0.056873616,0.274321387,0,0,0,0,0,IOException
1,0.395486287,0.456657488,0,0,0,0,0,Class
1,0.330520576,0.454500287,0,0,0,0,0,Map
0,0.268418818,0.447430521,0,0,0,0,0,File
5,0.172932546,0,0,0,0,0,0,Java
4,0.220836184,0.460303789,0,0,0,0,0,File
4,0.223811624,0,0,0,0,0,0,John
3,0.17801576,0.487705049,0,0,0,0,0,Random
3,0.24804912,0.428040241,0,0,0,0,0,ArrayList
2,0.628631987,0.484608834,0,0,0,0,0,Authenticator
2,0.124396492,0.263999466,0,0,0,0,0,IOException
1,0.225900142,0,0,0,0,0,0,Contents
1,0.236133312,0.431630161,0,0,0,0,0,Object
0,0.173950812,0.406303556,0,0,0,0,0,Class
5,0.290506552,0.477610135,0,0,0,0,0,File
4,0.273324387,0.413224633,0,0,0,0,0,BufferedReader
4,0.228888252,0,0,0,0,0,0,Test
3,0.239717411,0.480425833,0,0,0,0,0,Object
3,0.128738898,0.369092378,0,0,0,0,0,InputStreamReader
2,0.184678588,0.348936099,0,0,0,0,0,FileInputStream
2,0.109580067,0.291017105,0,0,0,0,0,IOException
1,0.211911007,0.387281256,0,0,0,0,0,Class
1,0.17242173,0.32062569,0,0,0,0,0,OutputStream
0,0.273067876,0,0,0,0,0,0,Main
5,0.438284566,0.560291324,0,0,0,0,0,ActionEvent
4,0,0,0,0,0,0,0,CFRelease
4,0.570082169,0.557059527,0,0,0,0,0,MouseEvent
10,0.369823732,0.443428428,1,0,0,0,0,Robot
3,0.409446911,0.346392467,0,0,0,0,0,JFrame
2,0.341239181,0.30498217,0,0,0,0,0,AbstractAction
2,0.499998034,0.355687885,0,0,0,0,0,JButton
1,0,0,0,0,0,0,0,CGEventCreate
1,0.409185473,0.306964885,0,0,0,0,0,JPanel
0,0.303475691,0.581402412,0,0,0,0,0,MouseAdapter
