5,0.191381048,0.191381048,0,0,0,0,0,CarBean
4,0.329275534,0.329275534,0,0,0,0,0,String
4,0.362913812,0.362913812,0,0,0,0,0,Object
3,0.350130768,0.350130768,0,0,0,0,0,TestedClass
3,0.119165687,0.119165687,0,0,0,0,0,System
2,0.623404761,0.623404761,0,0,0,0,0,TypesEnum
10,0.346272619,0.346272619,0.68286009,0,0,0,0,Integer
1,0.315133432,0.315133432,0,0,0,0,0,Method
1,0.486652877,0.486652877,0,0,0,0,0,StandardComparator
0,0.118199823,0.118199823,0,0,0,0,0,DetailedDiff
5,0.50500879,0.50500879,0,0,0,0,0,String
4,0.615273779,0.615273779,0,0,0,0,0,Checking
4,0.073540356,0.073540356,0,0,0,0,0,System
3,0.648895252,0.648895252,0,0,0,0,0,Integer
3,0.155787333,0.155787333,0,0,0,0,0,ZipFileIndexFileObject
2,0.183602596,0.183602596,0,0,0,0,0,CompletableFuture
2,0.062006413,0.062006413,0,0,0,0,0,DetailCostProxy
1,0.562707535,0.562707535,0,0,0,0,0,Java
10,0.364029698,0.364029698,1,0,0,0,0,Scanner
0,0.382404351,0.382404351,0,0,0,0,0,List
5,0.384821303,0.384821303,0,0,0,0,0,JButton
4,0.41161006,0.41161006,0,0,0,0,0,JFrame
4,0.448192534,0.448192534,0,0,0,0,0,JPanel
3,0.281551943,0.281551943,0,0,0,0,0,String
3,0.246016008,0.246016008,0,0,0,0,0,GUIMultiplicationTable
2,0.355176399,0.355176399,0,0,0,0,0,Override
2,0.352150052,0.352150052,0,0,0,0,0,ButtonsTableActionListener
1,0,0,0,0,0,0,0,Startthegame
1,0.314934641,0.314934641,0,0,0,0,0,GridLayout
0,0.261249803,0.261249803,0,0,0,0,0,ActionEvent
5,0.608224371,0.608224371,0,0,0,0,0,Comparator
4,0.642786233,0.642786233,0,0,0,0,0,Function
10,0.71269152,0.71269152,1,0,0,0,0,FunctionalInterface
3,0.608224371,0.608224371,0,0,0,0,0,Comparable
3,0.299502143,0.299502143,0,0,0,0,0,String
2,0.132872792,0.132872792,0,0,0,0,0,Person
2,0.328640929,0.328640929,0,0,0,0,0,Collections
1,0.34428174,0.34428174,0,0,0,0,0,GraphicObject
9,0.41995269,0.41995269,0,1,0,0,0,Object
0,0.326978966,0.326978966,0,0,0,0,0,Integer
5,0.370662363,0.370662363,0,0,0,0,0,Cloneable
4,0.446794327,0.446794327,0,0,0,0,0,CloneNotSupportedException
10,0.246291817,0.246291817,1,0,0,0,0,Object
3,0.51731404,0.51731404,0,0,0,0,0,CloningMachine
3,0.109845146,0.109845146,0,0,0,0,0,TestBikes
2,0.135601916,0.135601916,0,0,0,0,0,String
2,0.232608112,0.232608112,0,0,0,0,0,ArrayList
1,0.286871727,0.286871727,0,0,0,0,0,Iterable
1,0.191945846,0.191945846,0,0,0,0,0,TopMost
0,0.245918603,0.245918603,0,0,0,0,0,List
5,0.077387406,0.077387406,0,0,0,0,0,IOException
4,0.237284539,0.237284539,0,0,0,0,0,String
4,0.372824399,0.372824399,0,0,0,0,0,FileBlob
9,0.602556828,0.602556828,0,1,0,0,0,File
3,0.23903835,0.23903835,0,0,0,0,0,System
2,0.1166951,0.1166951,0,0,0,0,0,Override
2,0.21974851,0.21974851,0,0,0,0,0,Path
1,0.154886255,0.154886255,0,0,0,0,0,AsyncFileImpl
1,0.198639227,0.198639227,0,0,0,0,0,SongSaver
0,0.177403301,0.177403301,0,0,0,0,0,JOptionPane
5,0.753409868,0.753409868,0,0,0,0,0,ArrayList
4,0.637770207,0.637770207,0,0,0,0,0,Integer
4,0.780418573,0.780418573,0,0,0,0,0,String
3,0.666494193,0.666494193,0,0,0,0,0,Convert
3,0.344832902,0.344832902,0,0,0,0,0,NumberBase
2,0.329817854,0.329817854,0,0,0,0,0,Gson
2,0.441478974,0.441478974,0,0,0,0,0,Date
1,0.853669988,0.853669988,0,0,0,0,0,StringArray
1,0.637112999,0.637112999,0,0,0,0,0,List
0,0.577670237,0.577670237,0,0,0,0,0,Object
5,0.150931016,0.150931016,0,0,0,0,0,String
4,0.136581836,0.136581836,0,0,0,0,0,Throwables
4,0.127147566,0.127147566,0,0,0,0,0,Exception
3,0.745171773,0.745171773,0,0,0,0,0,PushedNotification
3,0.6619301,0.6619301,0,0,0,0,0,Push
2,0.488971549,0.488971549,0,0,0,0,0,PushNotificationPayload
2,0.120565639,0.120565639,0,0,0,0,0,IOException
1,0.136685855,0.136685855,0,0,0,0,0,OnBeforeUnLoad
1,0.16955028,0.16955028,0,0,0,0,0,KeystoreManager
0,0.175107221,0.175107221,0,0,0,0,0,ExampleApplication
5,0.269584082,0.269584082,0,0,0,0,0,Entry
4,0.335272503,0.335272503,0,0,0,0,0,Comparator
10,0.399235316,0.399235316,1,0,0,0,0,TreeMap
3,0.40588992,0.40588992,0,0,0,0,0,String
3,0.449320892,0.449320892,0,0,0,0,0,Map
2,0.335272503,0.335272503,0,0,0,0,0,Comparable
2,0.396069249,0.396069249,0,0,0,0,0,Integer
1,0.469957192,0.469957192,0,0,0,0,0,SortedMap
1,0.31550971,0.31550971,0,0,0,0,0,TreeEntry
0,0.037599687,0.037599687,0,0,0,0,0,Transmitter
10,0.405602802,0.405602802,1,0,0,0,0,InputStream
4,0.323413221,0.323413221,0,0,0,0,0,String
4,0.433248964,0.433248964,0,0,0,0,0,ByteArrayOutputStream
3,0.622737998,0.622737998,0,0,0,0,0,ByteBuffer
3,0.209903923,0.209903923,0,0,0,0,0,IOException
2,0.393500078,0.393500078,0,0,0,0,0,OutputStream
2,0.234779621,0.234779621,0,0,0,0,0,InputStreamResponseListener
1,0.306402668,0.306402668,0,0,0,0,0,HttpClient
1,0.350185169,0.350185169,0,0,0,0,0,Response
0,0.247720745,0.247720745,0,0,0,0,0,ServletHandler
5,0.542870315,0.542870315,0,0,0,0,0,MyObject
4,0.464292059,0.464292059,0,0,0,0,0,String
4,0.671884141,0.671884141,0,0,0,0,0,Value
3,0.619962784,0.619962784,0,0,0,0,0,ArrayList
3,0.692426293,0.692426293,0,0,0,0,0,List
2,0.468045118,0.468045118,0,0,0,0,0,Integer
2,0.415506622,0.415506622,0,0,0,0,0,MyItem
1,0,0,0,0,0,0,0,Einstein
1,0.068735942,0.068735942,0,0,0,0,0,System
10,0.295805319,0.295805319,1,0,0,0,0,Collectors
5,0.424841447,0.424841447,0,0,0,0,0,OffsetDateTime
4,0.667474589,0.667474589,0,0,0,0,0,Date
4,0.376730383,0.376730383,0,0,0,0,0,DateTimeFormatter
3,0.3384374,0.3384374,0,0,0,0,0,ZonedDateTime
3,0.158154099,0.158154099,0,0,0,0,0,System
2,0.643186724,0.643186724,0,0,0,0,0,String
2,0.251252627,0.251252627,0,0,0,0,0,SimpleDateFormat
1,0.592548854,0.592548854,0,0,0,0,0,ZoneOffset
1,0.254190147,0.254190147,0,0,0,0,0,TemporalAccessor
0,0.384206595,0.384206595,0,0,0,0,0,Instant
6,0.681766464,0.681766464,0,0,0,0,1,Date
4,0.697699941,0.697699941,0,0,0,0,0,Timestamp
4,0.160830492,0.160830492,0,0,0,0,0,LocalDateTime
3,0.400095469,0.400095469,0,0,0,0,0,String
3,0.1529908,0.1529908,0,0,0,0,0,System
2,0.126956511,0.126956511,0,0,0,0,0,Plate
2,0.181310286,0.181310286,0,0,0,0,0,ArchivedInvoice
1,0.228964445,0.228964445,0,0,0,0,0,SimpleDateFormat
10,0.322539998,0.322539998,1,0,0,0,0,Instant
0,0.202163876,0.202163876,0,0,0,0,0,Type
5,0.715441143,0.715441143,0,0,0,0,0,Chars
4,0.571973528,0.571973528,0,0,0,0,0,String
4,0.436003689,0.436003689,0,0,0,0,0,FileOutputStream
3,0.147755427,0.147755427,0,0,0,0,0,System
3,0.1316448,0.1316448,0,0,0,0,0,IOException
2,0.601778448,0.601778448,0,0,0,0,0,File
2,0.29385223,0.29385223,0,0,0,0,0,Writer
1,0.29383526,0.29383526,0,0,0,0,0,Reader
1,0.421251094,0.421251094,0,0,0,0,0,FileControl
0,0.175689767,0.175689767,0,0,0,0,0,Continuing
5,0.444706022,0.444706022,0,0,0,0,0,TitledPane
4,0.450979036,0.450979036,0,0,0,0,0,AnchorPane
4,0.430852799,0.430852799,0,0,0,0,0,GridPane
3,0.527782809,0.527782809,0,0,0,0,0,Accordion
3,0.245830434,0.245830434,0,0,0,0,0,VBox
2,0.661521262,0.661521262,0,0,0,0,0,Label
2,0.372566831,0.372566831,0,0,0,0,0,TilePane
1,0.371828358,0.371828358,0,0,0,0,0,Button
1,0.359477476,0.359477476,0,0,0,0,0,Scene
0,0.233426586,0.233426586,0,0,0,0,0,ColumnConstraints
5,0.249446575,0.249446575,0,0,0,0,0,Pattern
4,0.33332617,0.33332617,0,0,0,0,0,HashSet
10,0.420518925,0.420518925,1,0,0,0,0,String
3,0.298152584,0.298152584,0,0,0,0,0,Matcher
3,0.153463913,0.153463913,0,0,0,0,0,Anchor
2,0.223598285,0.223598285,0,0,0,0,0,LocalDate
2,0.112714286,0.112714286,0,0,0,0,0,EJBUtil
1,0.037327158,0.037327158,0,0,0,0,0,System
1,0.286455907,0.286455907,0,0,0,0,0,FluentIterable
0,0,0,0,0,0,0,0,Madonna
5,0.461762116,0.461762116,0,0,0,0,0,String
4,0.626912647,0.626912647,0,0,0,0,0,Map
4,0.066748315,0.066748315,0,0,0,0,0,System
3,0.503870832,0.503870832,0,0,0,0,0,Integer
3,0.172414421,0.172414421,0,0,0,0,0,AbstractKeyedStateBackend
2,0.485045441,0.485045441,0,0,0,0,0,HashMap
2,0.641550137,0.641550137,0,0,0,0,0,Keyed
1,0.32483404,0.32483404,0,0,0,0,0,Tuple
1,0.414747745,0.414747745,0,0,0,0,0,List
0,0.316681032,0.316681032,0,0,0,0,0,CopyOnWriteStateTable
5,0.232527084,0.232527084,0,0,0,0,0,JTextField
4,0.23819516,0.23819516,0,0,0,0,0,JFrame
4,0.298272237,0.298272237,0,0,0,0,0,JPanel
3,0.301916639,0.301916639,0,0,0,0,0,JavaSwingTextfield
3,0.323803256,0.323803256,0,0,0,0,0,JLabel
2,0.340624565,0.340624565,0,0,0,0,0,String
2,0.326132872,0.326132872,0,0,0,0,0,TextFieldEvent
1,0.414437202,0.414437202,0,0,0,0,0,Override
1,0.21041878,0.21041878,0,0,0,0,0,CookieView
0,0.272694705,0.272694705,0,0,0,0,0,RequestFocusListener
10,0.380213344,0.380213344,1,0,0,0,0,Calendar
4,0.509127878,0.509127878,0,0,0,0,0,Date
4,0.39276437,0.39276437,0,0,0,0,0,TimeUnit
3,0.520058836,0.520058836,0,0,0,0,0,TimeZone
3,0.137498325,0.137498325,0,0,0,0,0,SimpleDateFormat
2,0.352003502,0.352003502,0,0,0,0,0,String
2,0.181741765,0.181741765,0,0,0,0,0,System
1,0.162173922,0.162173922,0,0,0,0,0,LoginLog
1,0.656619812,0.656619812,0,0,0,0,0,Time
0,0.620682056,0.620682056,0,0,0,0,0,DateTime
5,0.656238818,0.656238818,0,0,0,0,0,IntTreeNode
4,0.729678688,0.729678688,0,0,0,0,0,Integer
4,0.605716008,0.605716008,0,0,0,0,0,String
3,0.08794492,0.08794492,0,0,0,0,0,System
3,0.385963201,0.385963201,0,0,0,0,0,File
2,0.157104475,0.157104475,0,0,0,0,0,Console
2,0.256589243,0.256589243,0,0,0,0,0,Cipher
1,0.369587292,0.369587292,0,0,0,0,0,GZIPInputStream
1,0.235239276,0.235239276,0,0,0,0,0,TrieNode
0,0.206748971,0.206748971,0,0,0,0,0,JSONParser
5,0.462952877,0.462952877,0,0,0,0,0,HashMap
4,0.750525904,0.750525904,0,0,0,0,0,Hashtable
4,0.305198529,0.305198529,0,0,0,0,0,StringCon
3,0.387191243,0.387191243,0,0,0,0,0,String
3,0.360631665,0.360631665,0,0,0,0,0,Integer
2,0.180744837,0.180744837,0,0,0,0,0,LinkedListNode
10,0.439991366,0.439991366,1,0,0,0,0,Map
1,0.175275025,0.175275025,0,0,0,0,0,System
1,0.124093887,0.124093887,0,0,0,0,0,Ljava
0,0.561241107,0.561241107,0,0,0,0,0,TypeReference
5,0.213191314,0.213191314,0,0,0,0,0,Normalizer
4,0.250543013,0.250543013,0,0,0,0,0,BaseFont
4,0.731231592,0.731231592,0,0,0,0,0,String
3,0.2580069,0.2580069,0,0,0,0,0,SetGetMethods
3,0.361427206,0.361427206,0,0,0,0,0,NameConverter
2,0.335267545,0.335267545,0,0,0,0,0,InCombiningDiacriticalMarks
2,-0.039383706,-0.039383706,0,0,0,0,0,Doe
1,0.040499615,0.040499615,0,0,0,0,0,System
10,0.230397565,0.230397565,1,0,0,0,0,Pattern
0,0.342559923,0.342559923,0,0,0,0,0,SemiBold
5,0.672679456,0.672679456,0,0,0,0,0,Comparator
4,0.467914119,0.467914119,0,0,0,0,0,String
4,0.693199024,0.693199024,0,0,0,0,0,List
3,0.629165338,0.629165338,0,0,0,0,0,ArrayList
3,0.237298858,0.237298858,0,0,0,0,0,System
2,0.470113857,0.470113857,0,0,0,0,0,LocalTime
2,0,0,0,0,0,0,0,Supermarket
1,0.262753644,0.262753644,0,0,0,0,0,DiscountValue
1,0.216808371,0.216808371,0,0,0,0,0,MulticastKeepaliveHeartbeatReceiver
0,0.15315438,0.15315438,0,0,0,0,0,Opcodes
5,0.30759105,0.30759105,0,0,0,0,0,WindowEvent
4,0.340487707,0.340487707,0,0,0,0,0,JFrame
4,0.242383039,0.242383039,0,0,0,0,0,JDialog
3,0.309607452,0.309607452,0,0,0,0,0,JButton
3,0.253324723,0.253324723,0,0,0,0,0,String
2,0.247843211,0.247843211,0,0,0,0,0,ActionEvent
2,0.177112744,0.177112744,0,0,0,0,0,MyWorker
1,0.128523509,0.128523509,0,0,0,0,0,Override
1,0.299989963,0.299989963,0,0,0,0,0,JLabel
0,0.36617505,0.36617505,0,0,0,0,0,JPanel
10,0.436974313,0.436974313,1,0,0,0,0,JList
4,0.338072792,0.338072792,0,0,0,0,0,ListSelectionListener
4,0.11640467,0.11640467,0,0,0,0,0,JLogicDesign
3,0.450050803,0.450050803,0,0,0,0,0,String
3,0.592691652,0.592691652,0,0,0,0,0,MenuItem
2,0.333129483,0.333129483,0,0,0,0,0,ListSelectionModel
2,-0.13572404,-0.13572404,0,0,0,0,0,Drink
1,0.227861792,0.227861792,0,0,0,0,0,Override
1,0.159662687,0.159662687,0,0,0,0,0,DefaultListModel
0,0.343443363,0.343443363,0,0,0,0,0,ListSelectionEvent
5,0.749960123,0.749960123,0,0,0,0,0,Triangle
4,0.493968883,0.493968883,0,0,0,0,0,QuadEdge
4,0.603133323,0.603133323,0,0,0,0,0,Polygon
3,0.705646109,0.705646109,0,0,0,0,0,Point
3,0.716810895,0.716810895,0,0,0,0,0,PlanarPoint
2,0.613125887,0.613125887,0,0,0,0,0,TriangleFrame
2,0.616509651,0.616509651,0,0,0,0,0,Sierpinski
1,0.220546435,0.220546435,0,0,0,0,0,List
1,0.372262181,0.372262181,0,0,0,0,0,Graphics
0,0.235418655,0.235418655,0,0,0,0,0,MouseEvent
5,0.410798774,0.410798774,0,0,0,0,0,TableView
4,0.434360911,0.434360911,0,0,0,0,0,TableColumn
4,0.401537831,0.401537831,0,0,0,0,0,String
3,0.428660149,0.428660149,0,0,0,0,0,HashMap
3,0.457738747,0.457738747,0,0,0,0,0,Map
2,0.382320251,0.382320251,0,0,0,0,0,MapEntry
2,0.310753972,0.310753972,0,0,0,0,0,FXCollections
1,0.162887137,0.162887137,0,0,0,0,0,Tile
1,0.289942602,0.289942602,0,0,0,0,0,LocalStores
0,0.387679743,0.387679743,0,0,0,0,0,ObservableList
5,0.457847047,0.457847047,0,0,0,0,0,String
4,0.633145365,0.633145365,0,0,0,0,0,ArrayList
4,0,0,0,0,0,0,0,Bilingual
3,0.04854682,0.04854682,0,0,0,0,0,System
3,0.029859914,0.029859914,0,0,0,0,0,Party
2,0.422055081,0.422055081,0,0,0,0,0,ArrayWrapper
2,0.523462661,0.523462661,0,0,0,0,0,List
1,0.491126619,0.491126619,0,0,0,0,0,Integer
1,0.334499285,0.334499285,0,0,0,0,0,WordText
0,0,0,0,0,0,0,0,Dane
5,0.261748862,0.261748862,0,0,0,0,0,Date
4,0.33239588,0.33239588,0,0,0,0,0,String
4,0.083394921,0.083394921,0,0,0,0,0,System
3,0.243990384,0.243990384,0,0,0,0,0,DocumentFilter
3,0.13256656,0.13256656,0,0,0,0,0,AppDesc
2,0.500862876,0.500862876,0,0,0,0,0,InputVerifier
2,0.109236047,0.109236047,0,0,0,0,0,AddEmployee
1,0.590197065,0.590197065,0,0,0,0,0,Validating
1,0.364390331,0.364390331,0,0,0,0,0,Integer
10,0.350016689,0.350016689,1,0,0,0,0,Scanner
5,0.438656715,0.438656715,0,0,0,0,0,Graphics
4,0.511759425,0.511759425,0,0,0,0,0,BufferedImage
4,0,0,0,0,0,0,0,Ramsey
3,0,0,0,0,0,0,0,Bx
3,0.760544425,0.760544425,0,0,0,0,0,Coordinates
2,0.122297227,0.122297227,0,0,0,0,0,Override
2,0.44198089,0.44198089,0,0,0,0,0,Rect
1,0.455314257,0.455314257,0,0,0,0,0,Color
1,0.397041421,0.397041421,0,0,0,0,0,String
0,0.715534494,0.715534494,0,0,0,0,0,Drawing
5,0.475500874,0.475500874,0,0,0,0,0,DataResponse
4,0.196651079,0.196651079,0,0,0,0,0,String
4,0.325349874,0.325349874,0,0,0,0,0,Override
3,0.123760593,0.123760593,0,0,0,0,0,DataErrorEnum
3,0.143693959,0.143693959,0,0,0,0,0,Exception
2,0.396555901,0.396555901,0,0,0,0,0,AggregateResponse
2,0.587103974,0.587103974,0,0,0,0,0,Response
1,0.190116313,0.190116313,0,0,0,0,0,Promise
1,0.109345021,0.109345021,0,0,0,0,0,ITLLib
0,0.134094861,0.134094861,0,0,0,0,0,Throwable
5,0.453805684,0.453805684,0,0,0,0,0,String
4,0.527017303,0.527017303,0,0,0,0,0,Character
4,0.661272272,0.661272272,0,0,0,0,0,Letters
3,0.077055363,0.077055363,0,0,0,0,0,System
10,0.28666695,0.28666695,1,0,0,0,0,Scanner
2,0.492216457,0.492216457,0,0,0,0,0,Integer
2,0.539272527,0.539272527,0,0,0,0,0,GetWord
1,0.122137827,0.122137827,0,0,0,0,0,Exception
1,0.259749287,0.259749287,0,0,0,0,0,ReadFromFile
0,0.659741362,0.659741362,0,0,0,0,0,Numbers
5,0.425315527,0.425315527,0,0,0,0,0,Date
4,0.363180317,0.363180317,0,0,0,0,0,DateTimeFormatter
4,0.283457772,0.283457772,0,0,0,0,0,SimpleDateFormat
3,0.283917226,0.283917226,0,0,0,0,0,DateTimeFormatterBuilder
10,0.292762019,0.292762019,1,0,0,0,0,String
2,0.170933823,0.170933823,0,0,0,0,0,System
2,0.497542878,0.497542878,0,0,0,0,0,FormatStyle
1,0.290243554,0.290243554,0,0,0,0,0,Calendar
1,0.294652794,0.294652794,0,0,0,0,0,ISODateTimeFormat
0,0.59979566,0.59979566,0,0,0,0,0,DateFormat
5,0.480537697,0.480537697,0,0,0,0,0,String
4,0.057537109,0.057537109,0,0,0,0,0,System
10,0.621369915,0.621369915,1,0,0,0,0,ArrayList
3,0.268536992,0.268536992,0,0,0,0,0,Date
3,0.005470965,0.005470965,0,0,0,0,0,PercolateRecur
2,0.293445768,0.293445768,0,0,0,0,0,Comparable
2,0.496333937,0.496333937,0,0,0,0,0,NSMutableArray
1,0.091939811,0.091939811,0,0,0,0,0,Ingredient
1,0.675760672,0.675760672,0,0,0,0,0,Arrays
0,0.33718314,0.33718314,0,0,0,0,0,DateIterator
5,0.674010349,0.674010349,0,0,0,0,0,Timer
4,0.722965689,0.722965689,0,0,0,0,0,TimerTask
4,0.415466721,0.415466721,0,0,0,0,0,TimeOutTask
3,0.136231389,0.136231389,0,0,0,0,0,System
3,0.313870715,0.313870715,0,0,0,0,0,ScheduledThreadPoolExecutor
2,0.251007619,0.251007619,0,0,0,0,0,String
2,0.237574844,0.237574844,0,0,0,0,0,SequenceAction
1,0.549047062,0.549047062,0,0,0,0,0,TimerTest
1,0.534168054,0.534168054,0,0,0,0,0,DataTask
0,0.23252477,0.23252477,0,0,0,0,0,Override
5,0.733763467,0.733763467,0,0,0,0,0,Date
4,0.595228096,0.595228096,0,0,0,0,0,DateTime
4,0.47208456,0.47208456,0,0,0,0,0,DateTimeZone
3,0.558310137,0.558310137,0,0,0,0,0,JodaTime
3,0.406141745,0.406141745,0,0,0,0,0,String
2,0.460654256,0.460654256,0,0,0,0,0,Instant
2,0.164835889,0.164835889,0,0,0,0,0,System
1,0.335068723,0.335068723,0,0,0,0,0,TimeFields
1,0.439384143,0.439384143,0,0,0,0,0,DateTimeFormat
0,0.12346844,0.12346844,0,0,0,0,0,PrintProcessor
5,0.768225321,0.768225321,0,0,0,0,0,Object
4,0.447416388,0.447416388,0,0,0,0,0,String
4,0.094156906,0.094156906,0,0,0,0,0,System
3,0.185485924,0.185485924,0,0,0,0,0,Test
3,0.612794048,0.612794048,0,0,0,0,0,SingletonObject
2,0.34282668,0.34282668,0,0,0,0,0,ImmutableClassToInstanceMap
2,0.773855277,0.773855277,0,0,0,0,0,Instance
1,0.460885863,0.460885863,0,0,0,0,0,TheClass
1,0.552017637,0.552017637,0,0,0,0,0,InstanceManager
0,0.455908105,0.455908105,0,0,0,0,0,ExpensiveObject
5,0.408246002,0.408246002,0,0,0,0,0,Sublistable
4,0.117972276,0.117972276,0,0,0,0,0,HasUniqueIdentifier
4,0.702783782,0.702783782,0,0,0,0,0,String
3,0.751118494,0.751118494,0,0,0,0,0,List
3,0.676943981,0.676943981,0,0,0,0,0,ArrayList
2,0.169740936,0.169740936,0,0,0,0,0,StatAccumulator
2,0.176199906,0.176199906,0,0,0,0,0,AddedNotes
1,0.031344074,0.031344074,0,0,0,0,0,System
1,0.129307001,0.129307001,0,0,0,0,0,Validation
0,0.557264776,0.557264776,0,0,0,0,0,Integer
5,0.695746926,0.695746926,0,0,0,0,0,LineSplit
4,0.003900247,0.003900247,0,0,0,0,0,Tt
4,0.822876017,0.822876017,0,0,0,0,0,Split
3,0.769023933,0.769023933,0,0,0,0,0,String
3,0.09945236,0.09945236,0,0,0,0,0,System
2,0.478594752,0.478594752,0,0,0,0,0,Regex
2,0.291318453,0.291318453,0,0,0,0,0,JAVASCRIPTTextToWrite
1,0.52301652,0.52301652,0,0,0,0,0,Arrays
1,0.179187587,0.179187587,0,0,0,0,0,Spilt
0,0.208301875,0.208301875,0,0,0,0,0,Pattern
5,0.329951038,0.329951038,0,0,0,0,0,Date
4,0.2834496,0.2834496,0,0,0,0,0,Index
4,0.379273222,0.379273222,0,0,0,0,0,String
3,0.13455918,0.13455918,0,0,0,0,0,System
10,0.380844584,0.380844584,1,0,0,0,0,Object
2,0.119345399,0.119345399,0,0,0,0,0,TimeStamp
2,0.148020956,0.148020956,0,0,0,0,0,LessThan
1,0.380391721,0.380391721,0,0,0,0,0,Integer
1,0.241670652,0.241670652,0,0,0,0,0,Map
0,0.300044378,0.300044378,0,0,0,0,0,MyObject
5,0.662195366,0.662195366,0,0,0,0,0,String
10,0.664582898,0.664582898,1,0,0,0,0,Object
4,0.073348787,0.073348787,0,0,0,0,0,Printer
3,0.172680867,0.172680867,0,0,0,0,0,GradeManager
3,0.105524833,0.105524833,0,0,0,0,0,System
2,0.101716619,0.101716619,0,0,0,0,0,BiConsumer
2,0.140137428,0.140137428,0,0,0,0,0,JDBCHelper
1,0.203189335,0.203189335,0,0,0,0,0,Response
1,0.068211417,0.068211417,0,0,0,0,0,Exception
0,0.485542104,0.485542104,0,0,0,0,0,ArrayList
5,0.179981427,0.179981427,0,0,0,0,0,CustomAttr
4,0.305122774,0.305122774,0,0,0,0,0,String
4,0.394566384,0.394566384,0,0,0,0,0,FileWriter
3,0.05471838,0.05471838,0,0,0,0,0,Review
3,0.579990131,0.579990131,0,0,0,0,0,File
2,0.129081497,0.129081497,0,0,0,0,0,CustomerReview
2,0,0,0,0,0,0,0,BlitherBlither
1,0.185048685,0.185048685,0,0,0,0,0,StandardCharsets
1,0.579990131,0.579990131,0,0,0,0,0,Files
0,0.203949534,0.203949534,0,0,0,0,0,CompareStrategy
5,0.350834687,0.350834687,0,0,0,0,0,Pattern
4,0.452141779,0.452141779,0,0,0,0,0,Matcher
4,0.716681971,0.716681971,0,0,0,0,0,String
3,0,0,0,0,0,0,0,Nr
3,0.401617196,0.401617196,0,0,0,0,0,Paragraph
2,0.08681181,0.08681181,0,0,0,0,0,System
9,0.676364379,0.676364379,0,1,0,0,0,Arrays
1,0.449626874,0.449626874,0,0,0,0,0,StringUtils
1,0.597728338,0.597728338,0,0,0,0,0,ArrayList
0,0.160022523,0.160022523,0,0,0,0,0,Execution
5,0.694458687,0.694458687,0,0,0,0,0,Date
10,0.681667512,0.681667512,1,0,0,0,0,Calendar
4,0.179435718,0.179435718,0,0,0,0,0,SimpleDateFormat
3,0.390575847,0.390575847,0,0,0,0,0,String
3,0.152116235,0.152116235,0,0,0,0,0,System
2,0.408384023,0.408384023,0,0,0,0,0,PrettyDate
2,0.497456729,0.497456729,0,0,0,0,0,ExtendedDate
1,0.272040626,0.272040626,0,0,0,0,0,FinalField
1,0.08295505,0.08295505,0,0,0,0,0,Atmosphere
0,0.299822676,0.299822676,0,0,0,0,0,Formats
5,0.431348902,0.431348902,0,0,0,0,0,String
10,0.633185516,0.633185516,1,0,0,0,0,List
4,0.567272576,0.567272576,0,0,0,0,0,ArrayList
3,0.268129378,0.268129378,0,0,0,0,0,Derived
3,0.160284247,0.160284247,0,0,0,0,0,Flowable
2,0.393333297,0.393333297,0,0,0,0,0,Map
2,0.289323149,0.289323149,0,0,0,0,0,HasType
1,0.141709018,0.141709018,0,0,0,0,0,DataDetail
1,0.254171734,0.254171734,0,0,0,0,0,Letter
0,0.201502552,0.201502552,0,0,0,0,0,InstrumentationImpl
5,0.632808526,0.632808526,0,0,0,0,0,ArrayList
4,0.691731907,0.691731907,0,0,0,0,0,String
4,0.079230825,0.079230825,0,0,0,0,0,Employee
3,-0.008447041,-0.008447041,0,0,0,0,0,System
3,0.343433957,0.343433957,0,0,0,0,0,StrArrtoIntArr
2,0.74221902,0.74221902,0,0,0,0,0,StringArray
2,0.480552379,0.480552379,0,0,0,0,0,List
1,0.573068433,0.573068433,0,0,0,0,0,Integer
1,0.349832461,0.349832461,0,0,0,0,0,Date
0,0.44126165,0.44126165,0,0,0,0,0,BigInteger
5,0.612563116,0.612563116,0,0,0,0,0,Criterion
4,0.19836397,0.19836397,0,0,0,0,0,Restrictions
4,0.361846774,0.361846774,0,0,0,0,0,MatchMode
3,0.417616163,0.417616163,0,0,0,0,0,String
3,0.358577155,0.358577155,0,0,0,0,0,ListGridRecord
2,0.494926929,0.494926929,0,0,0,0,0,IndexDerivedKey
2,0.27334131,0.27334131,0,0,0,0,0,TreeNode
1,0.422941845,0.422941845,0,0,0,0,0,List
1,0.399685767,0.399685767,0,0,0,0,0,Object
0,0.399008505,0.399008505,0,0,0,0,0,Criteria
5,0.604605594,0.604605594,0,0,0,0,0,ArrayList
4,0.647489439,0.647489439,0,0,0,0,0,Object
4,0.516647492,0.516647492,0,0,0,0,0,Integer
3,0.651582147,0.651582147,0,0,0,0,0,String
3,0.494866589,0.494866589,0,0,0,0,0,List
2,0.413750826,0.413750826,0,0,0,0,0,Collection
2,0.195237245,0.195237245,0,0,0,0,0,TestPrint
1,0.473887987,0.473887987,0,0,0,0,0,MyList
1,0.279108811,0.279108811,0,0,0,0,0,ExtractClass
0,0.125164523,0.125164523,0,0,0,0,0,Notes
5,0.451217357,0.451217357,0,0,0,0,0,DefaultTableModel
4,0.305257308,0.305257308,0,0,0,0,0,JTable
4,0.644415011,0.644415011,0,0,0,0,0,TableModel
10,0.267929858,0.267929858,1,0,0,0,0,JScrollPane
3,0.266333125,0.266333125,0,0,0,0,0,String
2,0.218551138,0.218551138,0,0,0,0,0,JFrame
2,0.367748274,0.367748274,0,0,0,0,0,Object
1,0.576413712,0.576413712,0,0,0,0,0,ModelPane
1,0.544235395,0.544235395,0,0,0,0,0,MyModel
0,0.466602554,0.466602554,0,0,0,0,0,AbstractTableModel
10,0.498570869,0.498570869,1,0,0,0,0,ExecutorService
4,0.593460789,0.593460789,0,0,0,0,0,Executors
4,0.117168274,0.117168274,0,0,0,0,0,System
3,0.13589395,0.13589395,0,0,0,0,0,ResourceProcessor
3,0.186205739,0.186205739,0,0,0,0,0,TimeUnit
2,0.498349247,0.498349247,0,0,0,0,0,Thread
2,0.428824604,0.428824604,0,0,0,0,0,Runnable
1,0.373905744,0.373905744,0,0,0,0,0,MyRunnable
1,0.471682225,0.471682225,0,0,0,0,0,InterruptedException
0,0.094887626,0.094887626,0,0,0,0,0,String
5,0.456264905,0.456264905,0,0,0,0,0,String
4,0.094610495,0.094610495,0,0,0,0,0,NoOfTranx
4,0.316753647,0.316753647,0,0,0,0,0,Multiset
3,0.458847009,0.458847009,0,0,0,0,0,HashMap
3,0.493341508,0.493341508,0,0,0,0,0,Map
2,0.032603109,0.032603109,0,0,0,0,0,System
2,0.529144795,0.529144795,0,0,0,0,0,List
1,0.466709748,0.466709748,0,0,0,0,0,FormElement
1,0.448931125,0.448931125,0,0,0,0,0,Integer
0,0.427666743,0.427666743,0,0,0,0,0,Column
10,0.620839773,0.620839773,1,0,0,0,0,ByteBuffer
4,0.317347738,0.317347738,0,0,0,0,0,SelectionKey
4,0.123247358,0.123247358,0,0,0,0,0,System
3,0.479863357,0.479863357,0,0,0,0,0,FloatBuffer
3,0.562693739,0.562693739,0,0,0,0,0,ByteOrder
2,0.477807782,0.477807782,0,0,0,0,0,String
2,0.347413555,0.347413555,0,0,0,0,0,SocketChannel
1,0.424830262,0.424830262,0,0,0,0,0,HeapByteBuffer
1,0.083219711,0.083219711,0,0,0,0,0,WebTransactionEvent
0,0.180644489,0.180644489,0,0,0,0,0,SSLEngineResult
5,0.209478843,0.209478843,0,0,0,0,0,WatchService
4,0.105323808,0.105323808,0,0,0,0,0,StandardWatchEventKinds
4,0.420232854,0.420232854,0,0,0,0,0,FileVisitResult
3,0.30287772,0.30287772,0,0,0,0,0,String
10,0.741476979,0.741476979,1,0,0,0,0,Path
2,0.212594873,0.212594873,0,0,0,0,0,WatchEvent
2,0.237567112,0.237567112,0,0,0,0,0,System
1,0.238076329,0.238076329,0,0,0,0,0,WatchKey
1,0.105507555,0.105507555,0,0,0,0,0,IOException
0,0.687370462,0.687370462,0,0,0,0,0,File
10,0.541873115,0.541873115,1,0,0,0,0,ListIterator
4,0.342013812,0.342013812,0,0,0,0,0,String
4,0.267200778,0.267200778,0,0,0,0,0,MovieNode
3,0.36111303,0.36111303,0,0,0,0,0,List
3,0.606217902,0.606217902,0,0,0,0,0,Element
2,0.085087542,0.085087542,0,0,0,0,0,System
2,0.619315401,0.619315401,0,0,0,0,0,Iterator
1,0.365558852,0.365558852,0,0,0,0,0,Integer
1,0.220596413,0.220596413,0,0,0,0,0,BigInt
0,0.276488461,0.276488461,0,0,0,0,0,LinkedListNode
5,0.20090788,0.20090788,0,0,0,0,0,GResults
4,0.249280562,0.249280562,0,0,0,0,0,EOFException
4,0.246545678,0.246545678,0,0,0,0,0,String
3,0.424619595,0.424619595,0,0,0,0,0,HttpEngine
3,0.361724231,0.361724231,0,0,0,0,0,IOException
2,0.206555433,0.206555433,0,0,0,0,0,GZIPInputStream
2,0.048520127,0.048520127,0,0,0,0,0,System
1,0.699747177,0.699747177,0,0,0,0,0,HttpResponse
1,0.164589143,0.164589143,0,0,0,0,0,GeneralUtils
0,0.404277873,0.404277873,0,0,0,0,0,Exception
5,0.265929231,0.265929231,0,0,0,0,0,SessionsController
4,0.401498904,0.401498904,0,0,0,0,0,String
4,0.436147295,0.436147295,0,0,0,0,0,List
3,0.440673666,0.440673666,0,0,0,0,0,Comparator
3,0.275625839,0.275625839,0,0,0,0,0,ActiveSessions
9,0.406210251,0.406210251,0,1,0,0,0,Collections
2,0.148607248,0.148607248,0,0,0,0,0,PlatformPatterns
1,0.33927549,0.33927549,0,0,0,0,0,ExampleObject
1,0.460340286,0.460340286,0,0,0,0,0,ArrayList
0,0.184932771,0.184932771,0,0,0,0,0,Renderable
5,0.136197993,0.136197993,0,0,0,0,0,Multiset
4,0.650087985,0.650087985,0,0,0,0,0,Element
10,0.650277581,0.650277581,1,0,0,0,0,Set
3,0.377663726,0.377663726,0,0,0,0,0,String
3,0.493541377,0.493541377,0,0,0,0,0,ElementBean
2,0,0,0,0,0,0,0,Addable
2,0.390451377,0.390451377,0,0,0,0,0,Integer
1,0.526696513,0.526696513,0,0,0,0,0,SortedSet
1,0.406090529,0.406090529,0,0,0,0,0,List
0,0.500920484,0.500920484,0,0,0,0,0,TreeSet
5,0.520530294,0.520530294,0,0,0,0,0,Date
4,0.437393703,0.437393703,0,0,0,0,0,Calendar
9,0.390161639,0.390161639,0,1,0,0,0,LocalDate
3,0.765220193,0.765220193,0,0,0,0,0,Week
3,0.344522021,0.344522021,0,0,0,0,0,String
2,0.096486179,0.096486179,0,0,0,0,0,System
2,0.497258649,0.497258649,0,0,0,0,0,WonkyWeeks
1,0.077384218,0.077384218,0,0,0,0,0,ChronoUnit
1,0.4853834,0.4853834,0,0,0,0,0,Period
0,0.321490009,0.321490009,0,0,0,0,0,ValueFactor
5,0.001424144,0.001424144,0,0,0,0,0,Concordance
4,0.562730083,0.562730083,0,0,0,0,0,String
4,0.374812857,0.374812857,0,0,0,0,0,Index
3,0.695335643,0.695335643,0,0,0,0,0,Integer
3,0.079835236,0.079835236,0,0,0,0,0,System
2,0.384450421,0.384450421,0,0,0,0,0,Date
2,0.535350539,0.535350539,0,0,0,0,0,HashMap
1,0.651917154,0.651917154,0,0,0,0,0,Object
1,0.176008311,0.176008311,0,0,0,0,0,Reviews
0,0,0,0,0,0,0,0,Masum
8,0.694769698,0.694769698,0,0,1,0,0,Date
4,0.385488821,0.385488821,0,0,0,0,0,HrsRemainder
4,0.401556776,0.401556776,0,0,0,0,0,String
3,0.67819589,0.67819589,0,0,0,0,0,InsertSeconds
3,0.522371229,0.522371229,0,0,0,0,0,Time
2,0.770465263,0.770465263,0,0,0,0,0,Hours
2,0.488401467,0.488401467,0,0,0,0,0,Calendar
1,0.105471301,0.105471301,0,0,0,0,0,System
1,0.766601973,0.766601973,0,0,0,0,0,Minutes
0,0.726932339,0.726932339,0,0,0,0,0,Seconds
5,0.244412072,0.244412072,0,0,0,0,0,String
4,0.135781193,0.135781193,0,0,0,0,0,System
4,0.282053877,0.282053877,0,0,0,0,0,OtherChild
3,0.315048136,0.315048136,0,0,0,0,0,JarClassLoader
3,0.131677866,0.131677866,0,0,0,0,0,WebKitFormBoundaryjtkXVNw
2,0.224087357,0.224087357,0,0,0,0,0,ManagedExecutorService
2,0.308964434,0.308964434,0,0,0,0,0,Override
1,0.184748932,0.184748932,0,0,0,0,0,Collectors
1,0.137476984,0.137476984,0,0,0,0,0,Content
0,0.081447122,0.081447122,0,0,0,0,0,GpeDAwfa
5,0.447964912,0.447964912,0,0,0,0,0,ObjectIdName
4,0.619073354,0.619073354,0,0,0,0,0,Object
4,0.148767419,0.148767419,0,0,0,0,0,Employee
3,0.108128707,0.108128707,0,0,0,0,0,Flower
3,0.410690612,0.410690612,0,0,0,0,0,String
2,0.427582286,0.427582286,0,0,0,0,0,ArrayList
2,0.247522636,0.247522636,0,0,0,0,0,Letter
1,0.104733256,0.104733256,0,0,0,0,0,Drone
1,0.297121342,0.297121342,0,0,0,0,0,Date
0,0,0,0,0,0,0,0,Raja
5,0.581641432,0.581641432,0,0,0,0,0,Monitor
4,0.316082543,0.316082543,0,0,0,0,0,ThreadPrint
4,0.361994401,0.361994401,0,0,0,0,0,Thread
3,0.638906877,0.638906877,0,0,0,0,0,MonitorAlertInstance
10,0.407140044,0.407140044,1,0,0,0,0,Object
2,0.403928498,0.403928498,0,0,0,0,0,MySingleton
2,0.340516895,0.340516895,0,0,0,0,0,InterruptedException
1,0.146337762,0.146337762,0,0,0,0,0,Date
1,0.420923512,0.420923512,0,0,0,0,0,Lock
0,0.177506537,0.177506537,0,0,0,0,0,HelperWrapper
5,0.591177418,0.591177418,0,0,0,0,0,Date
4,0.486333307,0.486333307,0,0,0,0,0,Calendar
4,0.392748564,0.392748564,0,0,0,0,0,XMLGregorianCalendar
3,0.30717636,0.30717636,0,0,0,0,0,DatatypeFactory
3,0.551212386,0.551212386,0,0,0,0,0,TimeZone
10,0.607309934,0.607309934,1,0,0,0,0,GregorianCalendar
2,0.374591504,0.374591504,0,0,0,0,0,DatatypeConfigurationException
1,0.262957513,0.262957513,0,0,0,0,0,String
1,0.329721475,0.329721475,0,0,0,0,0,DatatypeConstants
0,0.232735854,0.232735854,0,0,0,0,0,System
5,0.518507184,0.518507184,0,0,0,0,0,DefaultMutableTreeNode
4,0.383540659,0.383540659,0,0,0,0,0,JTree
10,0.206809812,0.206809812,1,0,0,0,0,DefaultTreeModel
3,0.426749773,0.426749773,0,0,0,0,0,TreePath
3,0.247899358,0.247899358,0,0,0,0,0,String
2,0.172228755,0.172228755,0,0,0,0,0,Override
2,0.266281981,0.266281981,0,0,0,0,0,JFrame
1,0.518931799,0.518931799,0,0,0,0,0,UniqueNode
1,0.272392103,0.272392103,0,0,0,0,0,TreeTransferHandler
0,0.493671925,0.493671925,0,0,0,0,0,ExpandVetoException
5,0.341612156,0.341612156,0,0,0,0,0,HashSet
4,0.170006983,0.170006983,0,0,0,0,0,Person
4,0.233847291,0.233847291,0,0,0,0,0,Set
10,0.636007076,0.636007076,1,0,0,0,0,String
3,0.144485327,0.144485327,0,0,0,0,0,UrlLinkHref
2,0.083588864,0.083588864,0,0,0,0,0,System
2,0.472367918,0.472367918,0,0,0,0,0,Arrays
1,0.343149722,0.343149722,0,0,0,0,0,SortedSet
1,0.488589972,0.488589972,0,0,0,0,0,List
0,0.216659182,0.216659182,0,0,0,0,0,UniqueFruits
5,0.108559303,0.108559303,0,0,0,0,0,DbValuesEnumIface
4,0.388668443,0.388668443,0,0,0,0,0,String
4,0.231870796,0.231870796,0,0,0,0,0,MobileCapabilityType
3,0.356616741,0.356616741,0,0,0,0,0,ArrayFilter
3,0.092290445,0.092290445,0,0,0,0,0,Printer
2,0.237792575,0.237792575,0,0,0,0,0,JDBCHelper
2,0.479284467,0.479284467,0,0,0,0,0,Object
1,0.18526531,0.18526531,0,0,0,0,0,BiConsumer
1,0.061591192,0.061591192,0,0,0,0,0,GradeManager
0,0.396242065,0.396242065,0,0,0,0,0,Derived
10,0.357325705,0.357325705,1,0,0,0,0,ResultSet
4,0.480810284,0.480810284,0,0,0,0,0,PrintWriter
4,0.419792839,0.419792839,0,0,0,0,0,String
3,0.268057738,0.268057738,0,0,0,0,0,LinkTag
3,0.268926575,0.268926575,0,0,0,0,0,System
2,0.682899719,0.682899719,0,0,0,0,0,File
2,0.162822229,0.162822229,0,0,0,0,0,CssSelectorNodeFilter
1,0.432065871,0.432065871,0,0,0,0,0,FileWriter
1,0.129168952,0.129168952,0,0,0,0,0,Exception
0,0.182483934,0.182483934,0,0,0,0,0,Connection
5,0.42558178,0.42558178,0,0,0,0,0,FirstResourceClass
4,0.435845703,0.435845703,0,0,0,0,0,String
4,0.241841987,0.241841987,0,0,0,0,0,AudioRecording
3,0.156023077,0.156023077,0,0,0,0,0,System
3,0.565387237,0.565387237,0,0,0,0,0,ArrayList
2,0.162467843,0.162467843,0,0,0,0,0,Instant
2,0.390989445,0.390989445,0,0,0,0,0,Interval
1,0.201536768,0.201536768,0,0,0,0,0,RecyclerView
1,0.276210927,0.276210927,0,0,0,0,0,JavaSound
0,0.18676499,0.18676499,0,0,0,0,0,JDBCHelper
10,0.668460099,0.668460099,1,0,0,0,0,Socket
4,0.515167257,0.515167257,0,0,0,0,0,SocketTimeoutException
4,0.560844964,0.560844964,0,0,0,0,0,ServerSocket
3,0.258640889,0.258640889,0,0,0,0,0,ObjectInputStream
3,0.108817765,0.108817765,0,0,0,0,0,IPEndPoint
2,0.2487412,0.2487412,0,0,0,0,0,ServerLogic
2,0.208320216,0.208320216,0,0,0,0,0,InetSocketAddress
1,0.153364143,0.153364143,0,0,0,0,0,IOException
1,0.164075743,0.164075743,0,0,0,0,0,System
0,0.478341532,0.478341532,0,0,0,0,0,SocketAddress
10,0.365256675,0.365256675,1,0,0,0,0,AffineTransform
4,0.342621855,0.342621855,0,0,0,0,0,BufferedImage
4,0.559282029,0.559282029,0,0,0,0,0,Graphics
3,0.279501693,0.279501693,0,0,0,0,0,Point
3,0.098891295,0.098891295,0,0,0,0,0,LayerUtility
2,0.535501886,0.535501886,0,0,0,0,0,Rectangle
2,0.336849637,0.336849637,0,0,0,0,0,AffineTransformOp
1,0.395180733,0.395180733,0,0,0,0,0,NoninvertibleTransformException
1,0.37966715,0.37966715,0,0,0,0,0,StrokeExample
0,0.274126708,0.274126708,0,0,0,0,0,Math
5,0.35484979,0.35484979,0,0,0,0,0,JTable
10,0.255655709,0.255655709,1,0,0,0,0,DefaultTableModel
4,0.328153055,0.328153055,0,0,0,0,0,String
3,0.332200929,0.332200929,0,0,0,0,0,Object
3,0.516599144,0.516599144,0,0,0,0,0,CellPanel
2,0.384336756,0.384336756,0,0,0,0,0,TableModel
2,0.029442828,0.029442828,0,0,0,0,0,Override
1,0.058529844,0.058529844,0,0,0,0,0,Purchase
1,0.361587982,0.361587982,0,0,0,0,0,ArrayList
0,0.087430186,0.087430186,0,0,0,0,0,AdvancePayment
10,0.388501082,0.388501082,1,0,0,0,0,String
4,0.196952957,0.196952957,0,0,0,0,0,PrimeLineNo
4,0.099823805,0.099823805,0,0,0,0,0,System
3,0.221441973,0.221441973,0,0,0,0,0,SubLineNo
3,0.271804799,0.271804799,0,0,0,0,0,BufferedReader
2,0.435543682,0.435543682,0,0,0,0,0,Comparator
2,0.742576761,0.742576761,0,0,0,0,0,OrderLines
1,0.415586231,0.415586231,0,0,0,0,0,List
1,0.300259321,0.300259321,0,0,0,0,0,File
0,0.330502583,0.330502583,0,0,0,0,0,Collections
5,0.003821337,0.003821337,0,0,0,0,0,Merchant
4,0.615293359,0.615293359,0,0,0,0,0,Slot
10,0.639373423,0.639373423,1,0,0,0,0,String
3,0.10514289,0.10514289,0,0,0,0,0,System
3,0.303886544,0.303886544,0,0,0,0,0,Random
2,0,0,0,0,0,0,0,Monsieur
2,0.070055649,0.070055649,0,0,0,0,0,Boots
1,0.570593667,0.570593667,0,0,0,0,0,ArrayList
1,0.43275904,0.43275904,0,0,0,0,0,EarliestCommonSlot
0,0.521580869,0.521580869,0,0,0,0,0,Integer
5,0.580257841,0.580257841,0,0,0,0,0,Thread
4,0.354867212,0.354867212,0,0,0,0,0,String
4,0.096254367,0.096254367,0,0,0,0,0,System
3,0.580257841,0.580257841,0,0,0,0,0,Threads
3,0.293558383,0.293558383,0,0,0,0,0,Runnable
2,0.221893193,0.221893193,0,0,0,0,0,Date
2,0.325237518,0.325237518,0,0,0,0,0,ParserThread
1,0.277128984,0.277128984,0,0,0,0,0,Active
1,0.294914288,0.294914288,0,0,0,0,0,ArrayList
0,0.165312959,0.165312959,0,0,0,0,0,NotDirectoryException
10,0.408115063,0.408115063,1,0,0,0,0,TreeMap
4,0.463791858,0.463791858,0,0,0,0,0,String
4,0.465128922,0.465128922,0,0,0,0,0,Map
3,0.31647963,0.31647963,0,0,0,0,0,Comparator
3,0.465544719,0.465544719,0,0,0,0,0,Integer
2,0.450820249,0.450820249,0,0,0,0,0,HashMap
2,0.297780397,0.297780397,0,0,0,0,0,TreeSet
1,0.254840181,0.254840181,0,0,0,0,0,LinkedHashMap
1,0.069541483,0.069541483,0,0,0,0,0,System
0,0.402130396,0.402130396,0,0,0,0,0,Date
10,0.328656202,0.328656202,1,0,0,0,0,Scanner
4,0.291952391,0.291952391,0,0,0,0,0,BufferedReader
4,0.707952109,0.707952109,0,0,0,0,0,Integer
3,0.240592303,0.240592303,0,0,0,0,0,FileNotFoundException
3,0.582887498,0.582887498,0,0,0,0,0,String
2,0.457762275,0.457762275,0,0,0,0,0,FileReader
2,0.116034548,0.116034548,0,0,0,0,0,StockDataBase
1,0.280758562,0.280758562,0,0,0,0,0,RoomData
1,0.164346321,0.164346321,0,0,0,0,0,System
0,0.656301466,0.656301466,0,0,0,0,0,File
5,0.486865187,0.486865187,0,0,0,0,0,ZipEntry
4,0.515204164,0.515204164,0,0,0,0,0,ZipOutputStream
4,0.196845854,0.196845854,0,0,0,0,0,String
3,0.339655274,0.339655274,0,0,0,0,0,File
3,0.4349602,0.4349602,0,0,0,0,0,ProgressMonitor
2,0.192510889,0.192510889,0,0,0,0,0,System
2,0.160387016,0.160387016,0,0,0,0,0,IOException
1,0.306737442,0.306737442,0,0,0,0,0,FileOutputStream
1,0.515204164,0.515204164,0,0,0,0,0,ZipInputStream
0,0.641276078,0.641276078,0,0,0,0,0,Zip
5,0.611240611,0.611240611,0,0,0,0,0,Date
4,0.349479182,0.349479182,0,0,0,0,0,String
4,0.132568898,0.132568898,0,0,0,0,0,SimpleDateFormat
3,0.322777593,0.322777593,0,0,0,0,0,PrettyDate
3,0.137174386,0.137174386,0,0,0,0,0,Atmosphere
2,0.18636414,0.18636414,0,0,0,0,0,System
2,0.216638035,0.216638035,0,0,0,0,0,Override
1,0.497416365,0.497416365,0,0,0,0,0,ExtendedDate
1,0.259189705,0.259189705,0,0,0,0,0,FinalField
0,0.248615812,0.248615812,0,0,0,0,0,ArrayList
5,0.605090333,0.605090333,0,0,0,0,0,FindGlycopeps
4,0.594111706,0.594111706,0,0,0,0,0,Find
4,0.28882287,0.28882287,0,0,0,0,0,Matcher
3,0.152677122,0.152677122,0,0,0,0,0,Ray
10,0.654362705,0.654362705,1,0,0,0,0,String
2,0.081476565,0.081476565,0,0,0,0,0,System
2,0.332730977,0.332730977,0,0,0,0,0,Scanner
1,0.198882198,0.198882198,0,0,0,0,0,Pattern
1,0.469132545,0.469132545,0,0,0,0,0,ArrayList
0,0.280662878,0.280662878,0,0,0,0,0,NodeTree
5,0.162247858,0.162247858,0,0,0,0,0,URISyntaxException
4,0.220183602,0.220183602,0,0,0,0,0,ResourceUsing
4,0.270341689,0.270341689,0,0,0,0,0,String
3,0.22238808,0.22238808,0,0,0,0,0,Uri
3,0.207945927,0.207945927,0,0,0,0,0,ComparisonTest
10,0.569718713,0.569718713,1,0,0,0,0,File
2,0.227388975,0.227388975,0,0,0,0,0,System
1,0.360045887,0.360045887,0,0,0,0,0,FileReader
1,0.099900046,0.099900046,0,0,0,0,0,Exception
0,0.172727851,0.172727851,0,0,0,0,0,MalformedURLException
5,0.067960827,0.067960827,0,0,0,0,0,Concordance
4,0.606829578,0.606829578,0,0,0,0,0,HashMap
4,0.411867273,0.411867273,0,0,0,0,0,Entry
3,0.590923868,0.590923868,0,0,0,0,0,HashSet
3,0.665171083,0.665171083,0,0,0,0,0,Bucket
2,0.380809196,0.380809196,0,0,0,0,0,String
2,0.081920066,0.081920066,0,0,0,0,0,System
1,0.225357888,0.225357888,0,0,0,0,0,Product
1,0.427571897,0.427571897,0,0,0,0,0,Map
0,0.290441858,0.290441858,0,0,0,0,0,TreeSet
5,0.370185699,0.370185699,0,0,0,0,0,Date
4,0.60473273,0.60473273,0,0,0,0,0,ArrayList
4,0.673307595,0.673307595,0,0,0,0,0,String
3,0.673664276,0.673664276,0,0,0,0,0,List
9,0.44500242,0.44500242,0,1,0,0,0,HashMap
2,0.326817291,0.326817291,0,0,0,0,0,HMin
2,0,0,0,0,0,0,0,Bild
10,0.47659658,0.47659658,1,0,0,0,0,Map
1,0.055248726,0.055248726,0,0,0,0,0,Incident
0,0,0,0,0,0,0,0,Elina
10,0.277103265,0.277103265,1,0,0,0,0,Collectors
4,0.329554188,0.329554188,0,0,0,0,0,Index
4,0.432384521,0.432384521,0,0,0,0,0,List
3,0.407901616,0.407901616,0,0,0,0,0,String
3,0.620328583,0.620328583,0,0,0,0,0,Map
2,0.641407442,0.641407442,0,0,0,0,0,Stream
2,0.463678695,0.463678695,0,0,0,0,0,StreamConfiguration
1,0.602522449,0.602522449,0,0,0,0,0,Value
1,0.143800024,0.143800024,0,0,0,0,0,Person
0,0.299148234,0.299148234,0,0,0,0,0,MatchResult
5,0.70508121,0.70508121,0,0,0,0,0,Date
4,0.265117278,0.265117278,0,0,0,0,0,SimpleDateFormat
4,0.033759611,0.033759611,0,0,0,0,0,Mar
3,0.393467544,0.393467544,0,0,0,0,0,String
3,0.463188575,0.463188575,0,0,0,0,0,PrettyDate
2,0.13466259,0.13466259,0,0,0,0,0,System
2,0.488591821,0.488591821,0,0,0,0,0,Formats
1,0.040964964,0.040964964,0,0,0,0,0,Atmosphere
1,0.481083711,0.481083711,0,0,0,0,0,ParseException
0,0.152089192,0.152089192,0,0,0,0,0,IllegalDateFormatException
5,0.586655755,0.586655755,0,0,0,0,0,String
4,0.744767496,0.744767496,0,0,0,0,0,Integer
4,0.07146052,0.07146052,0,0,0,0,0,System
3,0.295692326,0.295692326,0,0,0,0,0,Derived
3,0.317094651,0.317094651,0,0,0,0,0,HasType
2,0.451241083,0.451241083,0,0,0,0,0,List
2,0.178863206,0.178863206,0,0,0,0,0,GradeManager
1,0.068191268,0.068191268,0,0,0,0,0,Bar
1,0.012738099,0.012738099,0,0,0,0,0,InstrumentationImpl
0,0.256435158,0.256435158,0,0,0,0,0,LabelNode
5,0.18756109,0.18756109,0,0,0,0,0,DropChecker
4,0.649257816,0.649257816,0,0,0,0,0,Integer
4,0.353848307,0.353848307,0,0,0,0,0,Index
3,0.512096726,0.512096726,0,0,0,0,0,String
3,0.068026043,0.068026043,0,0,0,0,0,System
2,0.36214652,0.36214652,0,0,0,0,0,Date
2,0.209608186,0.209608186,0,0,0,0,0,GetDropColumn
1,0.479213748,0.479213748,0,0,0,0,0,List
1,0.038552019,0.038552019,0,0,0,0,0,Reviews
0,0.647412082,0.647412082,0,0,0,0,0,Array
5,0.458100818,0.458100818,0,0,0,0,0,String
4,0.178166079,0.178166079,0,0,0,0,0,DbValuesEnumIface
4,0.183806493,0.183806493,0,0,0,0,0,LogisticRegressionClassifier
3,0.690455471,0.690455471,0,0,0,0,0,ArrayList
3,0.049115298,0.049115298,0,0,0,0,0,Instant
2,0.100816142,0.100816142,0,0,0,0,0,System
2,0.113919404,0.113919404,0,0,0,0,0,XValidatingObjectCorpus
1,0.4961826,0.4961826,0,0,0,0,0,Integer
1,0.225354156,0.225354156,0,0,0,0,0,JDBCHelper
0,0.673433374,0.673433374,0,0,0,0,0,List
5,0.446493173,0.446493173,0,0,0,0,0,PriorityQueue
4,0.294376636,0.294376636,0,0,0,0,0,MinHeap
4,0.095069298,0.095069298,0,0,0,0,0,PQExample
3,0.240494542,0.240494542,0,0,0,0,0,String
3,0.294180463,0.294180463,0,0,0,0,0,Integer
2,0.294390245,0.294390245,0,0,0,0,0,MinTreeHeap
2,0.296719198,0.296719198,0,0,0,0,0,PrimEdege
1,0.165956081,0.165956081,0,0,0,0,0,PQCopy
1,0.294481062,0.294481062,0,0,0,0,0,Comparable
0,0.220063408,0.220063408,0,0,0,0,0,MapNode
10,0.215129955,0.215129955,1,0,0,0,0,JFileChooser
4,0.575191389,0.575191389,0,0,0,0,0,ImageComponent
4,0.662757574,0.662757574,0,0,0,0,0,Component
3,0.267542837,0.267542837,0,0,0,0,0,GetFocusForJTextField
3,0.147306622,0.147306622,0,0,0,0,0,FileNameExtensionFilter
2,0.201582759,0.201582759,0,0,0,0,0,String
2,0.288093937,0.288093937,0,0,0,0,0,JFrame
1,0.307844805,0.307844805,0,0,0,0,0,File
9,0.395073563,0.395073563,0,1,0,0,0,JComponent
0,0.253886078,0.253886078,0,0,0,0,0,JButton
5,0.21360041,0.21360041,0,0,0,0,0,ResultSetMetaData
4,0.543500483,0.543500483,0,0,0,0,0,String
4,0.500937617,0.500937617,0,0,0,0,0,DataRetrieve
3,0.390796921,0.390796921,0,0,0,0,0,ResultSet
3,0.050714796,0.050714796,0,0,0,0,0,System
2,0,0,0,0,0,0,0,Qtr
2,0.220712598,0.220712598,0,0,0,0,0,TheModel
1,0.494350557,0.494350557,0,0,0,0,0,Object
10,0.650067509,0.650067509,1,0,0,0,0,ArrayList
0,0.382660191,0.382660191,0,0,0,0,0,Date
5,0.413941107,0.413941107,0,0,0,0,0,Date
9,0.266063431,0.266063431,0,1,0,0,0,DateTimeFormatter
4,0.607311802,0.607311802,0,0,0,0,0,Locale
10,0.146357171,0.146357171,1,0,0,0,0,SimpleDateFormat
3,0.240751289,0.240751289,0,0,0,0,0,String
2,0.716691353,0.716691353,0,0,0,0,0,TimeZone
2,0.255006762,0.255006762,0,0,0,0,0,System
1,0.404797815,0.404797815,0,0,0,0,0,DateTimeZone
1,0.453980415,0.453980415,0,0,0,0,0,ZonedDateTime
0,0.384914761,0.384914761,0,0,0,0,0,DateFormat
5,0.663135984,0.663135984,0,0,0,0,0,Random
4,0.391163268,0.391163268,0,0,0,0,0,RandomNumsList
4,0.266097336,0.266097336,0,0,0,0,0,Math
3,0.508434983,0.508434983,0,0,0,0,0,Integer
3,0.570796673,0.570796673,0,0,0,0,0,ArrayList
2,0.454918136,0.454918136,0,0,0,0,0,String
2,0.053885045,0.053885045,0,0,0,0,0,System
10,0.35393555,0.35393555,1,0,0,0,0,Collections
1,0.722000038,0.722000038,0,0,0,0,0,NonRepeat
0,0.457020938,0.457020938,0,0,0,0,0,ShowArray
5,0.355190244,0.355190244,0,0,0,0,0,String
4,0.424985391,0.424985391,0,0,0,0,0,Object
4,0,0,0,0,0,0,0,Positionable
3,0.294284619,0.294284619,0,0,0,0,0,LocalDate
3,0.604728257,0.604728257,0,0,0,0,0,Comparator
2,0.265786478,0.265786478,0,0,0,0,0,Override
2,0.374707499,0.374707499,0,0,0,0,0,ElementType
1,0.180434141,0.180434141,0,0,0,0,0,JRAbstractBeanDataSource
1,0.174130327,0.174130327,0,0,0,0,0,RequestProcessor
0,0.604728257,0.604728257,0,0,0,0,0,Comparable
5,0.1992283,0.1992283,0,0,0,0,0,UnaryFunction
4,0.583195806,0.583195806,0,0,0,0,0,ArrayList
4,0.446090868,0.446090868,0,0,0,0,0,String
3,0.657529602,0.657529602,0,0,0,0,0,List
3,0.419898187,0.419898187,0,0,0,0,0,Object
2,0,0,0,0,0,0,0,Flyer
2,0.174020917,0.174020917,0,0,0,0,0,CourseGroupBean
1,0.63649534,0.63649534,0,0,0,0,0,Value
1,0.020692299,0.020692299,0,0,0,0,0,Bird
0,0.436600434,0.436600434,0,0,0,0,0,Integer
5,0.644599561,0.644599561,0,0,0,0,0,Date
4,0.376642179,0.376642179,0,0,0,0,0,String
4,0.204968549,0.204968549,0,0,0,0,0,CreateLab
3,0.163593572,0.163593572,0,0,0,0,0,System
3,0.614345332,0.614345332,0,0,0,0,0,Time
2,0.348698802,0.348698802,0,0,0,0,0,PrettyDate
2,0.19350613,0.19350613,0,0,0,0,0,FinalField
1,0.482633101,0.482633101,0,0,0,0,0,ExtendedDate
1,0.291138995,0.291138995,0,0,0,0,0,ResultSet
0,0.299213612,0.299213612,0,0,0,0,0,Formats
5,0.742651321,0.742651321,0,0,0,0,0,Constructor
10,0.405888625,0.405888625,1,0,0,0,0,Integer
4,0.452855588,0.452855588,0,0,0,0,0,Object
3,0.368412465,0.368412465,0,0,0,0,0,String
3,0.345252752,0.345252752,0,0,0,0,0,Value
2,0.134549296,0.134549296,0,0,0,0,0,System
2,0.233395107,0.233395107,0,0,0,0,0,Range
1,0.089470195,0.089470195,0,0,0,0,0,NoSuchMethodException
1,0.214269738,0.214269738,0,0,0,0,0,HashSet
0,0.324908972,0.324908972,0,0,0,0,0,MyUsingClass
5,0.249703188,0.249703188,0,0,0,0,0,String
10,0.583629748,0.583629748,1,0,0,0,0,Map
4,0.063796165,0.063796165,0,0,0,0,0,MyDataClass
3,0.232111719,0.232111719,0,0,0,0,0,NestedBean
3,0.411740838,0.411740838,0,0,0,0,0,HashMap
2,0.202139423,0.202139423,0,0,0,0,0,Integer
2,0.347007055,0.347007055,0,0,0,0,0,List
1,0.157415677,0.157415677,0,0,0,0,0,DataItem
1,0.101557136,0.101557136,0,0,0,0,0,System
0,0,0,0,0,0,0,0,Theimage
5,0.283003766,0.283003766,0,0,0,0,0,Scanner
10,0.670545236,0.670545236,1,0,0,0,0,String
4,0.669281047,0.669281047,0,0,0,0,0,Character
3,0.023711252,0.023711252,0,0,0,0,0,System
3,0.345379738,0.345379738,0,0,0,0,0,TextAttribute
2,0.159654097,0.159654097,0,0,0,0,0,JOptionPane
2,0.132088015,0.132088015,0,0,0,0,0,Jan
1,0.173319891,0.173319891,0,0,0,0,0,AcroFields
1,0.389329324,0.389329324,0,0,0,0,0,SizeSequence
0,0.123004711,0.123004711,0,0,0,0,0,Oct
5,0.714704227,0.714704227,0,0,0,0,0,Growing
4,0.470635845,0.470635845,0,0,0,0,0,GrowingFlower
4,0.383235173,0.383235173,0,0,0,0,0,String
3,0.139855756,0.139855756,0,0,0,0,0,ActorWorld
3,-0.008698093,-0.008698093,0,0,0,0,0,System
2,0.640243132,0.640243132,0,0,0,0,0,List
2,0.031543842,0.031543842,0,0,0,0,0,Dawg
1,0.577462773,0.577462773,0,0,0,0,0,ArrayList
1,0.749375043,0.749375043,0,0,0,0,0,GrowingArray
0,0.389106946,0.389106946,0,0,0,0,0,AbstractGrowingScrollTable
9,0.598761626,0.598761626,0,1,0,0,0,Scanner
4,0.288498406,0.288498406,0,0,0,0,0,String
4,0.63039256,0.63039256,0,0,0,0,0,File
3,0.296388792,0.296388792,0,0,0,0,0,RCar
3,0.233128033,0.233128033,0,0,0,0,0,System
2,0.019461853,0.019461853,0,0,0,0,0,Antilog
2,0.411943207,0.411943207,0,0,0,0,0,FileFilter
1,0,0,0,0,0,0,0,Dauresselam
1,0.096930149,0.096930149,0,0,0,0,0,IOException
0,0,0,0,0,0,0,0,Statbook
5,0.452440478,0.452440478,0,0,0,0,0,TrayIcon
4,0.791117715,0.791117715,0,0,0,0,0,PopupMenu
10,0.79270378,0.79270378,1,0,0,0,0,MenuItem
3,0.138514256,0.138514256,0,0,0,0,0,Override
3,0.477487648,0.477487648,0,0,0,0,0,PopupMenuEvent
2,0.23799061,0.23799061,0,0,0,0,0,String
2,0.404672659,0.404672659,0,0,0,0,0,CheckboxMenuItem
1,0.340547592,0.340547592,0,0,0,0,0,SystemTray
1,0.417330675,0.417330675,0,0,0,0,0,View
0,0.545345746,0.545345746,0,0,0,0,0,ShowMessageListener
5,0.325029299,0.325029299,0,0,0,0,0,Date
4,0.297845578,0.297845578,0,0,0,0,0,BufferedReader
10,0.449421082,0.449421082,1,0,0,0,0,String
3,0.553992085,0.553992085,0,0,0,0,0,ArrayList
3,0.152875313,0.152875313,0,0,0,0,0,System
2,0.636701978,0.636701978,0,0,0,0,0,File
2,0.442150196,0.442150196,0,0,0,0,0,FileReader
1,0.085924794,0.085924794,0,0,0,0,0,IOException
1,0.155059446,0.155059446,0,0,0,0,0,SimpleDateFormat
0,0.297133654,0.297133654,0,0,0,0,0,Scanner
5,0.708963609,0.708963609,0,0,0,0,0,Comparator
10,0.641678254,0.641678254,1,0,0,0,0,String
4,0.518813604,0.518813604,0,0,0,0,0,Integer
3,0.033678804,0.033678804,0,0,0,0,0,System
3,0.347711468,0.347711468,0,0,0,0,0,Collections
2,0.492005757,0.492005757,0,0,0,0,0,VersionComparator
2,0.203081911,0.203081911,0,0,0,0,0,ConcurrentSkipListSet
1,0.620797725,0.620797725,0,0,0,0,0,MyComparator
1,0.177956769,0.177956769,0,0,0,0,0,Collectors
0,0.456834161,0.456834161,0,0,0,0,0,Arrays
5,0.522292711,0.522292711,0,0,0,0,0,TextField
4,0.357059467,0.357059467,0,0,0,0,0,String
4,0.164030479,0.164030479,0,0,0,0,0,Override
3,0.643216003,0.643216003,0,0,0,0,0,Enter
3,0.233657804,0.233657804,0,0,0,0,0,JTextField
2,0.362212662,0.362212662,0,0,0,0,0,TextFormatter
2,0.233657804,0.233657804,0,0,0,0,0,JFormattedTextField
1,0.384737548,0.384737548,0,0,0,0,0,StringConverter
1,0.3338637,0.3338637,0,0,0,0,0,SliderType
0,0.15084944,0.15084944,0,0,0,0,0,LocalTextChangeListener
5,0.295079872,0.295079872,0,0,0,0,0,DefaultTableCellRenderer
4,0.226648558,0.226648558,0,0,0,0,0,String
4,0.246092032,0.246092032,0,0,0,0,0,JTable
3,0.289398345,0.289398345,0,0,0,0,0,Object
3,0.381627187,0.381627187,0,0,0,0,0,TableCellRenderer
2,0.181164983,0.181164983,0,0,0,0,0,Override
2,0.176587581,0.176587581,0,0,0,0,0,JFrame
1,0.390429486,0.390429486,0,0,0,0,0,DefaultTableModel
1,0.3736217,0.3736217,0,0,0,0,0,Color
0,0.294152231,0.294152231,0,0,0,0,0,TableCellListener
5,0.373261303,0.373261303,0,0,0,0,0,JButton
4,0.63658335,0.63658335,0,0,0,0,0,AlignImage
4,0.328420685,0.328420685,0,0,0,0,0,String
3,0.2191586,0.2191586,0,0,0,0,0,Td
3,0.402842878,0.402842878,0,0,0,0,0,JPanel
2,0.31788845,0.31788845,0,0,0,0,0,JFrame
2,0.390373472,0.390373472,0,0,0,0,0,JLabel
1,0.608195496,0.608195496,0,0,0,0,0,ImageIcon
1,0.33943081,0.33943081,0,0,0,0,0,UserKeyInput
0,0.494043761,0.494043761,0,0,0,0,0,EmptyIcon
5,0.676336017,0.676336017,0,0,0,0,0,Range
4,0.618491994,0.618491994,0,0,0,0,0,LetterRange
4,0.467742282,0.467742282,0,0,0,0,0,WrappedRange
3,0.375383114,0.375383114,0,0,0,0,0,Date
3,0.595269491,0.595269491,0,0,0,0,0,DateRange
10,0.64216158,0.64216158,1,0,0,0,0,String
2,0.12278514,0.12278514,0,0,0,0,0,System
1,0.433644657,0.433644657,0,0,0,0,0,List
1,0.45358532,0.45358532,0,0,0,0,0,Letters
0,0.441544399,0.441544399,0,0,0,0,0,Value
5,0.42306505,0.42306505,0,0,0,0,0,JPanel
4,0,0,0,0,0,0,0,Anzpunkte
4,0.347814947,0.347814947,0,0,0,0,0,JFrame
3,0.281693805,0.281693805,0,0,0,0,0,String
3,0.478091911,0.478091911,0,0,0,0,0,Graphics
2,0.725023289,0.725023289,0,0,0,0,0,DrawPanel
2,0.152118331,0.152118331,0,0,0,0,0,Override
1,0.347515728,0.347515728,0,0,0,0,0,FractalSquare
1,0.161637059,0.161637059,0,0,0,0,0,CircSpiral
0,0.349998132,0.349998132,0,0,0,0,0,Color
5,0.219698592,0.219698592,0,0,0,0,0,Bread
10,0.624731031,0.624731031,1,0,0,0,0,String
4,0.062899401,0.062899401,0,0,0,0,0,System
3,0.565706522,0.565706522,0,0,0,0,0,RegexReplace
3,0.290436382,0.290436382,0,0,0,0,0,IsLm
2,0.001460429,0.001460429,0,0,0,0,0,IsSk
2,0.463907977,0.463907977,0,0,0,0,0,ReplaceVar
1,0.329911078,0.329911078,0,0,0,0,0,InCombiningDiacriticalMarks
1,0.573705939,0.573705939,0,0,0,0,0,Java
0,0.646426786,0.646426786,0,0,0,0,0,Replace
5,0.544396265,0.544396265,0,0,0,0,0,CsvSchema
4,0.193616808,0.193616808,0,0,0,0,0,PersonDetailsCSVTemplate
4,0.308200064,0.308200064,0,0,0,0,0,MappingIterator
3,0.325606558,0.325606558,0,0,0,0,0,String
3,0.442840756,0.442840756,0,0,0,0,0,JsonPropertyOrder
2,0.148225149,0.148225149,0,0,0,0,0,IOException
2,0.327100282,0.327100282,0,0,0,0,0,List
1,0.336245337,0.336245337,0,0,0,0,0,ObjectMapper
1,0.139638906,0.139638906,0,0,0,0,0,System
0,0.552821227,0.552821227,0,0,0,0,0,CsvMapper
5,0.42867399,0.42867399,0,0,0,0,0,ContactType
10,0.595020095,0.595020095,1,0,0,0,0,ParameterizedType
4,0.326783931,0.326783931,0,0,0,0,0,String
3,0.663556197,0.663556197,0,0,0,0,0,Type
3,0.300841938,0.300841938,0,0,0,0,0,MyAnnotation
2,0.34955301,0.34955301,0,0,0,0,0,List
2,0.233989977,0.233989977,0,0,0,0,0,Foo
1,0.256150756,0.256150756,0,0,0,0,0,Date
1,0.272982237,0.272982237,0,0,0,0,0,Integer
0,0.199324924,0.199324924,0,0,0,0,0,CustomerModel
5,0.264405819,0.264405819,0,0,0,0,0,DriverManager
4,0.574832757,0.574832757,0,0,0,0,0,Connection
4,0.578453489,0.578453489,0,0,0,0,0,String
3,0.198172257,0.198172257,0,0,0,0,0,GUIChooser
3,0.528668456,0.528668456,0,0,0,0,0,DatabaseFile
2,0.17497992,0.17497992,0,0,0,0,0,JOptionPane
2,0.242913335,0.242913335,0,0,0,0,0,Server
1,0.335395575,0.335395575,0,0,0,0,0,CoreConnection
1,0.310177135,0.310177135,0,0,0,0,0,StatementSchema
0,0.299012538,0.299012538,0,0,0,0,0,DatabaseUtils
5,0.645619809,0.645619809,0,0,0,0,0,Child
4,0.74576495,0.74576495,0,0,0,0,0,Parent
4,0.149785992,0.149785992,0,0,0,0,0,PuntoImpl
3,0.342755629,0.342755629,0,0,0,0,0,String
3,0.223036669,0.223036669,0,0,0,0,0,OperatorTerm
2,0.125846571,0.125846571,0,0,0,0,0,System
2,0.756342485,0.756342485,0,0,0,0,0,Override
10,0.414438862,0.414438862,1,0,0,0,0,Object
1,0.308907775,0.308907775,0,0,0,0,0,StaticPractise
0,-0.016881483,-0.016881483,0,0,0,0,0,Fruit
5,0.330534147,0.330534147,0,0,0,0,0,HashSet
4,0.278997846,0.278997846,0,0,0,0,0,Objects
4,0.189246988,0.189246988,0,0,0,0,0,LocalDate
10,0.278997846,0.278997846,1,0,0,0,0,Object
3,0.231476977,0.231476977,0,0,0,0,0,String
2,0.274783549,0.274783549,0,0,0,0,0,AtomicInteger
2,0.304298019,0.304298019,0,0,0,0,0,MutableTuple
1,0.351113834,0.351113834,0,0,0,0,0,Override
1,0.163322925,0.163322925,0,0,0,0,0,PhoneNumber
0,0.063268805,0.063268805,0,0,0,0,0,Ngram
5,0.658350297,0.658350297,0,0,0,0,0,Collection
4,0.390491173,0.390491173,0,0,0,0,0,CustomObject
4,0.345886929,0.345886929,0,0,0,0,0,CacheableObject
3,0.403804319,0.403804319,0,0,0,0,0,String
3,0.644818188,0.644818188,0,0,0,0,0,Object
2,0.196438525,0.196438525,0,0,0,0,0,CInjectorFactory
2,0.428246007,0.428246007,0,0,0,0,0,MyClass
1,0.489956727,0.489956727,0,0,0,0,0,ArrayList
1,0.251748589,0.251748589,0,0,0,0,0,MailItem
0,0.499904347,0.499904347,0,0,0,0,0,List
5,0.1194358,0.1194358,0,0,0,0,0,DbValuesEnumIface
4,0.312351647,0.312351647,0,0,0,0,0,String
10,0.423189021,0.423189021,1,0,0,0,0,Object
3,0.124486358,0.124486358,0,0,0,0,0,System
3,0.557230815,0.557230815,0,0,0,0,0,Override
2,0.224094481,0.224094481,0,0,0,0,0,JDBCHelper
2,0.134273444,0.134273444,0,0,0,0,0,GradeManager
1,0,0,0,0,0,0,0,Telescope
1,-0.028591405,-0.028591405,0,0,0,0,0,Printer
0,0,0,0,0,0,0,0,Recordnum
5,0.652094662,0.652094662,0,0,0,0,0,Enum
4,0.337451564,0.337451564,0,0,0,0,0,String
4,0.155399018,0.155399018,0,0,0,0,0,IRequestListener
3,0.402771356,0.402771356,0,0,0,0,0,ValueGetter
3,0.210905429,0.210905429,0,0,0,0,0,IllegalArgumentException
2,0.51438322,0.51438322,0,0,0,0,0,TestEnum
2,0.308286399,0.308286399,0,0,0,0,0,SkillType
1,0.183709136,0.183709136,0,0,0,0,0,ElementQuad
1,0.373505603,0.373505603,0,0,0,0,0,Override
0,0.455708455,0.455708455,0,0,0,0,0,Object
9,0.687224284,0.687224284,0,1,0,0,0,Scanner
4,-0.00035482,-0.00035482,0,0,0,0,0,Engineering
4,0.691422119,0.691422119,0,0,0,0,0,String
3,0.149142054,0.149142054,0,0,0,0,0,System
3,0.470203453,0.470203453,0,0,0,0,0,StringTokenizer
2,0,0,0,0,0,0,0,Jerone
2,-0.00119369,-0.00119369,0,0,0,0,0,Software
1,0.318941841,0.318941841,0,0,0,0,0,File
1,0.141897621,0.141897621,0,0,0,0,0,Technical
0,0.35105777,0.35105777,0,0,0,0,0,Field
5,0.353624929,0.353624929,0,0,0,0,0,JTable
4,0.225201765,0.225201765,0,0,0,0,0,JCheckBox
4,0.199988483,0.199988483,0,0,0,0,0,DefaultTableModel
3,0.387589217,0.387589217,0,0,0,0,0,String
3,0.648385363,0.648385363,0,0,0,0,0,Vector
2,0.38781963,0.38781963,0,0,0,0,0,Object
2,0.21461728,0.21461728,0,0,0,0,0,Override
1,0.41236628,0.41236628,0,0,0,0,0,TableCellEditor
1,0.316943534,0.316943534,0,0,0,0,0,JPanel
0,0.241538018,0.241538018,0,0,0,0,0,JFrame
10,0.718936862,0.718936862,1,0,0,0,0,Timer
4,0.303508188,0.303508188,0,0,0,0,0,JPanel
4,0.246289942,0.246289942,0,0,0,0,0,JFrame
3,0.085911217,0.085911217,0,0,0,0,0,String
3,0.10897149,0.10897149,0,0,0,0,0,System
2,0.218265317,0.218265317,0,0,0,0,0,Override
2,0.238448247,0.238448247,0,0,0,0,0,ActionEvent
1,0.327451011,0.327451011,0,0,0,0,0,ShapeGame
1,0.152224794,0.152224794,0,0,0,0,0,RainDrop
0,0.320287399,0.320287399,0,0,0,0,0,BallCanvas
5,0.337800553,0.337800553,0,0,0,0,0,InputStream
4,0.508960896,0.508960896,0,0,0,0,0,BufferedImage
4,0.502537236,0.502537236,0,0,0,0,0,ByteArrayInputStream
3,0.455194363,0.455194363,0,0,0,0,0,Blob
3,0.466037336,0.466037336,0,0,0,0,0,String
2,0.635576457,0.635576457,0,0,0,0,0,File
2,0.141164688,0.141164688,0,0,0,0,0,System
1,0.502537236,0.502537236,0,0,0,0,0,ByteArrayOutputStream
1,0.066068293,0.066068293,0,0,0,0,0,Exception
10,0.451089902,0.451089902,1,0,0,0,0,FileInputStream
5,0.56437683,0.56437683,0,0,0,0,0,Integer
4,0.463536171,0.463536171,0,0,0,0,0,HashMap
4,0.365903434,0.365903434,0,0,0,0,0,Entry
3,0.511199509,0.511199509,0,0,0,0,0,String
3,0.489216392,0.489216392,0,0,0,0,0,Map
2,0.449366277,0.449366277,0,0,0,0,0,CList
2,0.094404232,0.094404232,0,0,0,0,0,System
1,0,0,0,0,0,0,0,Flkn
1,0.308610347,0.308610347,0,0,0,0,0,YourMap
0,0.445233821,0.445233821,0,0,0,0,0,FrequencyPrint
5,0.277850966,0.277850966,0,0,0,0,0,String
4,0.284200118,0.284200118,0,0,0,0,0,KeyExchangeProtcolMsgs
4,0.109295014,0.109295014,0,0,0,0,0,Exception
3,0.639919787,0.639919787,0,0,0,0,0,ExchangeCredentials
3,0.685805513,0.685805513,0,0,0,0,0,Exchange
2,0.132747881,0.132747881,0,0,0,0,0,SSLSocketFactory
2,0.234143963,0.234143963,0,0,0,0,0,HttpHandler
1,0.346262188,0.346262188,0,0,0,0,0,SslState
1,0.491499543,0.491499543,0,0,0,0,0,ExchangeSSLSocketFactory
0,0.267730765,0.267730765,0,0,0,0,0,AsyncProtocolRequest
5,0.34752425,0.34752425,0,0,0,0,0,ExecutorService
10,0.660423316,0.660423316,1,0,0,0,0,Thread
4,0.235938692,0.235938692,0,0,0,0,0,String
3,0.134842712,0.134842712,0,0,0,0,0,System
3,0.423140479,0.423140479,0,0,0,0,0,NoteThread
2,0.213412714,0.213412714,0,0,0,0,0,RegionLoader
2,0.312110218,0.312110218,0,0,0,0,0,List
1,0.206208389,0.206208389,0,0,0,0,0,SharedLocation
1,0.268117709,0.268117709,0,0,0,0,0,Publishing
0,0.24372609,0.24372609,0,0,0,0,0,RenderedRegion
5,0.507019452,0.507019452,0,0,0,0,0,Date
4,0.377933768,0.377933768,0,0,0,0,0,Angeles
4,0.686455307,0.686455307,0,0,0,0,0,America
10,0.461464184,0.461464184,0.752768124,0,0,0,0,TimeZone
3,0.29091084,0.29091084,0,0,0,0,0,ZonedDateTime
9,0.239727231,0.239727231,0,0.752768124,0,0,0,SimpleDateFormat
2,0.263315489,0.263315489,0,0,0,0,0,String
1,0.223374271,0.223374271,0,0,0,0,0,System
1,0.414774416,0.414774416,0,0,0,0,0,Calendar
0,0.439313862,0.439313862,0,0,0,0,0,ZoneId
5,0.172965985,0.172965985,0,0,0,0,0,Employee
10,0.513190391,0.513190391,1,0,0,0,0,NumberFormat
4,0.414190156,0.414190156,0,0,0,0,0,BigInteger
3,0.444750564,0.444750564,0,0,0,0,0,DecimalFormat
3,0.038185818,0.038185818,0,0,0,0,0,System
2,0.48786527,0.48786527,0,0,0,0,0,String
2,0.197524649,0.197524649,0,0,0,0,0,Big
1,0.324434953,0.324434953,0,0,0,0,0,Item
1,-0.001555404,-0.001555404,0,0,0,0,0,Ee
0,0.319827571,0.319827571,0,0,0,0,0,Math
5,0.741658337,0.741658337,0,0,0,0,0,Date
4,0.333302896,0.333302896,0,0,0,0,0,America
4,0.404010011,0.404010011,0,0,0,0,0,Europe
3,0.294390655,0.294390655,0,0,0,0,0,Asia
3,0,0,0,0,0,0,0,Paris
2,0.390127749,0.390127749,0,0,0,0,0,String
2,0.243854222,0.243854222,0,0,0,0,0,System
9,0.547026414,0.547026414,0,1,0,0,0,TimeZone
1,0.21221823,0.21221823,0,0,0,0,0,SimpleDateFormat
0,0.546605019,0.546605019,0,0,0,0,0,Calendar
10,0.683831937,0.683831937,1,0,0,0,0,Random
4,0.467139303,0.467139303,0,0,0,0,0,StdRandom
4,0.498418425,0.498418425,0,0,0,0,0,String
3,0.07837076,0.07837076,0,0,0,0,0,System
3,0.587690504,0.587690504,0,0,0,0,0,ArrayList
2,0.364748959,0.364748959,0,0,0,0,0,Collections
2,0.342194164,0.342194164,0,0,0,0,0,Math
1,0.662679473,0.662679473,0,0,0,0,0,Integer
1,0.164799556,0.164799556,0,0,0,0,0,Sedgewick
0,0.156882659,0.156882659,0,0,0,0,0,MessageDigest
5,0.664794624,0.664794624,0,0,0,0,0,Value
4,0.378709665,0.378709665,0,0,0,0,0,Index
4,0.461431841,0.461431841,0,0,0,0,0,String
3,0.087579624,0.087579624,0,0,0,0,0,System
3,0.391127298,0.391127298,0,0,0,0,0,Date
2,0.459930918,0.459930918,0,0,0,0,0,Object
2,0,0,0,0,0,0,0,Kumar
1,0.534342137,0.534342137,0,0,0,0,0,MyParameterAnnotation
1,0,0,0,0,0,0,0,Praveen
0,0.133969103,0.133969103,0,0,0,0,0,Mat
5,0.702699985,0.702699985,0,0,0,0,0,String
4,0.184023927,0.184023927,0,0,0,0,0,Derived
4,0.202206227,0.202206227,0,0,0,0,0,LatLngBounds
3,0.316265566,0.316265566,0,0,0,0,0,File
3,0.222242885,0.222242885,0,0,0,0,0,Cipher
2,0.029131671,0.029131671,0,0,0,0,0,InstrumentationImpl
2,0.330335897,0.330335897,0,0,0,0,0,Map
1,0.260316865,0.260316865,0,0,0,0,0,LabelNode
1,0.100095659,0.100095659,0,0,0,0,0,MyTest
0,0.409590802,0.409590802,0,0,0,0,0,IntTreeNode
5,0.554353449,0.554353449,0,0,0,0,0,Date
4,0.205713002,0.205713002,0,0,0,0,0,SimpleDateFormat
4,0.423319722,0.423319722,0,0,0,0,0,Europe
3,0.46151398,0.46151398,0,0,0,0,0,Calendar
3,0.28476333,0.28476333,0,0,0,0,0,String
2,0.511680229,0.511680229,0,0,0,0,0,TimeZone
2,0.271988961,0.271988961,0,0,0,0,0,Locale
1,0.237301252,0.237301252,0,0,0,0,0,System
1,0.34107878,0.34107878,0,0,0,0,0,ZonedDateTime
0,0.463593143,0.463593143,0,0,0,0,0,GregorianCalendar
5,0.312366314,0.312366314,0,0,0,0,0,JTable
4,0.374331098,0.374331098,0,0,0,0,0,String
4,0.396398016,0.396398016,0,0,0,0,0,JLabel
3,0.303748805,0.303748805,0,0,0,0,0,CompTable
3,0.384104808,0.384104808,0,0,0,0,0,JPanel
2,0.312152529,0.312152529,0,0,0,0,0,JButton
2,0.348252232,0.348252232,0,0,0,0,0,JScrollPane
1,0.17340932,0.17340932,0,0,0,0,0,DefaultTableModel
1,0.320493461,0.320493461,0,0,0,0,0,Object
0,0.311864785,0.311864785,0,0,0,0,0,JFrame
5,0.291353547,0.291353547,0,0,0,0,0,Statement
4,0.09420365,0.09420365,0,0,0,0,0,System
4,0.295111454,0.295111454,0,0,0,0,0,String
10,0.70130087,0.70130087,1,0,0,0,0,ResultSet
3,0.247648073,0.247648073,0,0,0,0,0,DriverManager
2,0.337782848,0.337782848,0,0,0,0,0,ResultSetImpl
9,0.387169058,0.387169058,0,1,0,0,0,PreparedStatement
1,0.102214148,0.102214148,0,0,0,0,0,Exception
1,0.158001429,0.158001429,0,0,0,0,0,DBCall
0,0.1387349,0.1387349,0,0,0,0,0,SQLException
5,0.239220524,0.239220524,0,0,0,0,0,String
4,0.278796322,0.278796322,0,0,0,0,0,MenuActions
4,0.30891752,0.30891752,0,0,0,0,0,JLabel
3,0.389515059,0.389515059,0,0,0,0,0,JPanel
3,0.155843724,0.155843724,0,0,0,0,0,ToolBarDemo
2,0.18032187,0.18032187,0,0,0,0,0,ToolTipText
2,0.063521793,0.063521793,0,0,0,0,0,System
1,0.30918008,0.30918008,0,0,0,0,0,ImageView
1,0.214597247,0.214597247,0,0,0,0,0,Override
0,0.136218661,0.136218661,0,0,0,0,0,JToolBar
5,0.280258892,0.280258892,0,0,0,0,0,WorkTypes
4,0.650379947,0.650379947,0,0,0,0,0,Enter
4,0.361361049,0.361361049,0,0,0,0,0,Scanner
3,0.599029437,0.599029437,0,0,0,0,0,String
3,0.123357117,0.123357117,0,0,0,0,0,System
2,0.29775348,0.29775348,0,0,0,0,0,Student
2,0.425538901,0.425538901,0,0,0,0,0,TextInputLayout
1,0.305803075,0.305803075,0,0,0,0,0,TextInputEditText
1,0.120018815,0.120018815,0,0,0,0,0,AutoCompleteTextView
0,0.328341275,0.328341275,0,0,0,0,0,SparseArrays
5,0.561184194,0.561184194,0,0,0,0,0,IntTreeNode
10,0.631534677,0.631534677,1,0,0,0,0,Integer
4,0.703589004,0.703589004,0,0,0,0,0,String
3,0.080994622,0.080994622,0,0,0,0,0,System
3,0.639902007,0.639902007,0,0,0,0,0,Convert
2,0.157673741,0.157673741,0,0,0,0,0,Cipher
2,0.701699579,0.701699579,0,0,0,0,0,Binary
1,0.230907537,0.230907537,0,0,0,0,0,JSONParser
1,0.061318584,0.061318584,0,0,0,0,0,Typeface
0,0.537975501,0.537975501,0,0,0,0,0,BigInteger
5,0.118137897,0.118137897,0,0,0,0,0,String
4,0.260775749,0.260775749,0,0,0,0,0,JFrame
4,0.121962645,0.121962645,0,0,0,0,0,UIManager
3,0.047113194,0.047113194,0,0,0,0,0,Override
3,0,0,0,0,0,0,0,Dfield
2,0.078968563,0.078968563,0,0,0,0,0,IplImage
2,0.110386388,0.110386388,0,0,0,0,0,System
1,0.259582699,0.259582699,0,0,0,0,0,InititalMonitorsDetection
1,0.289923321,0.289923321,0,0,0,0,0,MyPopup
0,0.534597668,0.534597668,0,0,0,0,0,DetectMotion
5,0.560887606,0.560887606,0,0,0,0,0,Date
4,0.49853126,0.49853126,0,0,0,0,0,TimeZone
4,0.320449279,0.320449279,0,0,0,0,0,SimpleDateFormat
3,0.461822062,0.461822062,0,0,0,0,0,Calendar
3,0.672158599,0.672158599,0,0,0,0,0,DateFormat
2,0.312813063,0.312813063,0,0,0,0,0,String
2,0.272699828,0.272699828,0,0,0,0,0,Locale
1,0.228015887,0.228015887,0,0,0,0,0,System
1,0,0,0,0,0,0,0,Kolkata
0,0.328662,0.328662,0,0,0,0,0,ZonedDateTime
5,0.956218938,0.956218938,0,0,0,0,0,ExecutorService
10,0.798635907,0.798635907,1,0,0,0,0,Executors
4,0.956218938,0.956218938,0,0,0,0,0,ExecutorCompletionService
3,0.196546958,0.196546958,0,0,0,0,0,TimeUnit
3,0.129985032,0.129985032,0,0,0,0,0,Date
2,0.406445986,0.406445986,0,0,0,0,0,Runnable
2,0.52440267,0.52440267,0,0,0,0,0,ListeningExecutorService
1,0.167161949,0.167161949,0,0,0,0,0,String
1,0.134097931,0.134097931,0,0,0,0,0,System
0,0.495797901,0.495797901,0,0,0,0,0,Thread
5,0.31447564,0.31447564,0,0,0,0,0,JTabbedPane
4,0.274027904,0.274027904,0,0,0,0,0,String
4,0.244162204,0.244162204,0,0,0,0,0,TabbedPaneDemo
3,0.365179534,0.365179534,0,0,0,0,0,JPanel
3,0.285530921,0.285530921,0,0,0,0,0,JFrame
2,0.619308264,0.619308264,0,0,0,0,0,File
2,0.185920476,0.185920476,0,0,0,0,0,Override
1,0.319017854,0.319017854,0,0,0,0,0,JLabel
1,0.200998502,0.200998502,0,0,0,0,0,System
0,0.47338069,0.47338069,0,0,0,0,0,BorderLayout
10,0.340022697,0.340022697,1,0,0,0,0,FileHandler
4,0.173712324,0.173712324,0,0,0,0,0,Date
4,0.411455695,0.411455695,0,0,0,0,0,SimpleFormatter
3,0.245611774,0.245611774,0,0,0,0,0,String
3,0.436037175,0.436037175,0,0,0,0,0,Logger
2,0.339573089,0.339573089,0,0,0,0,0,IOException
2,0.153664339,0.153664339,0,0,0,0,0,BlogMapper
1,0.175453238,0.175453238,0,0,0,0,0,Level
1,0.632851348,0.632851348,0,0,0,0,0,Log
0,0.488164511,0.488164511,0,0,0,0,0,MyLogger
5,0.432792476,0.432792476,0,0,0,0,0,HashMap
4,0.625489982,0.625489982,0,0,0,0,0,Checking
4,0.448956349,0.448956349,0,0,0,0,0,String
3,0.051668918,0.051668918,0,0,0,0,0,System
3,0.643029088,0.643029088,0,0,0,0,0,CheckCheaters
2,0.248462747,0.248462747,0,0,0,0,0,PhoneNumber
2,0.419728395,0.419728395,0,0,0,0,0,Integer
1,0.375916914,0.375916914,0,0,0,0,0,HashSet
1,0.460473337,0.460473337,0,0,0,0,0,Map
0,0.512717071,0.512717071,0,0,0,0,0,ArrayList
5,0.705743882,0.705743882,0,0,0,0,0,TabPane
10,0.76521844,0.76521844,1,0,0,0,0,Tab
4,0.485229042,0.485229042,0,0,0,0,0,AnchorPane
3,0.302663402,0.302663402,0,0,0,0,0,VBox
3,0.608289069,0.608289069,0,0,0,0,0,TextArea
2,0.359964666,0.359964666,0,0,0,0,0,HBox
2,0.191051974,0.191051974,0,0,0,0,0,Override
1,0.715627389,0.715627389,0,0,0,0,0,Button
1,0.415310902,0.415310902,0,0,0,0,0,ApptTab
0,0.534554726,0.534554726,0,0,0,0,0,InfoTab
10,0.64945657,0.64945657,1,0,0,0,0,ArrayList
4,0.544025704,0.544025704,0,0,0,0,0,Integer
4,0.70807048,0.70807048,0,0,0,0,0,Arrays
3,0.502950743,0.502950743,0,0,0,0,0,String
3,0.567559637,0.567559637,0,0,0,0,0,WordLengths
2,0.308410739,0.308410739,0,0,0,0,0,Date
2,0.431108186,0.431108186,0,0,0,0,0,Collections
1,0.040290214,0.040290214,0,0,0,0,0,System
1,0.545065084,0.545065084,0,0,0,0,0,List
0,-0.017841755,-0.017841755,0,0,0,0,0,Meal
5,0.401919604,0.401919604,0,0,0,0,0,JApplet
4,0.4067131,0.4067131,0,0,0,0,0,JPanel
4,0.456424432,0.456424432,0,0,0,0,0,BorderLayout
3,0.536823371,0.536823371,0,0,0,0,0,ImageIcon
3,0.661644804,0.661644804,0,0,0,0,0,Image
2,0.320046568,0.320046568,0,0,0,0,0,PokerFrame
2,0.195977182,0.195977182,0,0,0,0,0,GUIThing
1,0.46260476,0.46260476,0,0,0,0,0,Graphics
1,0.285491446,0.285491446,0,0,0,0,0,String
0,0.445935409,0.445935409,0,0,0,0,0,BufferedImage
5,0.705423159,0.705423159,0,0,0,0,0,Animation
4,0.523803066,0.523803066,0,0,0,0,0,Graphics
4,0.201755187,0.201755187,0,0,0,0,0,Override
3,0.215327776,0.215327776,0,0,0,0,0,BufferedDisplay
10,0.531934997,0.531934997,1,0,0,0,0,ImageIcon
2,0.196698461,0.196698461,0,0,0,0,0,SplashScreenPear
2,0.627463305,0.627463305,0,0,0,0,0,SpriteAnimation
1,0.262493684,0.262493684,0,0,0,0,0,MaskView
1,0.361171606,0.361171606,0,0,0,0,0,Timer
0,0.17502866,0.17502866,0,0,0,0,0,String
5,0.255816669,0.255816669,0,0,0,0,0,StyleConstants
4,0.325512575,0.325512575,0,0,0,0,0,JTextPane
4,0.317722495,0.317722495,0,0,0,0,0,String
3,0.071006004,0.071006004,0,0,0,0,0,MathNotesPlus
3,0.260668002,0.260668002,0,0,0,0,0,JFrame
2,0.111996967,0.111996967,0,0,0,0,0,Override
2,0.183923304,0.183923304,0,0,0,0,0,StyledEditorKit
1,0.456778067,0.456778067,0,0,0,0,0,BorderLayout
1,0.006090559,0.006090559,0,0,0,0,0,BadLocationException
0,0.330527928,0.330527928,0,0,0,0,0,TestTextPane
9,0.153812649,0.153812649,0,1,0,0,0,DefaultListModel
10,0.303260981,0.303260981,1,0,0,0,0,JList
4,0.211682369,0.211682369,0,0,0,0,0,SortedListModel
3,0.319749361,0.319749361,0,0,0,0,0,String
3,0.295671764,0.295671764,0,0,0,0,0,JFrame
2,0.299207793,0.299207793,0,0,0,0,0,ListModel
2,0.213777977,0.213777977,0,0,0,0,0,ListDataEvent
1,0.378185852,0.378185852,0,0,0,0,0,Value
1,0.258593415,0.258593415,0,0,0,0,0,JButton
0,0.364587921,0.364587921,0,0,0,0,0,JPanel
5,0.322721682,0.322721682,0,0,0,0,0,Entry
4,0.662958426,0.662958426,0,0,0,0,0,Map
10,0.487317686,0.487317686,1,0,0,0,0,HashMap
3,0.427666954,0.427666954,0,0,0,0,0,String
3,0.427358675,0.427358675,0,0,0,0,0,Integer
2,0.292186768,0.292186768,0,0,0,0,0,LinkedHashMap
2,0.0575022,0.0575022,0,0,0,0,0,System
1,0.686574396,0.686574396,0,0,0,0,0,Iterate
1,0.620729087,0.620729087,0,0,0,0,0,SetValues
0,0.459621058,0.459621058,0,0,0,0,0,TreeMap
5,0.313183883,0.313183883,0,0,0,0,0,DefaultMutableTreeNode
10,0.289429109,0.289429109,1,0,0,0,0,JTree
4,0.374485003,0.374485003,0,0,0,0,0,TreePath
3,0.22673868,0.22673868,0,0,0,0,0,DefaultTreeCellRenderer
3,0.140223001,0.140223001,0,0,0,0,0,String
2,0.205963669,0.205963669,0,0,0,0,0,Object
2,0.433113334,0.433113334,0,0,0,0,0,TreeNode
1,0.187755302,0.187755302,0,0,0,0,0,DefaultTreeModel
1,0.362252243,0.362252243,0,0,0,0,0,MyTree
0,0.416273653,0.416273653,0,0,0,0,0,TreeModelEvent
10,0.472577614,0.472577614,1,0,0,0,0,HashMap
4,0.40354457,0.40354457,0,0,0,0,0,HashSet
4,0.247661992,0.247661992,0,0,0,0,0,MyProduct
3,0.453316512,0.453316512,0,0,0,0,0,String
3,0.459044852,0.459044852,0,0,0,0,0,Integer
2,0.470541838,0.470541838,0,0,0,0,0,SortedMap
2,0.026011186,0.026011186,0,0,0,0,0,System
1,0.226318977,0.226318977,0,0,0,0,0,Set
1,0.509462969,0.509462969,0,0,0,0,0,Map
0,0.535831187,0.535831187,0,0,0,0,0,List
5,0.384037628,0.384037628,0,0,0,0,0,String
4,0.130270691,0.130270691,0,0,0,0,0,System
4,0.579848916,0.579848916,0,0,0,0,0,Object
3,0.390516131,0.390516131,0,0,0,0,0,Integer
3,0.270693574,0.270693574,0,0,0,0,0,Number
2,0.371572534,0.371572534,0,0,0,0,0,Value
2,0.275350314,0.275350314,0,0,0,0,0,DataTypes
1,0.173498885,0.173498885,0,0,0,0,0,MathProcessor
1,0.571483475,0.571483475,0,0,0,0,0,Numeric
0,0.380168952,0.380168952,0,0,0,0,0,DoubleField
5,0.657233195,0.657233195,0,0,0,0,0,PdfCopy
4,0.397776944,0.397776944,0,0,0,0,0,PdfReader
10,0.675173946,0.675173946,1,0,0,0,0,File
3,0.402173235,0.402173235,0,0,0,0,0,String
3,0.463983599,0.463983599,0,0,0,0,0,FileOutputStream
2,0.177046552,0.177046552,0,0,0,0,0,System
2,0.125897418,0.125897418,0,0,0,0,0,IOException
1,0.675173946,0.675173946,0,0,0,0,0,Files
1,0.405992207,0.405992207,0,0,0,0,0,VendorText
0,-0.024578899,-0.024578899,0,0,0,0,0,Steam
5,0.431167908,0.431167908,0,0,0,0,0,TreeItem
4,0.392624316,0.392624316,0,0,0,0,0,TreeCell
4,0.27404827,0.27404827,0,0,0,0,0,CheckBoxTreeItem
3,0.060316253,0.060316253,0,0,0,0,0,String
10,0.440630498,0.440630498,1,0,0,0,0,TreeView
2,0.431264904,0.431264904,0,0,0,0,0,Scene
2,0.127137808,0.127137808,0,0,0,0,0,Application
1,0.100491185,0.100491185,0,0,0,0,0,System
1,0.402957726,0.402957726,0,0,0,0,0,Item
0,0.510965456,0.510965456,0,0,0,0,0,ScrollDirection
9,0.502461605,0.502461605,0,1,0,0,0,PrintWriter
10,0.605732177,0.605732177,1,0,0,0,0,FileOutputStream
4,0.592999932,0.592999932,0,0,0,0,0,String
3,0.1951078,0.1951078,0,0,0,0,0,System
3,0.308227186,0.308227186,0,0,0,0,0,FileEcho
2,0.328631842,0.328631842,0,0,0,0,0,BufferedReader
2,0.380283628,0.380283628,0,0,0,0,0,Scanner
1,0.605732177,0.605732177,0,0,0,0,0,FileInputStream
1,0.572492498,0.572492498,0,0,0,0,0,File
0,0.487278757,0.487278757,0,0,0,0,0,DataOutputStream
5,0.449133106,0.449133106,0,0,0,0,0,ObjectOutputStream
10,0.449133106,0.449133106,1,0,0,0,0,ObjectInputStream
4,0.376184853,0.376184853,0,0,0,0,0,ObjectHandler
3,0.113310495,0.113310495,0,0,0,0,0,System
3,0.482460968,0.482460968,0,0,0,0,0,Socket
2,0.178366606,0.178366606,0,0,0,0,0,IOException
2,0.364862039,0.364862039,0,0,0,0,0,String
1,0.252312801,0.252312801,0,0,0,0,0,MyRecord
1,0.466914446,0.466914446,0,0,0,0,0,ServerSocket
0,0.269981643,0.269981643,0,0,0,0,0,Jedi
5,0.638325198,0.638325198,0,0,0,0,0,Date
4,0.303404484,0.303404484,0,0,0,0,0,SupplierIndicatorFieldEnum
4,0.407124833,0.407124833,0,0,0,0,0,String
3,0.081577812,0.081577812,0,0,0,0,0,System
3,0.20971963,0.20971963,0,0,0,0,0,XDigit
2,0.182588672,0.182588672,0,0,0,0,0,File
2,0.164311271,0.164311271,0,0,0,0,0,Contents
1,0.350542057,0.350542057,0,0,0,0,0,List
1,0.178187643,0.178187643,0,0,0,0,0,ReplyTo
0,0.155844105,0.155844105,0,0,0,0,0,Atom
5,0.531249661,0.531249661,0,0,0,0,0,RequestMapping
4,0.359855946,0.359855946,0,0,0,0,0,ModelAndView
4,0.317976554,0.317976554,0,0,0,0,0,String
3,0.33812637,0.33812637,0,0,0,0,0,Model
3,0.357094127,0.357094127,0,0,0,0,0,EntityMetadata
2,0.50770818,0.50770818,0,0,0,0,0,RedirectAttributes
2,0.570619708,0.570619708,0,0,0,0,0,SessionAttributes
1,0.048615951,0.048615951,0,0,0,0,0,BiddingSystem
1,0.181268798,0.181268798,0,0,0,0,0,SessionStatus
0,0.58815933,0.58815933,0,0,0,0,0,ModelAttribute
5,0.29028761,0.29028761,0,0,0,0,0,TreeSet
4,0.006980924,0.006980924,0,0,0,0,0,House
8,0.46973081,0.46973081,0,0,1,0,0,Comparator
9,0.524235056,0.524235056,0,1,0,0,0,String
3,0.269781786,0.269781786,0,0,0,0,0,StudentSet
2,0.531791829,0.531791829,0,0,0,0,0,Collections
2,0,0,0,0,0,0,0,Zawody
1,0.035847697,0.035847697,0,0,0,0,0,Shop
1,0.430878873,0.430878873,0,0,0,0,0,StringNode
0,0.037686525,0.037686525,0,0,0,0,0,System
5,0.463816538,0.463816538,0,0,0,0,0,BigDecimal
4,0.463189958,0.463189958,0,0,0,0,0,String
4,0.485884388,0.485884388,0,0,0,0,0,BigInteger
3,0.257218265,0.257218265,0,0,0,0,0,Fahrenheit
3,0.022847718,0.022847718,0,0,0,0,0,System
2,0.083245629,0.083245629,0,0,0,0,0,Employee
2,0.35719588,0.35719588,0,0,0,0,0,Character
1,0.276218815,0.276218815,0,0,0,0,0,Celsius
1,0.177574531,0.177574531,0,0,0,0,0,Accept
0,0.287751079,0.287751079,0,0,0,0,0,Math
5,0.444249954,0.444249954,0,0,0,0,0,String
10,0.75118308,0.75118308,1,0,0,0,0,Hashtable
4,0.423311516,0.423311516,0,0,0,0,0,Enumeration
3,-0.002475076,-0.002475076,0,0,0,0,0,System
3,0.49734528,0.49734528,0,0,0,0,0,Object
2,0.413673539,0.413673539,0,0,0,0,0,HashTable
2,0.549541312,0.549541312,0,0,0,0,0,HashItem
1,0.439202951,0.439202951,0,0,0,0,0,Map
8,0.438084851,0.438084851,0,0,1,0,0,Iterator
0,0.446342539,0.446342539,0,0,0,0,0,Integer
5,0.319194319,0.319194319,0,0,0,0,0,Index
4,0.39174352,0.39174352,0,0,0,0,0,String
4,0.113877861,0.113877861,0,0,0,0,0,System
3,0.612825403,0.612825403,0,0,0,0,0,Value
3,0.35761358,0.35761358,0,0,0,0,0,Date
2,0.059520554,0.059520554,0,0,0,0,0,Reviews
2,0,0,0,0,0,0,0,Praveen
1,0,0,0,0,0,0,0,Kumar
1,0.254552955,0.254552955,0,0,0,0,0,Override
0,0.39037601,0.39037601,0,0,0,0,0,Integer
10,0.404616658,0.404616658,1,0,0,0,0,JTabbedPane
4,0.454093344,0.454093344,0,0,0,0,0,JPanel
4,0.170127545,0.170127545,0,0,0,0,0,String
3,0.380137766,0.380137766,0,0,0,0,0,JLabel
3,0.175092485,0.175092485,0,0,0,0,0,Override
2,0.667481534,0.667481534,0,0,0,0,0,ImageIcon
2,0.282015274,0.282015274,0,0,0,0,0,ADHDbutton
1,0.038600627,0.038600627,0,0,0,0,0,DSAbutton
1,0.339043435,0.339043435,0,0,0,0,0,JButton
0,0.346103136,0.346103136,0,0,0,0,0,JFrame
5,0.591410662,0.591410662,0,0,0,0,0,ArrayList
4,0.666411574,0.666411574,0,0,0,0,0,String
4,0.339420661,0.339420661,0,0,0,0,0,NumberBase
3,0.260224083,0.260224083,0,0,0,0,0,Gson
3,0.543206444,0.543206444,0,0,0,0,0,List
2,0.579704111,0.579704111,0,0,0,0,0,Convert
2,0.514934094,0.514934094,0,0,0,0,0,Integer
1,0.0092063,0.0092063,0,0,0,0,0,System
1,0.374383667,0.374383667,0,0,0,0,0,Date
0,0.225921206,0.225921206,0,0,0,0,0,Animal
9,0.384681902,0.384681902,0,1,0,0,0,JTable
4,0.345758803,0.345758803,0,0,0,0,0,DefaultTableModel
4,0.303450624,0.303450624,0,0,0,0,0,String
3,0.407703151,0.407703151,0,0,0,0,0,DisplayElement
3,0.153077309,0.153077309,0,0,0,0,0,Override
2,0.337225242,0.337225242,0,0,0,0,0,Object
2,0.389110383,0.389110383,0,0,0,0,0,MyTableModel
1,0.256982298,0.256982298,0,0,0,0,0,JTextField
1,0.25046823,0.25046823,0,0,0,0,0,JFrame
0,0.288186501,0.288186501,0,0,0,0,0,JScrollPane
9,0.769656551,0.769656551,0,1,0,0,0,Calendar
4,0.580917601,0.580917601,0,0,0,0,0,Date
10,0.637343346,0.637343346,1,0,0,0,0,GregorianCalendar
3,0.154297198,0.154297198,0,0,0,0,0,SimpleDateFormat
3,0.329196658,0.329196658,0,0,0,0,0,String
2,0.13534376,0.13534376,0,0,0,0,0,System
2,0.195023642,0.195023642,0,0,0,0,0,Aug
1,0.202304022,0.202304022,0,0,0,0,0,SimpleFormat
1,0.244801188,0.244801188,0,0,0,0,0,JLabel
0,0.281282119,0.281282119,0,0,0,0,0,Oct
5,0.697855772,0.697855772,0,0,0,0,0,Iterable
4,0.697855772,0.697855772,0,0,0,0,0,Iterator
4,0.407159268,0.407159268,0,0,0,0,0,List
3,0.042330961,0.042330961,0,0,0,0,0,Station
3,0.326517986,0.326517986,0,0,0,0,0,String
2,0.697855772,0.697855772,0,0,0,0,0,Iterables
2,0.190299896,0.190299896,0,0,0,0,0,MyCoolObject
1,0.438519779,0.438519779,0,0,0,0,0,ResizingCircularArray
1,0.519330246,0.519330246,0,0,0,0,0,ReverseArrayIterator
0,0.372302933,0.372302933,0,0,0,0,0,Integer
5,0.580501324,0.580501324,0,0,0,0,0,GridLayout
4,0.733720171,0.733720171,0,0,0,0,0,AlignImage
4,0.325818836,0.325818836,0,0,0,0,0,JButton
3,0.679751157,0.679751157,0,0,0,0,0,AlignmentTest
3,0.506367168,0.506367168,0,0,0,0,0,JPanel
2,0.360913314,0.360913314,0,0,0,0,0,JFrame
10,0.502425581,0.502425581,1,0,0,0,0,JLabel
1,0.676366845,0.676366845,0,0,0,0,0,BorderLayout
1,0.230369203,0.230369203,0,0,0,0,0,String
0,0.65541662,0.65541662,0,0,0,0,0,VerticalLayout
9,0.301604684,0.301604684,0,1,0,0,0,ActionEvent
4,0.178130903,0.178130903,0,0,0,0,0,InFile
4,0.186301894,0.186301894,0,0,0,0,0,String
3,0.253754451,0.253754451,0,0,0,0,0,MainProg
3,0.108491959,0.108491959,0,0,0,0,0,System
2,0.345960561,0.345960561,0,0,0,0,0,MouseEvent
2,0.315033627,0.315033627,0,0,0,0,0,ActionListener
1,0.428381939,0.428381939,0,0,0,0,0,JButton
1,0.308303807,0.308303807,0,0,0,0,0,JFrame
0,0.309922449,0.309922449,0,0,0,0,0,MyListener
5,0.330276276,0.330276276,0,0,0,0,0,String
4,0.375844161,0.375844161,0,0,0,0,0,ExpressionHelper
4,0.108311147,0.108311147,0,0,0,0,0,Override
3,0.160870407,0.160870407,0,0,0,0,0,DataHelper
3,0.050181627,0.050181627,0,0,0,0,0,System
2,0.087586478,0.087586478,0,0,0,0,0,Application
2,0.151086724,0.151086724,0,0,0,0,0,UserDetails
1,0.27985633,0.27985633,0,0,0,0,0,TextInputControl
1,0.244618811,0.244618811,0,0,0,0,0,Scene
0,0.102457635,0.102457635,0,0,0,0,0,TableRowCustom
5,0,0,0,0,0,0,0,Duelist
4,0.049824686,0.049824686,0,0,0,0,0,System
10,0.554585859,0.554585859,1,0,0,0,0,ArrayList
3,0.42045418,0.42045418,0,0,0,0,0,String
3,0.628314019,0.628314019,0,0,0,0,0,Element
2,0.477441705,0.477441705,0,0,0,0,0,LimitOrder
2,0,0,0,0,0,0,0,Nom
1,0.510753822,0.510753822,0,0,0,0,0,List
1,0.156450339,0.156450339,0,0,0,0,0,FileDialog
0,0,0,0,0,0,0,0,Variabledouble
10,0.676319041,0.676319041,1,0,0,0,0,String
4,0.106871362,0.106871362,0,0,0,0,0,System
4,0.264773476,0.264773476,0,0,0,0,0,TimeTextField
3,0.54208855,0.54208855,0,0,0,0,0,CTMarkupRange
3,0.530299449,0.530299449,0,0,0,0,0,GridRange
2,0.71271567,0.71271567,0,0,0,0,0,Range
2,0.202221594,0.202221594,0,0,0,0,0,ReadOnlyIntegerWrapper
1,0.327652055,0.327652055,0,0,0,0,0,Selection
1,0.181252831,0.181252831,0,0,0,0,0,Override
0,0.754409137,0.754409137,0,0,0,0,0,IndexRange
5,0.305818443,0.305818443,0,0,0,0,0,JComboBox
4,0.32095487,0.32095487,0,0,0,0,0,String
4,0.267561855,0.267561855,0,0,0,0,0,JFrame
3,0.384332101,0.384332101,0,0,0,0,0,DefaultListCellRenderer
3,0.201684803,0.201684803,0,0,0,0,0,Override
10,0.259699735,0.259699735,1,0,0,0,0,Object
2,0.56924424,0.56924424,0,0,0,0,0,ListCellRenderer
1,0.27422844,0.27422844,0,0,0,0,0,Component
1,0.342615093,0.342615093,0,0,0,0,0,JPanel
0,0.141814272,0.141814272,0,0,0,0,0,UserInfo
5,0.393050548,0.393050548,0,0,0,0,0,LinkedList
4,0.358206749,0.358206749,0,0,0,0,0,LinearNode
4,0.481758703,0.481758703,0,0,0,0,0,Node
3,0.39627462,0.39627462,0,0,0,0,0,PersonQueueElement
3,0.062444112,0.062444112,0,0,0,0,0,System
2,0.287240227,0.287240227,0,0,0,0,0,LinkedListStack
2,0.235022158,0.235022158,0,0,0,0,0,LinkedListInterface
1,0.352776124,0.352776124,0,0,0,0,0,String
1,0.173376304,0.173376304,0,0,0,0,0,WaitListForm
0,0.642631637,0.642631637,0,0,0,0,0,TailList
5,0.717676357,0.717676357,0,0,0,0,0,Date
4,0.728838627,0.728838627,0,0,0,0,0,String
4,0.374926253,0.374926253,0,0,0,0,0,SupplierIndicatorFieldEnum
3,0.701406587,0.701406587,0,0,0,0,0,Object
3,0.078196482,0.078196482,0,0,0,0,0,System
2,0.435319087,0.435319087,0,0,0,0,0,PrettyDate
2,0.486396856,0.486396856,0,0,0,0,0,List
1,0.102848064,0.102848064,0,0,0,0,0,Override
1,0.623009509,0.623009509,0,0,0,0,0,Converter
0,0.482894367,0.482894367,0,0,0,0,0,ObjectToStringConverter
5,0.391491269,0.391491269,0,0,0,0,0,InterruptedException
4,0.674853325,0.674853325,0,0,0,0,0,Thread
4,0.270131929,0.270131929,0,0,0,0,0,AtomicReference
3,0.22369748,0.22369748,0,0,0,0,0,Node
3,0.144678492,0.144678492,0,0,0,0,0,String
2,0.07384283,0.07384283,0,0,0,0,0,Override
2,0.321389465,0.321389465,0,0,0,0,0,CloseableBlockingQueue
1,0.156617203,0.156617203,0,0,0,0,0,Monster
1,0.169900075,0.169900075,0,0,0,0,0,Mark
0,0.270126714,0.270126714,0,0,0,0,0,ClientData
5,0.202833322,0.202833322,0,0,0,0,0,Account
4,0.698391465,0.698391465,0,0,0,0,0,Locking
4,0.614179987,0.614179987,0,0,0,0,0,Object
3,0.328735047,0.328735047,0,0,0,0,0,String
3,0.229291494,0.229291494,0,0,0,0,0,MyObj
9,0.38820957,0.38820957,0,1,0,0,0,Thread
2,0.300417789,0.300417789,0,0,0,0,0,MyThread
1,0.254895905,0.254895905,0,0,0,0,0,Date
1,0.273829838,0.273829838,0,0,0,0,0,UpdateOperation
0,0,0,0,0,0,0,0,Toilet
5,0.611304181,0.611304181,0,0,0,0,0,Loop
4,0.310890162,0.310890162,0,0,0,0,0,String
4,0.314806243,0.314806243,0,0,0,0,0,Groupe
3,0.05497474,0.05497474,0,0,0,0,0,Infos
3,0.374462642,0.374462642,0,0,0,0,0,HierarchicalLoop
2,0,0,0,0,0,0,0,Avertissement
2,0.340142301,0.340142301,0,0,0,0,0,List
1,0.281216691,0.281216691,0,0,0,0,0,Vector
1,0.261473214,0.261473214,0,0,0,0,0,MethodType
0,0.213558303,0.213558303,0,0,0,0,0,RandomGen
5,0.840028587,0.840028587,0,0,0,0,0,GregorianCalendar
4,0.565236855,0.565236855,0,0,0,0,0,Date
10,0.749240751,0.749240751,1,0,0,0,0,Calendar
3,0.15336542,0.15336542,0,0,0,0,0,System
3,0.637850652,0.637850652,0,0,0,0,0,String
2,0.43831868,0.43831868,0,0,0,0,0,LocalDate
2,0.244544523,0.244544523,0,0,0,0,0,DatatypeFactory
1,0.551340593,0.551340593,0,0,0,0,0,XMLGregorianCalendar
9,0.234276946,0.234276946,0,1,0,0,0,SimpleDateFormat
0,0.305280345,0.305280345,0,0,0,0,0,MyTransformer
5,0.287439946,0.287439946,0,0,0,0,0,String
4,0.263971887,0.263971887,0,0,0,0,0,JTextField
4,0.4757482,0.4757482,0,0,0,0,0,OnurComboBox
3,0.353884467,0.353884467,0,0,0,0,0,JComboBox
3,0.08434909,0.08434909,0,0,0,0,0,System
2,0.273997537,0.273997537,0,0,0,0,0,JFrame
2,0.742097748,0.742097748,0,0,0,0,0,ActionListener
1,0.483468103,0.483468103,0,0,0,0,0,ItemEvent
1,0.123720284,0.123720284,0,0,0,0,0,Override
0,0.442692507,0.442692507,0,0,0,0,0,JLabel
5,0.461553695,0.461553695,0,0,0,0,0,HashMap
4,0.45994501,0.45994501,0,0,0,0,0,String
4,0.48785812,0.48785812,0,0,0,0,0,Map
3,0.182759656,0.182759656,0,0,0,0,0,JackpotEntrys
3,0.454940259,0.454940259,0,0,0,0,0,Integer
2,0.047710946,0.047710946,0,0,0,0,0,System
2,0.52103218,0.52103218,0,0,0,0,0,List
1,0.122280329,0.122280329,0,0,0,0,0,DepthFeed
1,0.339866216,0.339866216,0,0,0,0,0,Node
0,0.416024818,0.416024818,0,0,0,0,0,EmployeeKey
5,0.632619879,0.632619879,0,0,0,0,0,Socket
4,0.146521835,0.146521835,0,0,0,0,0,System
4,0.121420562,0.121420562,0,0,0,0,0,IOException
3,0.218778393,0.218778393,0,0,0,0,0,SelectionKey
3,0.222215885,0.222215885,0,0,0,0,0,String
2,0.111814264,0.111814264,0,0,0,0,0,NotConnectedException
2,0.194762973,0.194762973,0,0,0,0,0,MessageEncoder
1,0.093965816,0.093965816,0,0,0,0,0,UnableToConnectException
1,0.580033038,0.580033038,0,0,0,0,0,Connected
0,0.420851929,0.420851929,0,0,0,0,0,SocketEndpoint
5,0.452579411,0.452579411,0,0,0,0,0,TrustManager
4,0.103571459,0.103571459,0,0,0,0,0,SSLSocketFactory
4,0.222807669,0.222807669,0,0,0,0,0,String
10,0.16916567,0.16916567,1,0,0,0,0,SSLContext
3,0.347324941,0.347324941,0,0,0,0,0,SchemeRegistry
2,0.040756623,0.040756623,0,0,0,0,0,Override
2,0.690844019,0.690844019,0,0,0,0,0,Certificate
1,0.127726905,0.127726905,0,0,0,0,0,IOException
1,0.757086418,0.757086418,0,0,0,0,0,HttpsURLConnection
0,0.311963502,0.311963502,0,0,0,0,0,DefaultHttpClient
5,0.342451041,0.342451041,0,0,0,0,0,Jsoup
4,0.243519507,0.243519507,0,0,0,0,0,Elements
4,0.283206006,0.283206006,0,0,0,0,0,String
3,0.163617118,0.163617118,0,0,0,0,0,TestRes
3,0.650764259,0.650764259,0,0,0,0,0,Relative
2,0.086724892,0.086724892,0,0,0,0,0,System
2,0.256178501,0.256178501,0,0,0,0,0,Document
1,0.290266329,0.290266329,0,0,0,0,0,MyClass
1,0.243519507,0.243519507,0,0,0,0,0,Element
0,0.234013928,0.234013928,0,0,0,0,0,InputStream
10,0.539187122,0.539187122,1,0,0,0,0,ServerSocket
4,0.617202351,0.617202351,0,0,0,0,0,Socket
4,0.331023036,0.331023036,0,0,0,0,0,MultiServer
3,0.176658604,0.176658604,0,0,0,0,0,System
3,0.34023903,0.34023903,0,0,0,0,0,ServerThread
2,0.132134857,0.132134857,0,0,0,0,0,IOException
2,0.34695936,0.34695936,0,0,0,0,0,ProtocolServer
1,0.417059696,0.417059696,0,0,0,0,0,Client
1,0.294560792,0.294560792,0,0,0,0,0,Thread
0,0.179712155,0.179712155,0,0,0,0,0,String
5,0.297607024,0.297607024,0,0,0,0,0,HashSet
4,0.147149058,0.147149058,0,0,0,0,0,LinkedHashSet
4,0.451386196,0.451386196,0,0,0,0,0,String
3,0.297073302,0.297073302,0,0,0,0,0,RemoveDuplicatesStringArray
3,0.360341329,0.360341329,0,0,0,0,0,PVector
2,0.076845977,0.076845977,0,0,0,0,0,HelpDesk
10,0.571805517,0.571805517,1,0,0,0,0,ArrayList
1,0.486791051,0.486791051,0,0,0,0,0,Integer
7,0.204679659,0.204679659,0,0,0,1,0,Set
0,0.011512388,0.011512388,0,0,0,0,0,System
5,0.683741985,0.683741985,0,0,0,0,0,Date
4,0.225647031,0.225647031,0,0,0,0,0,SimpleDateFormat
10,0.485535884,0.485535884,1,0,0,0,0,Calendar
3,0.387286484,0.387286484,0,0,0,0,0,String
3,0.448295665,0.448295665,0,0,0,0,0,ParseException
2,0.131704007,0.131704007,0,0,0,0,0,System
2,0.362014225,0.362014225,0,0,0,0,0,Instant
1,0.365350729,0.365350729,0,0,0,0,0,Jan
1,0.440812278,0.440812278,0,0,0,0,0,ExtendedDate
0,0.187565271,0.187565271,0,0,0,0,0,Locale
5,0.376091761,0.376091761,0,0,0,0,0,Scanner
10,0.538338095,0.538338095,1,0,0,0,0,String
4,0.085373471,0.085373471,0,0,0,0,0,System
3,0.099426333,0.099426333,0,0,0,0,0,Aires
3,0,0,0,0,0,0,0,Buenos
2,0.57098825,0.57098825,0,0,0,0,0,ArrayList
2,0,0,0,0,0,0,0,Noord
1,0,0,0,0,0,0,0,Holland
1,0.650186715,0.650186715,0,0,0,0,0,Arrays
0,0,0,0,0,0,0,0,Zuid
5,0.429659608,0.429659608,0,0,0,0,0,FinalReflection
4,0.140497102,0.140497102,0,0,0,0,0,TickMarks
4,0.296294716,0.296294716,0,0,0,0,0,String
3,0.084323609,0.084323609,0,0,0,0,0,System
3,0.310726276,0.310726276,0,0,0,0,0,InstanceBuilder
2,0.274571957,0.274571957,0,0,0,0,0,ThreadGenerator
2,0.441387862,0.441387862,0,0,0,0,0,Field
1,0.111689785,0.111689785,0,0,0,0,0,MiddleTick
1,0.177509542,0.177509542,0,0,0,0,0,Foo
0,0.10290444,0.10290444,0,0,0,0,0,StockGraph
5,0.267266763,0.267266763,0,0,0,0,0,NSDocumentScannerImpl
4,0.119468714,0.119468714,0,0,0,0,0,XMLInputFactory
10,0.30814246,0.30814246,1,0,0,0,0,XMLStreamWriter
3,0.30814246,0.30814246,0,0,0,0,0,XMLEventWriter
3,0.64191932,0.64191932,0,0,0,0,0,String
2,0.465630826,0.465630826,0,0,0,0,0,StaxSucks
2,0.295992682,0.295992682,0,0,0,0,0,XMLStreamReader
1,0.08777106,0.08777106,0,0,0,0,0,Exception
1,0.295992682,0.295992682,0,0,0,0,0,XMLEventReader
0,0.512080268,0.512080268,0,0,0,0,0,StringWriter
5,0.308613084,0.308613084,0,0,0,0,0,JButton
10,0.285497045,0.285497045,1,0,0,0,0,ActionEvent
4,0.318422854,0.318422854,0,0,0,0,0,ActionListener
3,0.308613084,0.308613084,0,0,0,0,0,JButtons
3,0.20710842,0.20710842,0,0,0,0,0,ListofJButtons
2,0.250754918,0.250754918,0,0,0,0,0,String
2,0.123375813,0.123375813,0,0,0,0,0,ConfDialog
1,0.098231999,0.098231999,0,0,0,0,0,System
1,0.266950002,0.266950002,0,0,0,0,0,JFrame
0,0.327611927,0.327611927,0,0,0,0,0,JPanel
5,0.338847906,0.338847906,0,0,0,0,0,WatchService
9,0.337413182,0.337413182,0,1,0,0,0,WatchKey
4,0.38506336,0.38506336,0,0,0,0,0,WatchEvent
3,0.109531027,0.109531027,0,0,0,0,0,StandardWatchEventKinds
3,0.338619218,0.338619218,0,0,0,0,0,Path
2,0.281720351,0.281720351,0,0,0,0,0,System
2,0.331922675,0.331922675,0,0,0,0,0,FileSystems
1,0.17326703,0.17326703,0,0,0,0,0,String
1,0.338619218,0.338619218,0,0,0,0,0,Paths
0,0.397658565,0.397658565,0,0,0,0,0,IOException
5,0.526060615,0.526060615,0,0,0,0,0,Date
6,0.337664885,0.337664885,0,0,0,0,1,DateTimeFormatter
9,0.681437291,0.681437291,0,1,0,0,0,YearMonth
3,0.425153086,0.425153086,0,0,0,0,0,String
3,0.213075656,0.213075656,0,0,0,0,0,SimpleDateFormat
2,0.10184939,0.10184939,0,0,0,0,0,System
2,0.448546456,0.448546456,0,0,0,0,0,CalendarField
1,0.401753388,0.401753388,0,0,0,0,0,LocalDate
1,0.205267369,0.205267369,0,0,0,0,0,MaxNumberOfCars
0,0.42259077,0.42259077,0,0,0,0,0,Calendar
5,0.694330443,0.694330443,0,0,0,0,0,Task
4,0.016449166,0.016449166,0,0,0,0,0,Override
4,0.41588787,0.41588787,0,0,0,0,0,Thread
3,0.205325152,0.205325152,0,0,0,0,0,String
3,0.199403341,0.199403341,0,0,0,0,0,Button
2,0.557473551,0.557473551,0,0,0,0,0,BlockingQueue
2,0.304547366,0.304547366,0,0,0,0,0,Stage
1,0.207552384,0.207552384,0,0,0,0,0,Application
1,0.379905679,0.379905679,0,0,0,0,0,Runnable
0,0.12306823,0.12306823,0,0,0,0,0,Platform
5,0.333561877,0.333561877,0,0,0,0,0,JTable
4,0.333966162,0.333966162,0,0,0,0,0,ResultSetTableModel
4,0.277959969,0.277959969,0,0,0,0,0,String
3,0.150963526,0.150963526,0,0,0,0,0,DefaultTableModel
3,0.194502968,0.194502968,0,0,0,0,0,Override
2,0,0,0,0,0,0,0,Kategorija
2,0.202808682,0.202808682,0,0,0,0,0,MyTableTestModel
1,0.231508446,0.231508446,0,0,0,0,0,JButton
1,0.276035746,0.276035746,0,0,0,0,0,Object
0,0.22066248,0.22066248,0,0,0,0,0,ActionEvent
10,0.635794093,0.635794093,1,0,0,0,0,Connection
4,0.021433997,0.021433997,0,0,0,0,0,String
4,0.271697858,0.271697858,0,0,0,0,0,SqlRow
3,0.17678334,0.17678334,0,0,0,0,0,Exception
3,0.047497211,0.047497211,0,0,0,0,0,List
2,0.541770746,0.541770746,0,0,0,0,0,PlayEbean
2,0.110865903,0.110865903,0,0,0,0,0,DBPlugin
1,0.280029477,0.280029477,0,0,0,0,0,ExecutionContext
1,0.422165003,0.422165003,0,0,0,0,0,ConnectionHandle
0,0.099365916,0.099365916,0,0,0,0,0,Logger
5,0.242395892,0.242395892,0,0,0,0,0,RemoteIpEndPoint
4,0.139174519,0.139174519,0,0,0,0,0,System
10,0.650860808,0.650860808,1,0,0,0,0,Socket
3,0.31343643,0.31343643,0,0,0,0,0,OutputStream
3,0.171601673,0.171601673,0,0,0,0,0,String
2,0.183504687,0.183504687,0,0,0,0,0,IPEndPoint
2,0.668188201,0.668188201,0,0,0,0,0,ServerSocket
1,0.201562432,0.201562432,0,0,0,0,0,IOException
1,0.158476901,0.158476901,0,0,0,0,0,Exception
0,0.324748297,0.324748297,0,0,0,0,0,ObjectInputStream
5,0.66802239,0.66802239,0,0,0,0,0,MethodDeclaration
4,0.219144155,0.219144155,0,0,0,0,0,CompilationUnit
4,0.658683271,0.658683271,0,0,0,0,0,TypeDeclaration
3,0.242451537,0.242451537,0,0,0,0,0,ASTHelper
3,0.353178734,0.353178734,0,0,0,0,0,String
2,0.138105648,0.138105648,0,0,0,0,0,System
2,0.584126915,0.584126915,0,0,0,0,0,ClassOrInterfaceDeclaration
1,0.351907978,0.351907978,0,0,0,0,0,ClassPair
1,0.405879197,0.405879197,0,0,0,0,0,ModifierSet
0,0.581635083,0.581635083,0,0,0,0,0,BodyDeclaration
5,0.617574129,0.617574129,0,0,0,0,0,Reflections
4,0.149028426,0.149028426,0,0,0,0,0,DetectorSub
4,0.41336351,0.41336351,0,0,0,0,0,String
3,0.266233142,0.266233142,0,0,0,0,0,Method
3,0.270267728,0.270267728,0,0,0,0,0,Set
2,0.317015644,0.317015644,0,0,0,0,0,Object
2,0.105671786,0.105671786,0,0,0,0,0,Vfs
1,0.509570746,0.509570746,0,0,0,0,0,ReflectionsInterface
1,0.208947305,0.208947305,0,0,0,0,0,File
0,0.099490984,0.099490984,0,0,0,0,0,System
