5,0.3674422009806522,0.3674422009806522,0,0,0,0,0,HashMap
4,0.36597360049726346,0.36597360049726346,0,0,0,0,0,HashSet
4,0.46568533351329267,0.46568533351329267,0,0,0,0,0,ArrayList
3,0.30286100806566907,0.30286100806566907,0,0,0,0,0,Comparator
3,0.2730274921875136,0.2730274921875136,0,0,0,0,0,TreeSet
2,0.4421897649124586,0.4421897649124586,0,0,0,0,0,Arrays
2,0.32061144878085424,0.32061144878085424,0,0,0,0,0,Map
1,0.38562351998803074,0.38562351998803074,0,0,0,0,0,Object
1,0.12291571589152986,0.12291571589152986,0,0,0,0,0,Auto
0,0.24140396598137473,0.24140396598137473,0,0,0,0,0,Set
5,0.40092575169405265,0.40092575169405265,0,0,0,0,0,BigDecimal
4,0.24711315837533615,0.24711315837533615,0,0,0,0,0,TreeSet
4,0.24123306910634895,0.24123306910634895,0,0,0,0,0,Enter
3,0.3780297153831993,0.3780297153831993,0,0,0,0,0,ArrayList
3,0.2107508765419257,0.2107508765419257,0,0,0,0,0,AbstractDocument
2,0.3687292482118554,0.3687292482118554,0,0,0,0,0,Object
2,0.3069571763873655,0.3069571763873655,0,0,0,0,0,AttributeSet
1,0.29503005457954845,0.29503005457954845,0,0,0,0,0,Collections
1,0.12832009193935917,0.12832009193935917,0,0,0,0,0,IOException
10,0.45891379566414026,0.45891379566414026,1.0000000000000002,0,0,0,0,BigInteger
5,0.6102507026858767,0.6102507026858767,0,0,0,0,0,Object
4,0.3439581950410965,0.3439581950410965,0,0,0,0,0,BlockingQueue
4,0.437710540332508,0.437710540332508,0,0,0,0,0,Executors
9,0.3840466207345018,0.3840466207345018,0,1.0000000000000002,0,0,0,ExecutorService
3,0.3907162989031252,0.3907162989031252,0,0,0,0,0,ArrayList
2,0.270977995569454,0.270977995569454,0,0,0,0,0,Map
2,0.37360279678180863,0.37360279678180863,0,0,0,0,0,Class
10,0.3122370403631102,0.3122370403631102,1.0000000000000002,0,0,0,0,Callable
1,0.3709722789552522,0.3709722789552522,0,0,0,0,0,Future
0,0.2126634451586329,0.2126634451586329,0,0,0,0,0,HashMap
5,0.4342415910169254,0.4342415910169254,0,0,0,0,0,Calendar
4,0.2576033279466102,0.2576033279466102,0,0,0,0,0,SimpleDateFormat
4,0.3982977101922894,0.3982977101922894,0,0,0,0,0,DateTimeFormatter
3,0.6718197575420388,0.6718197575420388,0,0,0,0,0,DateTime
3,0.5660855978030573,0.5660855978030573,0,0,0,0,0,DecimalFormat
6,0.6802313287444639,0.6802313287444639,0,0,0,0,0.7040992424842759,DateFormat
2,0.29175128331350736,0.29175128331350736,0,0,0,0,0,ArrayList
1,0.47188661401950815,0.47188661401950815,0,0,0,0,0,DateTimeFormat
1,0.15078796431308952,0.15078796431308952,0,0,0,0,0,Locale
0,0.26638791142271834,0.26638791142271834,0,0,0,0,0,Object
5,0.2913940439351551,0.2913940439351551,0,0,0,0,0,Object
4,0.2388659915140085,0.2388659915140085,0,0,0,0,0,JFrame
4,0.17031503318177016,0.17031503318177016,0,0,0,0,0,AbstractTableModel
3,0.3110053039633027,0.3110053039633027,0,0,0,0,0,ActionEvent
3,0.16799880444275825,0.16799880444275825,0,0,0,0,0,Class
2,0.26825960040691055,0.26825960040691055,0,0,0,0,0,JTable
2,0.302246571658556,0.302246571658556,0,0,0,0,0,ArrayList
1,0.27993367619659937,0.27993367619659937,0,0,0,0,0,JPanel
1,0.1432104187724452,0.1432104187724452,0,0,0,0,0,IOException
0,0.31612800241595646,0.31612800241595646,0,0,0,0,0,ActionListener
5,0.45184190839791016,0.45184190839791016,0,0,0,0,0,Object
4,0.30165290629692915,0.30165290629692915,0,0,0,0,0,File
4,0.4858365635095615,0.4858365635095615,0,0,0,0,0,ArrayList
3,0.23348354159573464,0.23348354159573464,0,0,0,0,0,HashSet
3,0.5158116338363234,0.5158116338363234,0,0,0,0,0,ByteBuffer
2,0.14604889871597504,0.14604889871597504,0,0,0,0,0,IOException
2,0.44957597623275436,0.44957597623275436,0,0,0,0,0,BufferedOutputStream
1,0.29292080773175055,0.29292080773175055,0,0,0,0,0,Map
1,0.2512783828223401,0.2512783828223401,0,0,0,0,0,Charset
0,0.1713781171978582,0.1713781171978582,0,0,0,0,0,Pattern
5,0.39652783963203597,0.39652783963203597,0,0,0,0,0,SimpleDateFormat
10,0.6779967068183932,0.6779967068183932,0.9999999999999997,0,0,0,0,DateFormat
4,0.2583848372893167,0.2583848372893167,0,0,0,0,0,Calendar
3,0.6568302130086332,0.6568302130086332,0,0,0,0,0,DateTime
3,0.6237748239146168,0.6237748239146168,0,0,0,0,0,TimeZone
2,0.18750315109150734,0.18750315109150734,0,0,0,0,0,Object
2,0.1499702589679349,0.1499702589679349,0,0,0,0,0,Locale
1,0.20812781587382678,0.20812781587382678,0,0,0,0,0,ArrayList
1,0.6272122007406606,0.6272122007406606,0,0,0,0,0,DecimalFormat
0,0.3342998986333094,0.3342998986333094,0,0,0,0,0,DateTimeFormatter
5,0.38044325552379177,0.38044325552379177,0,0,0,0,0,JFrame
4,0.44416429608986674,0.44416429608986674,0,0,0,0,0,JPanel
4,0.45097996345996577,0.45097996345996577,0,0,0,0,0,BorderLayout
3,0.24927531669475506,0.24927531669475506,0,0,0,0,0,SwingUtilities
3,0.2905687045019416,0.2905687045019416,0,0,0,0,0,Color
2,0.4373558228839382,0.4373558228839382,0,0,0,0,0,Graphics
2,0.3583954564757979,0.3583954564757979,0,0,0,0,0,JLabel
1,0.3013864432843666,0.3013864432843666,0,0,0,0,0,ActionEvent
1,0.31875066883126774,0.31875066883126774,0,0,0,0,0,Dimension
10,0.42335539461677985,0.42335539461677985,1.0,0,0,0,0,JComponent
5,0.18923630798943059,0.18923630798943059,0,0,0,0,0,SimpleDateFormat
4,0.4667707022998926,0.4667707022998926,0,0,0,0,0,Calendar
4,0.757758011896281,0.757758011896281,0,0,0,0,0,DateTime
3,0.48776450136593785,0.48776450136593785,0,0,0,0,0,LocalDate
3,0.5691275361754601,0.5691275361754601,0,0,0,0,0,DateFormat
2,0.3209495751869745,0.3209495751869745,0,0,0,0,0,Object
2,0.5739492605106182,0.5739492605106182,0,0,0,0,0,TimeZone
1,0.34090285588957087,0.34090285588957087,0,0,0,0,0,ArrayList
1,0.3144549835432619,0.3144549835432619,0,0,0,0,0,Arrays
0,0.2666971050064006,0.2666971050064006,0,0,0,0,0,Map
5,0.6743601921320636,0.6743601921320636,0,0,0,0,0,Address
4,0.637804686272537,0.637804686272537,0,0,0,0,0,Message
4,0.5258649288795422,0.5258649288795422,0,0,0,0,0,InternetAddress
3,0.402592083070238,0.402592083070238,0,0,0,0,0,Padding
3,0.1643025267968169,0.1643025267968169,0,0,0,0,0,IOException
2,0.14342172427273858,0.14342172427273858,0,0,0,0,0,Action
2,0.22443026785649145,0.22443026785649145,0,0,0,0,0,Object
9,0.5355151224736963,0.5355151224736963,0,1.0,0,0,0,Cipher
1,0.2166605041661846,0.2166605041661846,0,0,0,0,0,Arrays
0,0.48131585702200164,0.48131585702200164,0,0,0,0,0,InetAddress
5,0.5554254802696712,0.5554254802696712,0,0,0,0,0,ArrayList
4,0.494501685162667,0.494501685162667,0,0,0,0,0,Object
4,0.6348063255444094,0.6348063255444094,0,0,0,0,0,Class
3,0.5633316185762592,0.5633316185762592,0,0,0,0,0,Arrays
3,0.19503445494764846,0.19503445494764846,0,0,0,0,0,ActionEvent
2,0.19048751793609317,0.19048751793609317,0,0,0,0,0,ActionListener
2,0.14140228196427587,0.14140228196427587,0,0,0,0,0,Test
1,0.05354566352687163,0.05354566352687163,0,0,0,0,0,Bar
1,0.31460661448685795,0.31460661448685795,0,0,0,0,0,Map
0,0.19599988188605505,0.19599988188605505,0,0,0,0,0,JFrame
5,0.3953094312567863,0.3953094312567863,0,0,0,0,0,ArrayList
4,0.28944322889700314,0.28944322889700314,0,0,0,0,0,Map
4,0.4110809073711912,0.4110809073711912,0,0,0,0,0,Object
3,0.31470838879535634,0.31470838879535634,0,0,0,0,0,Class
3,0.29149155219436595,0.29149155219436595,0,0,0,0,0,HashMap
2,0.19746491821901616,0.19746491821901616,0,0,0,0,0,ArrayDescriptor
2,0.22368530969289308,0.22368530969289308,0,0,0,0,0,Foo
1,0.17853929308376673,0.17853929308376673,0,0,0,0,0,File
1,0.44568540303940135,0.44568540303940135,0,0,0,0,0,AnotherClass
0,0.11995929909968472,0.11995929909968472,0,0,0,0,0,Test
5,0.38012021511383143,0.38012021511383143,0,0,0,0,0,JPanel
4,0.19253166488914983,0.19253166488914983,0,0,0,0,0,EventQueue
4,0.18282068685166952,0.18282068685166952,0,0,0,0,0,Application
3,0.29912279244042433,0.29912279244042433,0,0,0,0,0,ApplicationFrame
3,0.3160327282634152,0.3160327282634152,0,0,0,0,0,JFrame
2,0.0,0.0,0,0,0,0,0,Caspian
2,0.4007103359241313,0.4007103359241313,0,0,0,0,0,JLabel
1,0.4382832154664055,0.4382832154664055,0,0,0,0,0,BorderLayout
1,0.16363112883394626,0.16363112883394626,0,0,0,0,0,File
0,0.6056186811960252,0.6056186811960252,0,0,0,0,0,Desktop
6,0.3307934757672541,0.3307934757672541,0,0,0,0,0.7341845875458319,SimpleDateFormat
4,0.6495012450773401,0.6495012450773401,0,0,0,0,0,DateFormat
4,0.4156407232640701,0.4156407232640701,0,0,0,0,0,DateTimeFormatter
3,0.4853657134193837,0.4853657134193837,0,0,0,0,0,DateTimeFormat
3,0.41840917521831955,0.41840917521831955,0,0,0,0,0,DateTime
2,0.4356547520164361,0.4356547520164361,0,0,0,0,0,Calendar
2,0.18341983446141447,0.18341983446141447,0,0,0,0,0,Locale
1,0.3332142326150591,0.3332142326150591,0,0,0,0,0,ParseException
1,0.6959377003650185,0.6959377003650185,0,0,0,0,0,Format
0,0.5296075158649174,0.5296075158649174,0,0,0,0,0,DecimalFormat
5,0.4033579678273196,0.4033579678273196,0,0,0,0,0,Dimension
4,0.3944747553212111,0.3944747553212111,0,0,0,0,0,JPanel
4,0.32934334208991994,0.32934334208991994,0,0,0,0,0,GridBagLayout
3,0.6042089023418244,0.6042089023418244,0,0,0,0,0,BorderLayout
10,0.4101749515094468,0.4101749515094468,0.9999999999999999,0,0,0,0,GridBagConstraints
2,0.2965538557876036,0.2965538557876036,0,0,0,0,0,JFrame
2,0.3772290064363219,0.3772290064363219,0,0,0,0,0,JLabel
1,0.3927067985540346,0.3927067985540346,0,0,0,0,0,Graphics
1,0.28564473320149447,0.28564473320149447,0,0,0,0,0,Box
0,0.4551008228580563,0.4551008228580563,0,0,0,0,0,Color
5,0.4648543467746256,0.4648543467746256,0,0,0,0,0,ItemEvent
9,0.4771742943532368,0.4771742943532368,0,1.0000000000000002,0,0,0,ItemListener
4,0.4081779117670191,0.4081779117670191,0,0,0,0,0,Object
3,0.2859843682723072,0.2859843682723072,0,0,0,0,0,JComboBox
3,0.4043387008581985,0.4043387008581985,0,0,0,0,0,BorderLayout
2,0.28580486396862104,0.28580486396862104,0,0,0,0,0,JFrame
2,0.30558449067691684,0.30558449067691684,0,0,0,0,0,ActionEvent
1,0.37234252176857713,0.37234252176857713,0,0,0,0,0,ArrayList
1,0.6236843571322407,0.6236843571322407,0,0,0,0,0,Element
0,0.3556152115163004,0.3556152115163004,0,0,0,0,0,JPanel
5,0.5554587065061819,0.5554587065061819,0,0,0,0,0,ArrayList
4,0.6282313079478705,0.6282313079478705,0,0,0,0,0,File
4,0.40504935986315027,0.40504935986315027,0,0,0,0,0,Arrays
3,0.09872873950632371,0.09872873950632371,0,0,0,0,0,IOException
10,0.6282313079478705,0.6282313079478705,1.0,0,0,0,0,Files
2,0.45448004229247063,0.45448004229247063,0,0,0,0,0,Collections
2,0.2817101749707087,0.2817101749707087,0,0,0,0,0,InputStream
1,0.38906115911184364,0.38906115911184364,0,0,0,0,0,FilenameFilter
1,0.3581893000495423,0.3581893000495423,0,0,0,0,0,Path
0,0.4527273608825899,0.4527273608825899,0,0,0,0,0,FileOutputStream
5,0.5114884400480644,0.5114884400480644,0,0,0,0,0,Arrays
4,0.22208310423776595,0.22208310423776595,0,0,0,0,0,Pattern
4,0.49650701665599306,0.49650701665599306,0,0,0,0,0,ArrayList
3,0.39508352582426887,0.39508352582426887,0,0,0,0,0,Matcher
3,0.31788896660550275,0.31788896660550275,0,0,0,0,0,Charset
2,0.13325416479925736,0.13325416479925736,0,0,0,0,0,Test
2,0.27058272681773554,0.27058272681773554,0,0,0,0,0,Map
1,0.41689388765508106,0.41689388765508106,0,0,0,0,0,Object
1,0.28016894600561965,0.28016894600561965,0,0,0,0,0,HashMap
0,0.35982931857467093,0.35982931857467093,0,0,0,0,0,Collections
5,0.4282328260104883,0.4282328260104883,0,0,0,0,0,File
4,0.16843808992696682,0.16843808992696682,0,0,0,0,0,InputStream
4,0.21457483416028011,0.21457483416028011,0,0,0,0,0,ArrayList
3,0.33158051028858665,0.33158051028858665,0,0,0,0,0,FileInputStream
3,0.14627651851321774,0.14627651851321774,0,0,0,0,0,IOException
2,0.30340418751169995,0.30340418751169995,0,0,0,0,0,Class
2,0.2669768361781024,0.2669768361781024,0,0,0,0,0,MyClass
1,0.20730133105421572,0.20730133105421572,0,0,0,0,0,Object
1,0.6042458281690622,0.6042458281690622,0,0,0,0,0,Access
0,0.3698647662387383,0.3698647662387383,0,0,0,0,0,Path
5,0.31381907207288895,0.31381907207288895,0,0,0,0,0,BufferedReader
4,0.36800011845675723,0.36800011845675723,0,0,0,0,0,Executor
4,0.19118198253648064,0.19118198253648064,0,0,0,0,0,File
3,0.2689523663544417,0.2689523663544417,0,0,0,0,0,InputStream
3,0.18688137991144765,0.18688137991144765,0,0,0,0,0,IOException
2,0.36800011845675723,0.36800011845675723,0,0,0,0,0,Executors
2,0.300953098115898,0.300953098115898,0,0,0,0,0,Object
1,0.2831191113121702,0.2831191113121702,0,0,0,0,0,ArrayList
1,0.25232776240863075,0.25232776240863075,0,0,0,0,0,HttpServletRequest
10,0.5849170968243257,0.5849170968243257,1.0000000000000002,0,0,0,0,Selector
5,0.3948228492595952,0.3948228492595952,0,0,0,0,0,JFrame
4,0.28285087346105786,0.28285087346105786,0,0,0,0,0,ActionEvent
10,0.3012358169842641,0.3012358169842641,1.0,0,0,0,0,JDialog
3,0.41553332915213526,0.41553332915213526,0,0,0,0,0,JPanel
3,0.3022420883571952,0.3022420883571952,0,0,0,0,0,ActionListener
2,0.4381437967706088,0.4381437967706088,0,0,0,0,0,BorderLayout
2,0.39814293240442145,0.39814293240442145,0,0,0,0,0,JButton
1,0.32203511703379245,0.32203511703379245,0,0,0,0,0,WindowAdapter
1,0.2862117310108765,0.2862117310108765,0,0,0,0,0,SwingUtilities
9,0.5673431992931252,0.5673431992931252,0,1.0,0,0,0,Frame
5,0.35125802995399147,0.35125802995399147,0,0,0,0,0,JFrame
4,0.509493691403927,0.509493691403927,0,0,0,0,0,BorderLayout
4,0.412839116164905,0.412839116164905,0,0,0,0,0,JPanel
3,0.383619098889489,0.383619098889489,0,0,0,0,0,JLabel
3,0.6532888774076392,0.6532888774076392,0,0,0,0,0,Font
2,0.4338555172590688,0.4338555172590688,0,0,0,0,0,Color
2,0.4872225700674787,0.4872225700674787,0,0,0,0,0,Dimension
1,0.44587633322507414,0.44587633322507414,0,0,0,0,0,Graphics
1,0.3024712581630252,0.3024712581630252,0,0,0,0,0,Object
0,0.39865729763023705,0.39865729763023705,0,0,0,0,0,GridLayout
5,0.6862348579298945,0.6862348579298945,0,0,0,0,0,Arrays
4,0.6148968118439281,0.6148968118439281,0,0,0,0,0,ArrayList
4,0.3633459133299497,0.3633459133299497,0,0,0,0,0,Scanner
3,0.3329260572091508,0.3329260572091508,0,0,0,0,0,HashMap
3,0.45374841410592276,0.45374841410592276,0,0,0,0,0,Object
2,0.11152024834408107,0.11152024834408107,0,0,0,0,0,Great
2,0.3141328288598696,0.3141328288598696,0,0,0,0,0,Map
1,0.1255252345731525,0.1255252345731525,0,0,0,0,0,IOException
1,0.38567062481145764,0.38567062481145764,0,0,0,0,0,LinkedList
0,0.49779264012137475,0.49779264012137475,0,0,0,0,0,Comparator
5,0.6618652626977639,0.6618652626977639,0,0,0,0,0,File
4,0.336622498230038,0.336622498230038,0,0,0,0,0,FileNotFoundException
4,0.2948560901493755,0.2948560901493755,0,0,0,0,0,IOException
3,0.45067491587319136,0.45067491587319136,0,0,0,0,0,FileOutputStream
3,0.09525680335092866,0.09525680335092866,0,0,0,0,0,Configuration
2,0.22469843697870007,0.22469843697870007,0,0,0,0,0,InputStream
2,0.25473507217635555,0.25473507217635555,0,0,0,0,0,BufferedReader
1,0.167180721434175,0.167180721434175,0,0,0,0,0,Desktop
1,0.18501820181480172,0.18501820181480172,0,0,0,0,0,ArrayList
10,0.45067491587319136,0.45067491587319136,1.0,0,0,0,0,FileInputStream
5,0.5099778096843162,0.5099778096843162,0,0,0,0,0,ArrayList
4,0.32029543102537034,0.32029543102537034,0,0,0,0,0,Object
4,0.3977102297005235,0.3977102297005235,0,0,0,0,0,Arrays
3,0.37832089558149784,0.37832089558149784,0,0,0,0,0,LinkedList
3,0.31202944967865814,0.31202944967865814,0,0,0,0,0,Iterator
2,0.18418603573212333,0.18418603573212333,0,0,0,0,0,Method
2,0.3687515526846319,0.3687515526846319,0,0,0,0,0,Map
1,0.41823855967184254,0.41823855967184254,0,0,0,0,0,Benchmark
1,0.31138967541274776,0.31138967541274776,0,0,0,0,0,HashMap
0,0.046041140750590744,0.046041140750590744,0,0,0,0,0,IOException
10,0.6932608591616858,0.6932608591616858,0.9999999999999999,0,0,0,0,DateFormat
4,0.02504769723146765,0.02504769723146765,0,0,0,0,0,Auto
4,0.30135509058230603,0.30135509058230603,0,0,0,0,0,ParseException
3,0.33533515351394744,0.33533515351394744,0,0,0,0,0,Criteria
3,0.2914997542255121,0.2914997542255121,0,0,0,0,0,SimpleDateFormat
2,0.6156894714452557,0.6156894714452557,0,0,0,0,0,DateTime
2,0.548086553547658,0.548086553547658,0,0,0,0,0,Calendar
1,0.21510215122966564,0.21510215122966564,0,0,0,0,0,Locale
1,0.27007294781566116,0.27007294781566116,0,0,0,0,0,Enter
0,0.3323482773456782,0.3323482773456782,0,0,0,0,0,Object
5,0.6533372962305249,0.6533372962305249,0,0,0,0,0,File
4,0.13779737148590085,0.13779737148590085,0,0,0,0,0,IOException
4,0.3839917060896386,0.3839917060896386,0,0,0,0,0,ArrayList
3,0.1978419118729034,0.1978419118729034,0,0,0,0,0,Matcher
3,0.18082330998401056,0.18082330998401056,0,0,0,0,0,Pattern
2,0.42170553633287744,0.42170553633287744,0,0,0,0,0,FileReader
2,0.23824445436834046,0.23824445436834046,0,0,0,0,0,BufferedReader
1,0.30449061732442106,0.30449061732442106,0,0,0,0,0,InputStream
1,0.30708506163626015,0.30708506163626015,0,0,0,0,0,Object
0,0.2373401715457929,0.2373401715457929,0,0,0,0,0,Map
5,0.40005714598204284,0.40005714598204284,0,0,0,0,0,Object
10,0.4082713217217252,0.4082713217217252,1.0000000000000002,0,0,0,0,Class
4,0.15146827107675853,0.15146827107675853,0,0,0,0,0,IOException
3,0.1554260678596494,0.1554260678596494,0,0,0,0,0,Assert
3,0.22935577313741742,0.22935577313741742,0,0,0,0,0,Calendar
2,0.13919065737780212,0.13919065737780212,0,0,0,0,0,Test
2,0.29631426786269943,0.29631426786269943,0,0,0,0,0,Map
1,0.30781432255480606,0.30781432255480606,0,0,0,0,0,ArrayList
1,0.34733862730737025,0.34733862730737025,0,0,0,0,0,Method
0,0.15280542723254115,0.15280542723254115,0,0,0,0,0,Path
5,0.22633906651933172,0.22633906651933172,0,0,0,0,0,ConcurrentHashMap
4,0.3430318153050141,0.3430318153050141,0,0,0,0,0,Map
4,0.3398666452106196,0.3398666452106196,0,0,0,0,0,Object
3,0.3821687663041582,0.3821687663041582,0,0,0,0,0,HashMap
10,0.4087683260342285,0.4087683260342285,1.0000000000000002,0,0,0,0,Collections
2,0.3854177365724517,0.3854177365724517,0,0,0,0,0,ConcurrentMap
2,0.3420657555762429,0.3420657555762429,0,0,0,0,0,Iterator
9,0.6661517986973399,0.6661517986973399,0,1.0000000000000002,0,0,0,Hashtable
1,0.10170808043023616,0.10170808043023616,0,0,0,0,0,Segment
0,0.3725925095770356,0.3725925095770356,0,0,0,0,0,ArrayList
5,0.6340720356682494,0.6340720356682494,0,0,0,0,0,ArrayList
4,0.4537671903576599,0.4537671903576599,0,0,0,0,0,Iterator
4,0.521017586549376,0.521017586549376,0,0,0,0,0,Object
3,0.6452242356954956,0.6452242356954956,0,0,0,0,0,Arrays
3,0.7105469118377994,0.7105469118377994,0,0,0,0,0,Item
2,0.47143208955944405,0.47143208955944405,0,0,0,0,0,Collections
2,0.34326055653005794,0.34326055653005794,0,0,0,0,0,Map
1,0.2142645838437809,0.2142645838437809,0,0,0,0,0,Set
1,0.30199674123952036,0.30199674123952036,0,0,0,0,0,HashMap
0,0.37993933690471593,0.37993933690471593,0,0,0,0,0,View
5,0.3443655749440826,0.3443655749440826,0,0,0,0,0,Component
4,0.14541497055843305,0.14541497055843305,0,0,0,0,0,Danger
4,0.31823502006223325,0.31823502006223325,0,0,0,0,0,JLabel
3,0.3486828172348722,0.3486828172348722,0,0,0,0,0,Icon
3,0.29863506027720516,0.29863506027720516,0,0,0,0,0,JFrame
10,0.35872587709512177,0.35872587709512177,1.0,0,0,0,0,JTabbedPane
2,0.4121966106988767,0.4121966106988767,0,0,0,0,0,Label
1,0.37116741844307366,0.37116741844307366,0,0,0,0,0,JPanel
1,0.25137198286495405,0.25137198286495405,0,0,0,0,0,ActionEvent
0,0.24974911377424813,0.24974911377424813,0,0,0,0,0,MouseAdapter
6,0.5663524254260957,0.5663524254260957,0,0,0,0,0.6401805295632945,ArrayList
4,0.6016826613464236,0.6016826613464236,0,0,0,0,0,Object
4,0.36871216449010114,0.36871216449010114,0,0,0,0,0,Class
3,0.3988463603116974,0.3988463603116974,0,0,0,0,0,Map
3,0.4583479443849603,0.4583479443849603,0,0,0,0,0,Arrays
2,0.46295203564038656,0.46295203564038656,0,0,0,0,0,Collections
2,0.2524389509796689,0.2524389509796689,0,0,0,0,0,Foo
1,0.3269902235422669,0.3269902235422669,0,0,0,0,0,HashMap
1,0.46295203564038656,0.46295203564038656,0,0,0,0,0,Collection
0,0.32915081722207673,0.32915081722207673,0,0,0,0,0,Iterator
5,0.38701399058397556,0.38701399058397556,0,0,0,0,0,Collection
4,0.38702255992625256,0.38702255992625256,0,0,0,0,0,ArrayList
4,0.3918574113325388,0.3918574113325388,0,0,0,0,0,Object
10,0.687693584947519,0.687693584947519,1.0,0,0,0,0,Iterator
3,0.28149158985992745,0.28149158985992745,0,0,0,0,0,HashMap
2,0.18622828930587712,0.18622828930587712,0,0,0,0,0,Assert
2,0.1889839444004802,0.1889839444004802,0,0,0,0,0,Autowired
1,0.2987364698196083,0.2987364698196083,0,0,0,0,0,Map
1,0.17988460982081791,0.17988460982081791,0,0,0,0,0,Bean
0,0.22402800315594418,0.22402800315594418,0,0,0,0,0,Set
5,0.6261457672029893,0.6261457672029893,0,0,0,0,0,ArrayList
4,0.40812445003231873,0.40812445003231873,0,0,0,0,0,Object
10,0.7883891368880325,0.7883891368880325,1.0000000000000002,0,0,0,0,LinkedList
3,0.5015393717706045,0.5015393717706045,0,0,0,0,0,Arrays
3,0.3461153261781204,0.3461153261781204,0,0,0,0,0,Node
2,0.48365290620429235,0.48365290620429235,0,0,0,0,0,Collections
2,0.29868711080955895,0.29868711080955895,0,0,0,0,0,Class
1,0.23908725071369286,0.23908725071369286,0,0,0,0,0,File
1,0.39800937654200474,0.39800937654200474,0,0,0,0,0,Iterator
0,0.2215922613912769,0.2215922613912769,0,0,0,0,0,JFrame
5,0.3469427466206115,0.3469427466206115,0,0,0,0,0,ArrayList
4,0.7608617474205155,0.7608617474205155,0,0,0,0,0,Point
4,0.36623654613992773,0.36623654613992773,0,0,0,0,0,Arrays
10,0.8061604602303762,0.8061604602303762,1.0,0,0,0,0,Polygon
3,0.335622067483204,0.335622067483204,0,0,0,0,0,Algorithm
2,0.45731499327438924,0.45731499327438924,0,0,0,0,0,Graphics
2,0.6919479130124668,0.6919479130124668,0,0,0,0,0,Rectangle
1,0.4208649613179915,0.4208649613179915,0,0,0,0,0,Color
1,0.2007054063775398,0.2007054063775398,0,0,0,0,0,JFrame
0,0.26043715064277434,0.26043715064277434,0,0,0,0,0,JPanel
10,0.6120953172749166,0.6120953172749166,1.0,0,0,0,0,Object
4,0.6642583768208364,0.6642583768208364,0,0,0,0,0,ArrayList
4,0.6360595752099827,0.6360595752099827,0,0,0,0,0,Arrays
3,0.485783167993821,0.485783167993821,0,0,0,0,0,Collections
3,0.4050063623988396,0.4050063623988396,0,0,0,0,0,Map
2,0.6348330270506525,0.6348330270506525,0,0,0,0,0,Comparator
2,0.37350566554157866,0.37350566554157866,0,0,0,0,0,Class
1,0.35636288674915473,0.35636288674915473,0,0,0,0,0,HashMap
1,0.5805505898581739,0.5805505898581739,0,0,0,0,0,Properties
0,0.19805612398608283,0.19805612398608283,0,0,0,0,0,File
5,0.4118722511312961,0.4118722511312961,0,0,0,0,0,JFrame
4,0.4635595161302401,0.4635595161302401,0,0,0,0,0,JPanel
4,0.3127591067406382,0.3127591067406382,0,0,0,0,0,JButton
3,0.23494253356037034,0.23494253356037034,0,0,0,0,0,ActionEvent
3,0.30750476236839097,0.30750476236839097,0,0,0,0,0,Color
10,0.36302699759434476,0.36302699759434476,0.9999999999999999,0,0,0,0,CardLayout
2,0.4729153404366191,0.4729153404366191,0,0,0,0,0,BorderLayout
1,0.3547764285610782,0.3547764285610782,0,0,0,0,0,Dimension
1,0.354707375470831,0.354707375470831,0,0,0,0,0,JLabel
0,0.25687602526787034,0.25687602526787034,0,0,0,0,0,SwingUtilities
5,0.29315119347706187,0.29315119347706187,0,0,0,0,0,Object
4,0.6243441097115484,0.6243441097115484,0,0,0,0,0,Function
4,0.3351239175311438,0.3351239175311438,0,0,0,0,0,Class
3,0.3970809939451535,0.3970809939451535,0,0,0,0,0,JavaConversions
3,0.2675150007350009,0.2675150007350009,0,0,0,0,0,ArrayList
2,0.24057211344528723,0.24057211344528723,0,0,0,0,0,Map
2,0.25256788994859714,0.25256788994859714,0,0,0,0,0,Int
1,0.2473620455753912,0.2473620455753912,0,0,0,0,0,Arrays
1,0.734696097200918,0.734696097200918,0,0,0,0,0,Seq
0,0.10960351022600433,0.10960351022600433,0,0,0,0,0,Unit
10,0.4253028402928736,0.4253028402928736,0.9999999999999998,0,0,0,0,BigDecimal
4,0.407989135682326,0.407989135682326,0,0,0,0,0,NumberFormat
4,0.4338156059148834,0.4338156059148834,0,0,0,0,0,BigInteger
3,0.10433011207665643,0.10433011207665643,0,0,0,0,0,Locale
3,0.5140960128661224,0.5140960128661224,0,0,0,0,0,DecimalFormat
2,0.28253504058771217,0.28253504058771217,0,0,0,0,0,MyBigDecimal
2,0.2664629292188927,0.2664629292188927,0,0,0,0,0,Object
1,0.3353983344524853,0.3353983344524853,0,0,0,0,0,ArrayList
1,0.28275976268929187,0.28275976268929187,0,0,0,0,0,ParseException
0,0.3748594378411108,0.3748594378411108,0,0,0,0,0,RoundingMode
9,0.475978275769122,0.475978275769122,0,1.0,0,0,0,JLabel
4,0.4389003602512084,0.4389003602512084,0,0,0,0,0,JPanel
4,0.5738654490405316,0.5738654490405316,0,0,0,0,0,BorderLayout
3,0.3272739953068426,0.3272739953068426,0,0,0,0,0,JFrame
10,0.3455574862040391,0.3455574862040391,1.0,0,0,0,0,SwingConstants
2,0.40626699456543597,0.40626699456543597,0,0,0,0,0,Dimension
2,0.5061182695518489,0.5061182695518489,0,0,0,0,0,Color
1,0.6014153072910967,0.6014153072910967,0,0,0,0,0,TextView
1,0.2700041527097435,0.2700041527097435,0,0,0,0,0,File
0,0.0568380960506275,0.0568380960506275,0,0,0,0,0,IOException
10,0.4374101135358067,0.4374101135358067,1.0,0,0,0,0,BufferedImage
4,0.4840644097636436,0.4840644097636436,0,0,0,0,0,Graphics
4,0.6902427846690832,0.6902427846690832,0,0,0,0,0,Color
3,0.34157001100724577,0.34157001100724577,0,0,0,0,0,ImageIO
3,0.472950460540117,0.472950460540117,0,0,0,0,0,Object
2,0.2866496948519214,0.2866496948519214,0,0,0,0,0,File
2,0.6397267120115956,0.6397267120115956,0,0,0,0,0,ArrayList
1,0.7219863569857268,0.7219863569857268,0,0,0,0,0,Arrays
1,0.3286555002426229,0.3286555002426229,0,0,0,0,0,Map
0,0.26722307108120125,0.26722307108120125,0,0,0,0,0,AffineTransform
5,0.6888489848373497,0.6888489848373497,0,0,0,0,0,Object
4,0.6322345469325619,0.6322345469325619,0,0,0,0,0,ArrayList
6,0.4303183569724785,0.4303183569724785,0,0,0,0,0.6482088255847357,Class
3,0.7102197709610062,0.7102197709610062,0,0,0,0,0,Arrays
3,0.3293014582278416,0.3293014582278416,0,0,0,0,0,Map
2,0.3020493782239791,0.3020493782239791,0,0,0,0,0,HashMap
2,0.14732090803441772,0.14732090803441772,0,0,0,0,0,Test
1,0.164096642249693,0.164096642249693,0,0,0,0,0,Foo
1,0.13692578376552028,0.13692578376552028,0,0,0,0,0,IOException
0,0.5999337644693735,0.5999337644693735,0,0,0,0,0,Accept
5,0.7525697004304697,0.7525697004304697,0,0,0,0,0,Area
4,0.48562107494722073,0.48562107494722073,0,0,0,0,0,BufferedImage
4,0.4699018751558604,0.4699018751558604,0,0,0,0,0,Color
10,0.537689321394511,0.537689321394511,1.0000000000000002,0,0,0,0,Graphics
3,0.49736254393849516,0.49736254393849516,0,0,0,0,0,OneRing
2,0.3213037691880126,0.3213037691880126,0,0,0,0,0,JPanel
2,0.3489894104309499,0.3489894104309499,0,0,0,0,0,JFrame
1,0.3372693368604626,0.3372693368604626,0,0,0,0,0,File
1,0.6217253699526994,0.6217253699526994,0,0,0,0,0,Rectangle
0,0.5061944143393698,0.5061944143393698,0,0,0,0,0,ShapeCollision
10,0.4372396418683405,0.4372396418683405,1.0000000000000002,0,0,0,0,Calendar
4,0.45116592702990227,0.45116592702990227,0,0,0,0,0,Object
4,0.5366309830875813,0.5366309830875813,0,0,0,0,0,Arrays
3,0.07350879404988932,0.07350879404988932,0,0,0,0,0,Candidate
3,0.4969454447185777,0.4969454447185777,0,0,0,0,0,ArrayList
2,0.4646062738483938,0.4646062738483938,0,0,0,0,0,HexNumber
2,0.38447473551254896,0.38447473551254896,0,0,0,0,0,GregorianCalendar
1,0.2991557883710151,0.2991557883710151,0,0,0,0,0,Map
1,0.21096013811913567,0.21096013811913567,0,0,0,0,0,Matchers
0,0.3144893804376921,0.3144893804376921,0,0,0,0,0,HashMap
5,0.46649560985057753,0.46649560985057753,0,0,0,0,0,Collections
4,0.5983240510289345,0.5983240510289345,0,0,0,0,0,ArrayList
10,0.4865002390405714,0.4865002390405714,0.9999999999999998,0,0,0,0,Arrays
3,0.40321857821831253,0.40321857821831253,0,0,0,0,0,Map
3,0.45892134853477073,0.45892134853477073,0,0,0,0,0,Comparator
2,0.3971757337273004,0.3971757337273004,0,0,0,0,0,Object
2,0.02314017205193368,0.02314017205193368,0,0,0,0,0,Testdata
1,0.3207739612596513,0.3207739612596513,0,0,0,0,0,HashSet
1,0.1430226423697017,0.1430226423697017,0,0,0,0,0,Pattern
0,0.24972884836398213,0.24972884836398213,0,0,0,0,0,Set
5,0.3708487286225557,0.3708487286225557,0,0,0,0,0,SimpleDateFormat
6,0.8061728822632896,0.8061728822632896,0,0,0,0,0.6625931093254023,DateFormat
4,0.473238565333777,0.473238565333777,0,0,0,0,0,Calendar
3,0.4195260699257456,0.4195260699257456,0,0,0,0,0,ParseException
3,0.3016225606584195,0.3016225606584195,0,0,0,0,0,Object
2,0.1718648731757002,0.1718648731757002,0,0,0,0,0,Locale
2,0.3001937551428211,0.3001937551428211,0,0,0,0,0,ArrayList
1,0.5691913475423672,0.5691913475423672,0,0,0,0,0,DecimalFormat
1,0.1520042576401287,0.1520042576401287,0,0,0,0,0,IOException
0,0.18875801007531529,0.18875801007531529,0,0,0,0,0,File
10,0.37056239473322244,0.37056239473322244,0.9999999999999998,0,0,0,0,BufferedImage
4,0.3519708599157366,0.3519708599157366,0,0,0,0,0,Color
4,0.30376697619353177,0.30376697619353177,0,0,0,0,0,Graphics
3,0.44691939768340444,0.44691939768340444,0,0,0,0,0,ImageView
3,0.2881572311200476,0.2881572311200476,0,0,0,0,0,JPanel
2,0.1881468099934851,0.1881468099934851,0,0,0,0,0,LinearLayout
2,0.21468683700084062,0.21468683700084062,0,0,0,0,0,ArrayList
1,0.10623167151956017,0.10623167151956017,0,0,0,0,0,Auto
1,0.2749556833026665,0.2749556833026665,0,0,0,0,0,JFrame
0,0.3454077321765916,0.3454077321765916,0,0,0,0,0,ImageIO
5,0.6117288368605164,0.6117288368605164,0,0,0,0,0,Object
4,0.422309108106123,0.422309108106123,0,0,0,0,0,ArrayList
4,0.39864321291791316,0.39864321291791316,0,0,0,0,0,Class
3,0.13272645576208714,0.13272645576208714,0,0,0,0,0,PropertyValueFactory
3,0.3417121699199215,0.3417121699199215,0,0,0,0,0,IOException
2,0.3070948871632453,0.3070948871632453,0,0,0,0,0,Change
2,0.13714357877507313,0.13714357877507313,0,0,0,0,0,Test
1,0.40770814854862136,0.40770814854862136,0,0,0,0,0,ObjectOutputStream
1,0.27523733908421866,0.27523733908421866,0,0,0,0,0,Map
0,0.2103852842296875,0.2103852842296875,0,0,0,0,0,FileOutputStream
5,0.43122107568534934,0.43122107568534934,0,0,0,0,0,Object
6,0.6061009483831123,0.6061009483831123,0,0,0,0,0.6424569240975604,ArrayList
4,0.4862346093620671,0.4862346093620671,0,0,0,0,0,Arrays
3,0.364202350516234,0.364202350516234,0,0,0,0,0,Class
3,0.34733753014523855,0.34733753014523855,0,0,0,0,0,Function
2,0.26340560768524723,0.26340560768524723,0,0,0,0,0,Collectors
2,0.4147833017897163,0.4147833017897163,0,0,0,0,0,Map
1,0.5110692922549709,0.5110692922549709,0,0,0,0,0,Collections
1,0.3481090367977842,0.3481090367977842,0,0,0,0,0,HashMap
0,0.17456983497711995,0.17456983497711995,0,0,0,0,0,File
5,0.3528713177460421,0.3528713177460421,0,0,0,0,0,BufferedReader
4,0.16013636026183015,0.16013636026183015,0,0,0,0,0,HttpURLConnection
4,0.2655175527491654,0.2655175527491654,0,0,0,0,0,File
3,0.17634020778815668,0.17634020778815668,0,0,0,0,0,IOException
3,0.3455679897595677,0.3455679897595677,0,0,0,0,0,FileReader
2,0.31987173223315823,0.31987173223315823,0,0,0,0,0,InputStream
2,0.2447238666167999,0.2447238666167999,0,0,0,0,0,Object
1,0.3439943292415096,0.3439943292415096,0,0,0,0,0,ArrayList
1,0.29286597626589944,0.29286597626589944,0,0,0,0,0,FileInputStream
0,0.22063941201649578,0.22063941201649578,0,0,0,0,0,Activity
10,0.5382888657370168,0.5382888657370168,1.0,0,0,0,0,Object
4,0.4077257205879099,0.4077257205879099,0,0,0,0,0,ArrayList
4,0.4982500201680238,0.4982500201680238,0,0,0,0,0,Class
3,0.19664296482047997,0.19664296482047997,0,0,0,0,0,Test
3,0.20631349408223365,0.20631349408223365,0,0,0,0,0,Foo
2,0.24773593460854143,0.24773593460854143,0,0,0,0,0,Map
2,0.33539100176109155,0.33539100176109155,0,0,0,0,0,Activity
1,0.11434954152965485,0.11434954152965485,0,0,0,0,0,IOException
1,0.37381945448983833,0.37381945448983833,0,0,0,0,0,MyClass
0,0.261438557473381,0.261438557473381,0,0,0,0,0,File
5,0.6357783746782765,0.6357783746782765,0,0,0,0,0,File
9,0.3417926262799159,0.3417926262799159,0,1.0000000000000002,0,0,0,Class
4,0.12677396141166208,0.12677396141166208,0,0,0,0,0,IOException
3,0.19090157268438074,0.19090157268438074,0,0,0,0,0,Java
3,0.26372412201294204,0.26372412201294204,0,0,0,0,0,InputStream
2,0.27082787269628694,0.27082787269628694,0,0,0,0,0,Main
2,0.3107131292586107,0.3107131292586107,0,0,0,0,0,ArrayList
1,0.43609523901830416,0.43609523901830416,0,0,0,0,0,FileInputStream
1,0.27079295433550016,0.27079295433550016,0,0,0,0,0,Object
0,0.32162940538600004,0.32162940538600004,0,0,0,0,0,Path
5,0.6448555977817785,0.6448555977817785,0,0,0,0,0,ArrayList
4,0.6734169183470083,0.6734169183470083,0,0,0,0,0,Object
4,0.5192557178698226,0.5192557178698226,0,0,0,0,0,Arrays
8,0.400236584205349,0.400236584205349,0,0,1.0,0,0,HashMap
3,0.4427511092924562,0.4427511092924562,0,0,0,0,0,Map
2,0.5144298328917276,0.5144298328917276,0,0,0,0,0,LinkedList
2,0.39765076345139805,0.39765076345139805,0,0,0,0,0,Class
1,0.5228403247637867,0.5228403247637867,0,0,0,0,0,Collections
1,0.22561752274114616,0.22561752274114616,0,0,0,0,0,JFrame
0,0.25988158150424834,0.25988158150424834,0,0,0,0,0,JPanel
5,0.34858665813447737,0.34858665813447737,0,0,0,0,0,Element
4,0.27457741416334347,0.27457741416334347,0,0,0,0,0,BodyPart
4,0.41864214543805783,0.41864214543805783,0,0,0,0,0,Jsoup
3,0.2954266214624726,0.2954266214624726,0,0,0,0,0,PreparedStatement
3,0.30506117558400786,0.30506117558400786,0,0,0,0,0,Object
2,0.24212473269945822,0.24212473269945822,0,0,0,0,0,Alias
2,0.37137496666609293,0.37137496666609293,0,0,0,0,0,ArrayList
1,0.3317816614164315,0.3317816614164315,0,0,0,0,0,Arrays
1,0.38499010673667344,0.38499010673667344,0,0,0,0,0,Document
0,0.7099289987793994,0.7099289987793994,0,0,0,0,0,Table
5,0.26234256900223424,0.26234256900223424,0,0,0,0,0,BitmapLoaderRunnable
4,0.09451352678035661,0.09451352678035661,0,0,0,0,0,Object
10,0.30731199002441745,0.30731199002441745,1.0,0,0,0,0,ThreadPoolExecutor
3,0.14940667513162342,0.14940667513162342,0,0,0,0,0,JFrame
3,0.16371161368937384,0.16371161368937384,0,0,0,0,0,TimeUnit
2,0.38406565461503495,0.38406565461503495,0,0,0,0,0,PriorityQueue
2,0.09050755924974987,0.09050755924974987,0,0,0,0,0,ArrayList
1,0.41185868169040396,0.41185868169040396,0,0,0,0,0,ExecutorService
1,0.3475792324955941,0.3475792324955941,0,0,0,0,0,BlockingQueue
0,0.13189223617994286,0.13189223617994286,0,0,0,0,0,JPanel
5,0.39033895851673817,0.39033895851673817,0,0,0,0,0,Object
4,0.44192735585481624,0.44192735585481624,0,0,0,0,0,Arrays
4,0.4416229664912116,0.4416229664912116,0,0,0,0,0,Matcher
3,0.30969423342693536,0.30969423342693536,0,0,0,0,0,HashSet
3,0.24320766901491403,0.24320766901491403,0,0,0,0,0,Pattern
2,0.4503062392745154,0.4503062392745154,0,0,0,0,0,ArrayList
2,0.5993730846307974,0.5993730846307974,0,0,0,0,0,Class
1,0.2806239987309088,0.2806239987309088,0,0,0,0,0,Map
1,0.17090066068579587,0.17090066068579587,0,0,0,0,0,Test
0,0.33133073978031513,0.33133073978031513,0,0,0,0,0,ByteArrayInputStream
5,0.5954070792719373,0.5954070792719373,0,0,0,0,0,Map
4,0.4051547228547765,0.4051547228547765,0,0,0,0,0,ArrayList
4,0.46725051722430117,0.46725051722430117,0,0,0,0,0,HashMap
3,0.6393207429163075,0.6393207429163075,0,0,0,0,0,Pair
3,0.1808162130070683,0.1808162130070683,0,0,0,0,0,IOException
2,0.3054429333835941,0.3054429333835941,0,0,0,0,0,Object
2,0.2670361527581902,0.2670361527581902,0,0,0,0,0,BufferedReader
1,0.24636040730885822,0.24636040730885822,0,0,0,0,0,File
1,0.165952325384769,0.165952325384769,0,0,0,0,0,Set
0,0.20250498445653903,0.20250498445653903,0,0,0,0,0,Class
5,0.2718547288258074,0.2718547288258074,0,0,0,0,0,BufferedReader
4,0.6577828851310082,0.6577828851310082,0,0,0,0,0,Console
4,0.22587307000071266,0.22587307000071266,0,0,0,0,0,Main
3,0.32797990564130347,0.32797990564130347,0,0,0,0,0,InputStreamReader
3,0.08216890244155901,0.08216890244155901,0,0,0,0,0,IOException
2,0.3115901396245727,0.3115901396245727,0,0,0,0,0,Scanner
2,0.3060322891941112,0.3060322891941112,0,0,0,0,0,File
1,0.29556280493253745,0.29556280493253745,0,0,0,0,0,PrintStream
1,0.2611235317497844,0.2611235317497844,0,0,0,0,0,Enter
0,0.2874972050595636,0.2874972050595636,0,0,0,0,0,InputStream
10,0.6945208769848628,0.6945208769848628,1.0000000000000002,0,0,0,0,Class
4,0.5429033231231921,0.5429033231231921,0,0,0,0,0,Object
4,0.41790355693838466,0.41790355693838466,0,0,0,0,0,ArrayList
3,0.31448258732365486,0.31448258732365486,0,0,0,0,0,Map
3,0.40295012490375426,0.40295012490375426,0,0,0,0,0,Collections
2,0.40295012490375426,0.40295012490375426,0,0,0,0,0,Collection
2,0.2900310250714599,0.2900310250714599,0,0,0,0,0,HashMap
1,0.21417528135286457,0.21417528135286457,0,0,0,0,0,Foo
1,0.20971043768702924,0.20971043768702924,0,0,0,0,0,Test
0,0.08841881738440911,0.08841881738440911,0,0,0,0,0,Bar
10,0.21838563795371913,0.21838563795371913,1.0,0,0,0,0,Pattern
4,0.35714686893517267,0.35714686893517267,0,0,0,0,0,Matcher
4,0.49159850634982816,0.49159850634982816,0,0,0,0,0,ArrayList
3,0.2932984919980527,0.2932984919980527,0,0,0,0,0,HashMap
3,0.4951173443954877,0.4951173443954877,0,0,0,0,0,Arrays
2,0.31635417097817875,0.31635417097817875,0,0,0,0,0,Map
2,0.39472257348678946,0.39472257348678946,0,0,0,0,0,Object
1,0.12937881406225687,0.12937881406225687,0,0,0,0,0,Test
1,0.05934791661414486,0.05934791661414486,0,0,0,0,0,IOException
0,0.19834478073172118,0.19834478073172118,0,0,0,0,0,BorderLayout
5,0.32481960292614087,0.32481960292614087,0,0,0,0,0,JPanel
4,0.4565010411370011,0.4565010411370011,0,0,0,0,0,Color
4,0.2062485749439327,0.2062485749439327,0,0,0,0,0,JTextField
3,0.4693145888690325,0.4693145888690325,0,0,0,0,0,BorderFactory
3,0.25096928845494065,0.25096928845494065,0,0,0,0,0,JFrame
2,0.3635900381475885,0.3635900381475885,0,0,0,0,0,JLabel
2,0.2420622501434442,0.2420622501434442,0,0,0,0,0,Object
10,0.2523877364500422,0.2523877364500422,1.0,0,0,0,0,JComponent
1,0.2126384070298405,0.2126384070298405,0,0,0,0,0,ActionEvent
0,0.6053429839288729,0.6053429839288729,0,0,0,0,0,Set
5,0.3987249270192491,0.3987249270192491,0,0,0,0,0,BufferedImage
4,0.2727753941733553,0.2727753941733553,0,0,0,0,0,Graphics
4,0.2792422735292683,0.2792422735292683,0,0,0,0,0,JFrame
3,0.26236776715182897,0.26236776715182897,0,0,0,0,0,File
3,0.28685258460343643,0.28685258460343643,0,0,0,0,0,JPanel
2,0.3777077941790716,0.3777077941790716,0,0,0,0,0,ImageIO
2,0.3629720662534336,0.3629720662534336,0,0,0,0,0,Color
1,0.2758628661433148,0.2758628661433148,0,0,0,0,0,IOException
1,0.2540622006967142,0.2540622006967142,0,0,0,0,0,Object
0,0.5879750154920743,0.5879750154920743,0,0,0,0,0,Image
10,0.3163806633907459,0.3163806633907459,0.9999999999999998,0,0,0,0,SimpleDateFormat
4,0.7647646620499616,0.7647646620499616,0,0,0,0,0,DateFormat
4,0.5666938586660556,0.5666938586660556,0,0,0,0,0,DateTimeFormatter
3,0.44062228288163363,0.44062228288163363,0,0,0,0,0,ParseException
3,0.48431886957432124,0.48431886957432124,0,0,0,0,0,Calendar
2,0.18394554257296117,0.18394554257296117,0,0,0,0,0,Locale
2,0.688038369090797,0.688038369090797,0,0,0,0,0,DateTimeFormat
1,0.5527663425927373,0.5527663425927373,0,0,0,0,0,DateTime
1,0.2088501180812176,0.2088501180812176,0,0,0,0,0,Document
0,0.3127270044372356,0.3127270044372356,0,0,0,0,0,ArrayList
5,0.3827687172842146,0.3827687172842146,0,0,0,0,0,BigDecimal
4,0.4174246965356496,0.4174246965356496,0,0,0,0,0,ArrayList
4,0.3606472473871992,0.3606472473871992,0,0,0,0,0,JPanel
3,0.5532429932989578,0.5532429932989578,0,0,0,0,0,BorderLayout
3,0.43870732359523856,0.43870732359523856,0,0,0,0,0,Color
2,0.26298782411630023,0.26298782411630023,0,0,0,0,0,JFrame
2,0.19386467383752598,0.19386467383752598,0,0,0,0,0,MathContext
1,0.38757370796979873,0.38757370796979873,0,0,0,0,0,RoundingMode
1,0.09901731146386657,0.09901731146386657,0,0,0,0,0,Test
0,0.2966134794207685,0.2966134794207685,0,0,0,0,0,JSplitPane
9,0.22453817351361602,0.22453817351361602,0,1.0,0,0,0,SimpleDateFormat
4,0.5960842408985957,0.5960842408985957,0,0,0,0,0,DateFormat
4,0.2784499449133657,0.2784499449133657,0,0,0,0,0,Object
3,0.4368429268944327,0.4368429268944327,0,0,0,0,0,Calendar
3,0.5152927011607566,0.5152927011607566,0,0,0,0,0,DateTime
2,0.2667111183901101,0.2667111183901101,0,0,0,0,0,ArrayList
2,0.1354719388336736,0.1354719388336736,0,0,0,0,0,Class
1,0.18241353233031365,0.18241353233031365,0,0,0,0,0,AIzaSyBcTxeirTSzthVlMal
1,0.13665818221210882,0.13665818221210882,0,0,0,0,0,File
0,0.11827356061423434,0.11827356061423434,0,0,0,0,0,IOException
5,0.2128340757540183,0.2128340757540183,0,0,0,0,0,ActionEvent
4,0.23770345011105581,0.23770345011105581,0,0,0,0,0,ActionListener
4,0.21307294251804026,0.21307294251804026,0,0,0,0,0,Username
3,0.425969024868559,0.425969024868559,0,0,0,0,0,BorderLayout
3,0.3726401067096142,0.3726401067096142,0,0,0,0,0,JPanel
2,0.597798369657391,0.597798369657391,0,0,0,0,0,CardLayout
2,0.40790411540241867,0.40790411540241867,0,0,0,0,0,ArrayList
1,0.6601220497504281,0.6601220497504281,0,0,0,0,0,Card
1,0.3190643279482083,0.3190643279482083,0,0,0,0,0,JFrame
0,0.40374525026148966,0.40374525026148966,0,0,0,0,0,Object
5,0.2154662312603064,0.2154662312603064,0,0,0,0,0,Pattern
4,0.4479176913107489,0.4479176913107489,0,0,0,0,0,Arrays
4,0.2719995895348315,0.2719995895348315,0,0,0,0,0,Map
8,0.2793364272868068,0.2793364272868068,0,0,1.0,0,0,Charset
3,0.3878623928501191,0.3878623928501191,0,0,0,0,0,Object
2,0.6069364270457778,0.6069364270457778,0,0,0,0,0,Set
2,0.4652296068570338,0.4652296068570338,0,0,0,0,0,ArrayList
1,0.2658047451605241,0.2658047451605241,0,0,0,0,0,HashMap
1,0.2752312261232266,0.2752312261232266,0,0,0,0,0,Matcher
0,0.13290941541194598,0.13290941541194598,0,0,0,0,0,BufferedReader
9,0.19674854940222194,0.19674854940222194,0,1.0000000000000002,0,0,0.652554481094678,Pattern
4,0.3326573100783078,0.3326573100783078,0,0,0,0,0,Matcher
4,0.4860691309195466,0.4860691309195466,0,0,0,0,0,Arrays
3,0.4808679725969143,0.4808679725969143,0,0,0,0,0,ArrayList
3,0.48136191826823604,0.48136191826823604,0,0,0,0,0,StringTokenizer
2,0.1023680114078938,0.1023680114078938,0,0,0,0,0,Test
2,0.5996591090432178,0.5996591090432178,0,0,0,0,0,Scanner
1,0.4121645505130796,0.4121645505130796,0,0,0,0,0,Object
1,0.2696934025986487,0.2696934025986487,0,0,0,0,0,Map
0,0.7300160608946655,0.7300160608946655,0,0,0,0,0,Split
5,0.5872819375867471,0.5872819375867471,0,0,0,0,0,ArrayList
4,0.4496529222040485,0.4496529222040485,0,0,0,0,0,Object
10,0.668512085061965,0.668512085061965,1.0000000000000004,0,0,0,0,Arrays
3,0.2884036423200834,0.2884036423200834,0,0,0,0,0,Scanner
3,0.19930136724367414,0.19930136724367414,0,0,0,0,0,BufferedReader
2,0.2978509296682119,0.2978509296682119,0,0,0,0,0,HashMap
2,0.28888515440730983,0.28888515440730983,0,0,0,0,0,Map
1,0.21861613659952728,0.21861613659952728,0,0,0,0,0,File
1,0.16854749600718955,0.16854749600718955,0,0,0,0,0,IOException
0,0.3960175649750485,0.3960175649750485,0,0,0,0,0,InputStream
5,0.6151932586252215,0.6151932586252215,0,0,0,0,0,File
4,0.6185065875567066,0.6185065875567066,0,0,0,0,0,Program
4,0.2101428431367522,0.2101428431367522,0,0,0,0,0,IOException
3,0.21598764073567828,0.21598764073567828,0,0,0,0,0,Java
3,0.6151932586252215,0.6151932586252215,0,0,0,0,0,Files
2,0.2347767126246531,0.2347767126246531,0,0,0,0,0,BufferedReader
2,0.24530989288792032,0.24530989288792032,0,0,0,0,0,InputStream
1,0.35486289250313696,0.35486289250313696,0,0,0,0,0,Main
1,0.15678281429335028,0.15678281429335028,0,0,0,0,0,ArrayList
0,0.26131257990121876,0.26131257990121876,0,0,0,0,0,InputStreamReader
5,0.3281637813629499,0.3281637813629499,0,0,0,0,0,AffineTransform
4,0.4310103412515053,0.4310103412515053,0,0,0,0,0,Graphics
4,0.30611289555750987,0.30611289555750987,0,0,0,0,0,BasicStroke
3,0.32773948491475524,0.32773948491475524,0,0,0,0,0,JPanel
3,0.6670631910615462,0.6670631910615462,0,0,0,0,0,Point
2,0.3072622805417004,0.3072622805417004,0,0,0,0,0,BufferedImage
2,0.3420182123109755,0.3420182123109755,0,0,0,0,0,Color
1,0.6991023548910795,0.6991023548910795,0,0,0,0,0,Polygon
1,0.28626181769264014,0.28626181769264014,0,0,0,0,0,JFrame
0,0.3150909889164632,0.3150909889164632,0,0,0,0,0,ArrayList
5,0.48014654262012035,0.48014654262012035,0,0,0,0,0,ImageIcon
10,0.4048100103948735,0.4048100103948735,1.0000000000000002,0,0,0,0,JLabel
4,0.28786888710953074,0.28786888710953074,0,0,0,0,0,File
3,0.3395936333733236,0.3395936333733236,0,0,0,0,0,JFrame
3,0.3836446104224386,0.3836446104224386,0,0,0,0,0,BufferedImage
2,0.42213711710103224,0.42213711710103224,0,0,0,0,0,ImageIO
2,0.3949862781921146,0.3949862781921146,0,0,0,0,0,JPanel
1,0.5985447317732049,0.5985447317732049,0,0,0,0,0,Image
1,0.38419339514739004,0.38419339514739004,0,0,0,0,0,Graphics
0,0.41678799005252487,0.41678799005252487,0,0,0,0,0,BorderLayout
5,0.20259713892642,0.20259713892642,0,0,0,0,0,DefaultListModel
4,0.30225434970053466,0.30225434970053466,0,0,0,0,0,JList
4,0.33609948202691375,0.33609948202691375,0,0,0,0,0,Object
3,0.23264344983839363,0.23264344983839363,0,0,0,0,0,File
3,0.4421985837854778,0.4421985837854778,0,0,0,0,0,ArrayList
2,0.21931881467616002,0.21931881467616002,0,0,0,0,0,HashMap
2,0.24643341809233288,0.24643341809233288,0,0,0,0,0,Map
1,0.13173567769371264,0.13173567769371264,0,0,0,0,0,IOException
1,0.24272586929838344,0.24272586929838344,0,0,0,0,0,ActionEvent
0,0.252999251852474,0.252999251852474,0,0,0,0,0,JFrame
5,0.5408645353539804,0.5408645353539804,0,0,0,0,0,ByteBuffer
4,0.48936895045380735,0.48936895045380735,0,0,0,0,0,Charset
4,0.3416529767349771,0.3416529767349771,0,0,0,0,0,InputStream
3,0.2625480946072263,0.2625480946072263,0,0,0,0,0,InputStreamReader
3,0.11563988625875576,0.11563988625875576,0,0,0,0,0,IOException
2,0.5737101523127522,0.5737101523127522,0,0,0,0,0,ByteArrayInputStream
2,0.2591703367977424,0.2591703367977424,0,0,0,0,0,ArrayList
1,0.3056065924314689,0.3056065924314689,0,0,0,0,0,File
1,0.2711792003284644,0.2711792003284644,0,0,0,0,0,Arrays
0,0.5737101523127522,0.5737101523127522,0,0,0,0,0,ByteArrayOutputStream
5,0.3620845282833497,0.3620845282833497,0,0,0,0,0,Comparator
4,0.31129126362406057,0.31129126362406057,0,0,0,0,0,Collections
4,0.34436059169262007,0.34436059169262007,0,0,0,0,0,ArrayList
3,0.3108979755519585,0.3108979755519585,0,0,0,0,0,Arrays
3,0.2584008571927727,0.2584008571927727,0,0,0,0,0,Map
2,0.28037050719620216,0.28037050719620216,0,0,0,0,0,Object
2,0.27305031084382236,0.27305031084382236,0,0,0,0,0,TreeMap
1,0.2780891500899323,0.2780891500899323,0,0,0,0,0,HashMap
1,0.23827568391993897,0.23827568391993897,0,0,0,0,0,TreeSet
0,0.14960310241294922,0.14960310241294922,0,0,0,0,0,Set
10,0.6313730913897031,0.6313730913897031,1.0,0,0,0,0,Random
4,0.17020407466354046,0.17020407466354046,0,0,0,0,0,File
4,0.24052397289571575,0.24052397289571575,0,0,0,0,0,Class
3,0.38909052174787984,0.38909052174787984,0,0,0,0,0,Object
3,0.38223543409966193,0.38223543409966193,0,0,0,0,0,ArrayList
2,0.12459910174463834,0.12459910174463834,0,0,0,0,0,IOException
2,0.13114865471273776,0.13114865471273776,0,0,0,0,0,Ctrl
1,0.19890496031714164,0.19890496031714164,0,0,0,0,0,DatagramSocket
1,0.2529928124831284,0.2529928124831284,0,0,0,0,0,Map
0,0.4250748702307531,0.4250748702307531,0,0,0,0,0,SecureRandom
10,0.6580015772775982,0.6580015772775982,0.9999999999999998,0,0,0,0,ArrayList
4,0.4449376364543561,0.4449376364543561,0,0,0,0,0,Object
4,0.3678670269715078,0.3678670269715078,0,0,0,0,0,TreeSet
3,0.40404891695278966,0.40404891695278966,0,0,0,0,0,Comparator
3,0.47372507997155755,0.47372507997155755,0,0,0,0,0,Map
2,0.5292258103892619,0.5292258103892619,0,0,0,0,0,Arrays
2,0.3454859198521385,0.3454859198521385,0,0,0,0,0,HashSet
1,0.19688495238942919,0.19688495238942919,0,0,0,0,0,File
1,0.43033119869163927,0.43033119869163927,0,0,0,0,0,HashMap
0,0.21511788429132553,0.21511788429132553,0,0,0,0,0,Set
5,0.5172170805923171,0.5172170805923171,0,0,0,0,0,ArrayList
4,0.5074397329168338,0.5074397329168338,0,0,0,0,0,Arrays
4,0.44054891401161644,0.44054891401161644,0,0,0,0,0,Object
3,0.1451838064726559,0.1451838064726559,0,0,0,0,0,Pattern
3,0.32989404936806366,0.32989404936806366,0,0,0,0,0,Map
2,0.2599474501562034,0.2599474501562034,0,0,0,0,0,Set
2,0.35491597876657144,0.35491597876657144,0,0,0,0,0,File
1,0.058729531537075996,0.058729531537075996,0,0,0,0,0,IOException
1,0.26220692030272313,0.26220692030272313,0,0,0,0,0,Matcher
0,0.30853249022830215,0.30853249022830215,0,0,0,0,0,Class
5,0.6049300753503319,0.6049300753503319,0,0,0,0,0,File
4,0.3039429854079071,0.3039429854079071,0,0,0,0,0,BufferedReader
4,0.32961180419978187,0.32961180419978187,0,0,0,0,0,InputStream
3,0.1287852719955494,0.1287852719955494,0,0,0,0,0,IOException
3,0.4292296987561533,0.4292296987561533,0,0,0,0,0,FileInputStream
10,0.26362982027464443,0.26362982027464443,1.0,0,0,0,0,Class
2,0.29072330806772617,0.29072330806772617,0,0,0,0,0,ArrayList
1,0.28207335491670404,0.28207335491670404,0,0,0,0,0,Scanner
1,0.2986337770288327,0.2986337770288327,0,0,0,0,0,Path
0,0.20048284567562524,0.20048284567562524,0,0,0,0,0,Object
5,0.40810097493027897,0.40810097493027897,0,0,0,0,0,Calendar
4,0.15288818146643895,0.15288818146643895,0,0,0,0,0,SimpleDateFormat
10,0.3812672415521706,0.3812672415521706,1.0,0,0,0,0,LocalDate
3,0.4424476103163245,0.4424476103163245,0,0,0,0,0,Duration
3,0.4741047700953426,0.4741047700953426,0,0,0,0,0,Instant
2,0.267954688615584,0.267954688615584,0,0,0,0,0,ArrayList
2,0.3139330578425221,0.3139330578425221,0,0,0,0,0,Timer
1,0.2797378851014731,0.2797378851014731,0,0,0,0,0,BigInteger
1,0.22622370317833002,0.22622370317833002,0,0,0,0,0,Object
0,0.49964490707969156,0.49964490707969156,0,0,0,0,0,DateTime
5,0.6061877981599092,0.6061877981599092,0,0,0,0,0,File
4,0.5725203931862837,0.5725203931862837,0,0,0,0,0,ArrayList
4,0.1257329711748805,0.1257329711748805,0,0,0,0,0,IOException
10,0.26263203955336484,0.26263203955336484,1.0000000000000002,0,0,0,0,BufferedReader
3,0.6481748704470427,0.6481748704470427,0,0,0,0,0,Arrays
2,0.4196833289758941,0.4196833289758941,0,0,0,0,0,FileInputStream
2,0.2578494546702008,0.2578494546702008,0,0,0,0,0,Scanner
1,0.42243610858142444,0.42243610858142444,0,0,0,0,0,Object
1,0.3460022289915883,0.3460022289915883,0,0,0,0,0,InputStream
0,0.37798994266160035,0.37798994266160035,0,0,0,0,0,FileReader
5,0.5812924404973544,0.5812924404973544,0,0,0,0,0,ArrayList
10,0.6223748695055465,0.6223748695055465,1.0000000000000002,0,0,0,0,Object
4,0.4079691459209958,0.4079691459209958,0,0,0,0,0,Iterator
3,0.46026514547230735,0.46026514547230735,0,0,0,0,0,Collections
3,0.2033686304366455,0.2033686304366455,0,0,0,0,0,Set
2,0.5859178277995838,0.5859178277995838,0,0,0,0,0,Arrays
2,0.3129428397147956,0.3129428397147956,0,0,0,0,0,Map
1,0.2725661903147807,0.2725661903147807,0,0,0,0,0,HashMap
1,0.38311236076554206,0.38311236076554206,0,0,0,0,0,Class
0,0.12793564897796073,0.12793564897796073,0,0,0,0,0,ConcurrentModificationException
5,0.4931563889239038,0.4931563889239038,0,0,0,0,0,HashMap
4,0.51794513122141,0.51794513122141,0,0,0,0,0,Map
4,0.5024864071861856,0.5024864071861856,0,0,0,0,0,Object
3,0.5533768021784731,0.5533768021784731,0,0,0,0,0,ArrayList
3,0.23804250168319785,0.23804250168319785,0,0,0,0,0,Set
2,0.6786430185136557,0.6786430185136557,0,0,0,0,0,Key
2,0.510411149626117,0.510411149626117,0,0,0,0,0,Collections
1,0.4669184006590195,0.4669184006590195,0,0,0,0,0,KeyEvent
1,0.4047645280699631,0.4047645280699631,0,0,0,0,0,HashSet
0,0.4679504928584891,0.4679504928584891,0,0,0,0,0,Iterator
5,0.2934778986742407,0.2934778986742407,0,0,0,0,0,Object
4,0.13590643783160722,0.13590643783160722,0,0,0,0,0,Document
4,0.2511453184076966,0.2511453184076966,0,0,0,0,0,Arrays
3,0.2694719271959577,0.2694719271959577,0,0,0,0,0,Collectors
3,0.40970093116273665,0.40970093116273665,0,0,0,0,0,Function
2,0.23834856814740907,0.23834856814740907,0,0,0,0,0,Consumer
2,0.259321332744062,0.259321332744062,0,0,0,0,0,ArrayList
1,0.26952290694487807,0.26952290694487807,0,0,0,0,0,MapCallback
1,0.24974657989854354,0.24974657989854354,0,0,0,0,0,Pattern
0,0.3555685636739666,0.3555685636739666,0,0,0,0,0,ExecutorService
5,0.3674598116743588,0.3674598116743588,0,0,0,0,0,Collectors
10,0.5863706732961753,0.5863706732961753,1.0,0,0,0,0,IntStream
4,0.6819193001285192,0.6819193001285192,0,0,0,0,0,Stream
3,0.33211739086933184,0.33211739086933184,0,0,0,0,0,Map
3,0.4536574294182708,0.4536574294182708,0,0,0,0,0,ArrayList
2,0.6194034601223094,0.6194034601223094,0,0,0,0,0,Object
2,0.537393397233935,0.537393397233935,0,0,0,0,0,ByteArrayInputStream
1,0.4629567709445156,0.4629567709445156,0,0,0,0,0,Arrays
1,0.3284391930890103,0.3284391930890103,0,0,0,0,0,Comparator
0,0.1591393762372506,0.1591393762372506,0,0,0,0,0,IOException
5,0.5504009262410927,0.5504009262410927,0,0,0,0,0,MouseEvent
4,0.3168902902219683,0.3168902902219683,0,0,0,0,0,JFrame
4,0.3814645768571561,0.3814645768571561,0,0,0,0,0,JPanel
3,0.3749136355844498,0.3749136355844498,0,0,0,0,0,EventObject
3,0.20381300264208485,0.20381300264208485,0,0,0,0,0,SwingUtilities
2,0.36523809325529344,0.36523809325529344,0,0,0,0,0,Point
2,0.522183636419289,0.522183636419289,0,0,0,0,0,MouseAdapter
1,0.3411169380318689,0.3411169380318689,0,0,0,0,0,JButton
1,0.6113281148205809,0.6113281148205809,0,0,0,0,0,Component
0,0.2924051074002472,0.2924051074002472,0,0,0,0,0,Graphics
5,0.5596460042165562,0.5596460042165562,0,0,0,0,0,XmlRootElement
4,0.15705579828924288,0.15705579828924288,0,0,0,0,0,JAXBContext
4,0.23317167108882542,0.23317167108882542,0,0,0,0,0,Object
3,0.0965821785866608,0.0965821785866608,0,0,0,0,0,XMLStreamReader
3,0.3240106541338981,0.3240106541338981,0,0,0,0,0,Document
2,0.5576325493961701,0.5576325493961701,0,0,0,0,0,XmlElement
2,0.36811849648851114,0.36811849648851114,0,0,0,0,0,Element
1,0.5025795517772234,0.5025795517772234,0,0,0,0,0,Marshaller
1,0.1883698849472445,0.1883698849472445,0,0,0,0,0,Pattern
0,0.25515760858383457,0.25515760858383457,0,0,0,0,0,File
10,0.672503039090407,0.672503039090407,1.0000000000000002,0,0,0,0,File
4,0.613533620591949,0.613533620591949,0,0,0,0,0,ZipEntry
4,0.4768854397500387,0.4768854397500387,0,0,0,0,0,FileOutputStream
3,0.09370611671047849,0.09370611671047849,0,0,0,0,0,IOException
3,0.7762057743768375,0.7762057743768375,0,0,0,0,0,ZipFile
2,0.6240448041546405,0.6240448041546405,0,0,0,0,0,ZipOutputStream
2,0.25147575037893827,0.25147575037893827,0,0,0,0,0,InputStream
1,0.4768854397500387,0.4768854397500387,0,0,0,0,0,FileInputStream
1,0.672503039090407,0.672503039090407,0,0,0,0,0,Files
0,0.23354390044175993,0.23354390044175993,0,0,0,0,0,ArrayList
5,0.672433269759722,0.672433269759722,0,0,0,0,0,ArrayList
4,0.7122129119517466,0.7122129119517466,0,0,0,0,0,Object
4,0.48421429183065945,0.48421429183065945,0,0,0,0,0,Collections
3,0.3705767597629961,0.3705767597629961,0,0,0,0,0,Map
3,0.3517246085185382,0.3517246085185382,0,0,0,0,0,Comparator
2,0.3275317721552359,0.3275317721552359,0,0,0,0,0,HashMap
2,0.4640949950835107,0.4640949950835107,0,0,0,0,0,Iterator
1,0.6832361783385794,0.6832361783385794,0,0,0,0,0,Arrays
1,0.43143808220066754,0.43143808220066754,0,0,0,0,0,Class
0,0.32258531408354985,0.32258531408354985,0,0,0,0,0,Set
5,0.3222797583342648,0.3222797583342648,0,0,0,0,0,JFrame
4,0.3531765962918766,0.3531765962918766,0,0,0,0,0,JPopupMenu
4,0.44195315479849356,0.44195315479849356,0,0,0,0,0,MouseEvent
3,0.4556302953325497,0.4556302953325497,0,0,0,0,0,AWTEvent
10,0.4114491498817124,0.4114491498817124,1.0,0,0,0,0,AWTEventListener
2,0.3406955806391435,0.3406955806391435,0,0,0,0,0,ActionEvent
2,0.48644974691463455,0.48644974691463455,0,0,0,0,0,BorderLayout
1,0.38902860837440156,0.38902860837440156,0,0,0,0,0,JPanel
1,0.36754517664094877,0.36754517664094877,0,0,0,0,0,Clicked
0,0.2550192421560545,0.2550192421560545,0,0,0,0,0,SwingUtilities
10,0.4406372535737455,0.4406372535737455,1.0000000000000002,0,0,0,0,BufferedReader
4,0.4656586234337661,0.4656586234337661,0,0,0,0,0,InputStreamReader
4,0.1327957060783614,0.1327957060783614,0,0,0,0,0,IOException
3,0.3964041508194429,0.3964041508194429,0,0,0,0,0,BufferedInputStream
3,0.3446035986907545,0.3446035986907545,0,0,0,0,0,File
2,0.5868421242266386,0.5868421242266386,0,0,0,0,0,Scanner
2,0.4002557432574212,0.4002557432574212,0,0,0,0,0,InputStream
1,0.45308531858781087,0.45308531858781087,0,0,0,0,0,FileReader
1,0.3332467808042021,0.3332467808042021,0,0,0,0,0,ArrayList
0,0.030793966922045387,0.030793966922045387,0,0,0,0,0,Clock
5,0.38726218780271043,0.38726218780271043,0,0,0,0,0,BigInteger
4,0.40130462451639937,0.40130462451639937,0,0,0,0,0,Arrays
4,0.6447295437076466,0.6447295437076466,0,0,0,0,0,Charset
3,0.21955848696201413,0.21955848696201413,0,0,0,0,0,BufferedReader
3,0.3994369563466046,0.3994369563466046,0,0,0,0,0,ArrayList
2,0.22978189808680077,0.22978189808680077,0,0,0,0,0,Map
2,0.6657176496258593,0.6657176496258593,0,0,0,0,0,Hex
1,0.3272198062542816,0.3272198062542816,0,0,0,0,0,Object
1,0.21114122266096355,0.21114122266096355,0,0,0,0,0,Color
0,0.28089637427953784,0.28089637427953784,0,0,0,0,0,HashMap
5,0.14482178330493334,0.14482178330493334,0,0,0,0,0,IOException
4,0.6381433627531496,0.6381433627531496,0,0,0,0,0,File
4,0.3207936636991354,0.3207936636991354,0,0,0,0,0,ArrayList
10,0.43899072595657346,0.43899072595657346,1.0,0,0,0,0,FileWriter
3,0.4311904543165207,0.4311904543165207,0,0,0,0,0,FileInputStream
2,0.4311904543165207,0.4311904543165207,0,0,0,0,0,FileOutputStream
2,0.35569769724025946,0.35569769724025946,0,0,0,0,0,Object
1,0.2787815553600612,0.2787815553600612,0,0,0,0,0,InputStream
1,0.4197661465738184,0.4197661465738184,0,0,0,0,0,Class
0,0.2648901999224388,0.2648901999224388,0,0,0,0,0,BufferedReader
10,0.437126403726094,0.437126403726094,1.0000000000000002,0,0,0,0,InputStream
4,0.4752644532855053,0.4752644532855053,0,0,0,0,0,ByteArrayOutputStream
4,0.4366520078305616,0.4366520078305616,0,0,0,0,0,OutputStream
3,0.33652241558026147,0.33652241558026147,0,0,0,0,0,ArrayList
3,0.4922865312703876,0.4922865312703876,0,0,0,0,0,Dimension
2,0.163817153554018,0.163817153554018,0,0,0,0,0,IOException
2,0.3853183701590429,0.3853183701590429,0,0,0,0,0,Object
1,0.2775829470623134,0.2775829470623134,0,0,0,0,0,JFrame
1,0.4026985885382005,0.4026985885382005,0,0,0,0,0,InputStreamReader
0,0.37646974483179224,0.37646974483179224,0,0,0,0,0,File
5,0.39961645799880996,0.39961645799880996,0,0,0,0,0,JPanel
4,0.40553481464810015,0.40553481464810015,0,0,0,0,0,BasicStroke
4,0.14884735166724083,0.14884735166724083,0,0,0,0,0,Apply
3,0.7751877755468648,0.7751877755468648,0,0,0,0,0,BorderLayout
3,0.32179017084325917,0.32179017084325917,0,0,0,0,0,JFrame
2,0.31020332281604845,0.31020332281604845,0,0,0,0,0,ArrayAdapter
2,0.2923698014964824,0.2923698014964824,0,0,0,0,0,Bitmap
1,0.5068092543767563,0.5068092543767563,0,0,0,0,0,Color
1,0.29625626570037256,0.29625626570037256,0,0,0,0,0,Composite
0,0.34136422964485064,0.34136422964485064,0,0,0,0,0,Graphics
5,0.6684260289003225,0.6684260289003225,0,0,0,0,0,Component
4,0.3126305630991828,0.3126305630991828,0,0,0,0,0,Color
4,0.3589134079040339,0.3589134079040339,0,0,0,0,0,JFrame
3,0.4429252610243113,0.4429252610243113,0,0,0,0,0,JPanel
3,0.4429252610243113,0.4429252610243113,0,0,0,0,0,JPanels
2,0.26273096249885064,0.26273096249885064,0,0,0,0,0,ActionEvent
2,0.4912265895196912,0.4912265895196912,0,0,0,0,0,BorderLayout
1,0.37485515264638913,0.37485515264638913,0,0,0,0,0,JLabel
1,0.27510172107648573,0.27510172107648573,0,0,0,0,0,ActionListener
0,0.20914052813681244,0.20914052813681244,0,0,0,0,0,File
5,0.6178003615819354,0.6178003615819354,0,0,0,0,0,File
4,0.09468792583379841,0.09468792583379841,0,0,0,0,0,IOException
4,0.28763390235868913,0.28763390235868913,0,0,0,0,0,BufferedReader
3,0.35492636791270027,0.35492636791270027,0,0,0,0,0,ArrayList
3,0.2076897515990933,0.2076897515990933,0,0,0,0,0,Pattern
2,0.4197470476591397,0.4197470476591397,0,0,0,0,0,FileReader
10,0.3776950187240331,0.3776950187240331,1.0000000000000002,0,0,0,0,Scanner
1,0.2585123643299753,0.2585123643299753,0,0,0,0,0,Matcher
1,0.3475571327221695,0.3475571327221695,0,0,0,0,0,InputStream
0,0.3482779097174019,0.3482779097174019,0,0,0,0,0,Arrays
10,0.3526793005642896,0.3526793005642896,1.0,0,0,0,0,Object
4,0.2917020964414204,0.2917020964414204,0,0,0,0,0,ArrayList
4,0.4709739692239353,0.4709739692239353,0,0,0,0,0,Class
3,0.24404913637297132,0.24404913637297132,0,0,0,0,0,Foo
3,0.07877944776944576,0.07877944776944576,0,0,0,0,0,Base
2,0.2556523980625264,0.2556523980625264,0,0,0,0,0,Arrays
2,0.4632614313618567,0.4632614313618567,0,0,0,0,0,Copy
1,0.14291262298014845,0.14291262298014845,0,0,0,0,0,Map
1,0.1102610080370984,0.1102610080370984,0,0,0,0,0,Bloch
0,0.34990061844899945,0.34990061844899945,0,0,0,0,0,Serializable
5,0.6308035230759821,0.6308035230759821,0,0,0,0,0,Object
4,0.4305589096204708,0.4305589096204708,0,0,0,0,0,ArrayList
10,0.38112739230306836,0.38112739230306836,1.0,0,0,0,0,LocalDate
3,0.37395023522720244,0.37395023522720244,0,0,0,0,0,Class
3,0.38156785397491727,0.38156785397491727,0,0,0,0,0,Calendar
2,0.31082602955849314,0.31082602955849314,0,0,0,0,0,Map
2,0.14230831221266893,0.14230831221266893,0,0,0,0,0,SimpleDateFormat
1,0.26982743446792806,0.26982743446792806,0,0,0,0,0,HashMap
1,0.2669117991298659,0.2669117991298659,0,0,0,0,0,File
0,0.6028804629069452,0.6028804629069452,0,0,0,0,0,DateTime
5,0.6509620354734937,0.6509620354734937,0,0,0,0,0,Border
4,0.4496224972821191,0.4496224972821191,0,0,0,0,0,BorderFactory
4,0.6135320582480698,0.6135320582480698,0,0,0,0,0,Cursor
3,0.3670651485167947,0.3670651485167947,0,0,0,0,0,JScrollPane
3,0.30367602601057714,0.30367602601057714,0,0,0,0,0,JFrame
2,0.23836606411207617,0.23836606411207617,0,0,0,0,0,JTable
2,0.3698343660185599,0.3698343660185599,0,0,0,0,0,JPanel
1,0.17851784595485642,0.17851784595485642,0,0,0,0,0,AbstractAction
1,0.5628825147266852,0.5628825147266852,0,0,0,0,0,BorderLayout
0,0.3411884837026176,0.3411884837026176,0,0,0,0,0,Dimension
