5,0.371767625,0.371767625,0,0,0,0,0,ActionEvent
4,0.294660617,0.294660617,0,0,0,0,0,JTextField
4,0.252608264,0.252608264,0,0,0,0,0,JFrame
3,0.279702792,0.279702792,0,0,0,0,0,JPanel
3,0.395620849,0.395620849,0,0,0,0,0,Object
2,0.490041271,0.490041271,0,0,0,0,0,ActionListener
2,0.305096328,0.305096328,0,0,0,0,0,JButton
1,0.353139437,0.353139437,0,0,0,0,0,ArrayList
1,0.303863439,0.303863439,0,0,0,0,0,IOException
0,0.432596664,0.432596664,0,0,0,0,0,KeyEvent
5,0.363853238,0.363853238,0,0,0,0,0,BufferedImage
4,0.371612233,0.371612233,0,0,0,0,0,Graphics
4,0.332946943,0.332946943,0,0,0,0,0,ImageIO
3,0.342859243,0.342859243,0,0,0,0,0,Background
3,0.262560928,0.262560928,0,0,0,0,0,File
2,0.15257728,0.15257728,0,0,0,0,0,IOException
2,0.240462113,0.240462113,0,0,0,0,0,JFrame
1,0.771182243,0.771182243,0,0,0,0,0,SwingWorker
1,0.265198997,0.265198997,0,0,0,0,0,JPanel
0,0.251258683,0.251258683,0,0,0,0,0,ActionEvent
10,0.702165411,0.702165411,1,0,0,0,0,Calendar
4,0.172972984,0.172972984,0,0,0,0,0,SimpleDateFormat
9,0.586053781,0.586053781,0,1,0,0,0,GregorianCalendar
3,0.561931958,0.561931958,0,0,0,0,0,DateTime
8,0.174909407,0.174909407,0,0,1,0,0,Locale
2,0.34181206,0.34181206,0,0,0,0,0,Change
2,0.766303934,0.766303934,0,0,0,0,0,Sunday
1,0.507887897,0.507887897,0,0,0,0,0,DateFormat
1,0.240444396,0.240444396,0,0,0,0,0,China
0,0.460749412,0.460749412,0,0,0,0,0,LocalDate
5,0.179101281,0.179101281,0,0,0,0,0,Class
4,0.338765475,0.338765475,0,0,0,0,0,DriverManager
4,0.353595693,0.353595693,0,0,0,0,0,Driver
3,0.697924996,0.697924996,0,0,0,0,0,Connection
3,0.097463219,0.097463219,0,0,0,0,0,Object
2,0.666841876,0.666841876,0,0,0,0,0,Access
2,0.125348815,0.125348815,0,0,0,0,0,ArrayList
1,0.124296012,0.124296012,0,0,0,0,0,IOException
1,0.606289743,0.606289743,0,0,0,0,0,Microsoft
0,0.210385282,0.210385282,0,0,0,0,0,File
5,0.364181457,0.364181457,0,0,0,0,0,ArrayList
4,0.096729492,0.096729492,0,0,0,0,0,IOException
4,0.304122212,0.304122212,0,0,0,0,0,FileWriter
3,0.045095959,0.045095959,0,0,0,0,0,BadLocationException
3,0.3705202,0.3705202,0,0,0,0,0,PrintWriter
2,0.308941681,0.308941681,0,0,0,0,0,BigDecimal
2,0.226532779,0.226532779,0,0,0,0,0,Object
1,0.244297542,0.244297542,0,0,0,0,0,BufferedReader
1,0.252565096,0.252565096,0,0,0,0,0,FileOutputStream
0,0.261195172,0.261195172,0,0,0,0,0,File
10,0.425767553,0.425767553,1,0,0,0,0,Map
4,0.479167881,0.479167881,0,0,0,0,0,ArrayList
4,0.444676927,0.444676927,0,0,0,0,0,HashMap
3,0.466017116,0.466017116,0,0,0,0,0,Object
3,0.694488459,0.694488459,0,0,0,0,0,Iterator
2,0.44820381,0.44820381,0,0,0,0,0,Arrays
2,0.453641495,0.453641495,0,0,0,0,0,Collection
1,0.212070666,0.212070666,0,0,0,0,0,Set
1,0.348889696,0.348889696,0,0,0,0,0,TreeMap
0,0.195635712,0.195635712,0,0,0,0,0,File
5,0.576424003,0.576424003,0,0,0,0,0,File
4,0.142363013,0.142363013,0,0,0,0,0,IOException
4,0.308036935,0.308036935,0,0,0,0,0,ArrayList
3,0.590884477,0.590884477,0,0,0,0,0,Set
3,0.272178692,0.272178692,0,0,0,0,0,Object
2,0.38675532,0.38675532,0,0,0,0,0,FileOutputStream
2,0.266074527,0.266074527,0,0,0,0,0,Arrays
1,0.23574185,0.23574185,0,0,0,0,0,Comparator
1,0.239861456,0.239861456,0,0,0,0,0,Map
0,0.32596319,0.32596319,0,0,0,0,0,InputStream
10,0.418729358,0.418729358,1,0,0,0,0,BufferedReader
4,0.115938561,0.115938561,0,0,0,0,0,IOException
4,0.561613278,0.561613278,0,0,0,0,0,InputStreamReader
3,0.566575197,0.566575197,0,0,0,0,0,Scanner
3,0.375046792,0.375046792,0,0,0,0,0,BufferedInputStream
2,0.396686784,0.396686784,0,0,0,0,0,FileReader
2,0.530158155,0.530158155,0,0,0,0,0,InputStream
1,0.298898214,0.298898214,0,0,0,0,0,File
1,0.319334896,0.319334896,0,0,0,0,0,ArrayList
0,0.344264089,0.344264089,0,0,0,0,0,FileInputStream
5,0.592480578,0.592480578,0,0,0,0,0,File
4,0.414949427,0.414949427,0,0,0,0,0,IOException
4,0.290651528,0.290651528,0,0,0,0,0,ArrayList
3,0.261162642,0.261162642,0,0,0,0,0,InputStream
3,0.241753846,0.241753846,0,0,0,0,0,Object
2,0.592480578,0.592480578,0,0,0,0,0,Files
10,0.275108305,0.275108305,1,0,0,0,0,Scanner
1,0.204956288,0.204956288,0,0,0,0,0,Class
1,0.240291485,0.240291485,0,0,0,0,0,BufferedReader
0,0.617860787,0.617860787,0,0,0,0,0,Import
5,0.110408614,0.110408614,0,0,0,0,0,IOException
4,0.262811464,0.262811464,0,0,0,0,0,Socket
4,0.279318645,0.279318645,0,0,0,0,0,DataOutputStream
3,0.279318645,0.279318645,0,0,0,0,0,DataInputStream
3,0.275853895,0.275853895,0,0,0,0,0,OutputStream
2,0.334939116,0.334939116,0,0,0,0,0,InputStream
2,0.220235945,0.220235945,0,0,0,0,0,Charset
1,0.392609917,0.392609917,0,0,0,0,0,BigInteger
1,0.627551235,0.627551235,0,0,0,0,0,Arrays
0,0.558415557,0.558415557,0,0,0,0,0,ArrayList
5,0.449233555,0.449233555,0,0,0,0,0,Color
4,0.175047917,0.175047917,0,0,0,0,0,Application
4,0.523276182,0.523276182,0,0,0,0,0,Rectangle
3,0.716365154,0.716365154,0,0,0,0,0,Point
3,0.291912757,0.291912757,0,0,0,0,0,JFrame
2,0.197296353,0.197296353,0,0,0,0,0,ActionEvent
2,0.344819415,0.344819415,0,0,0,0,0,Graphics
1,0.479630279,0.479630279,0,0,0,0,0,Camera
1,0.325132448,0.325132448,0,0,0,0,0,ArrayList
0,0.783841917,0.783841917,0,0,0,0,0,Coordinates
5,0.175643961,0.175643961,0,0,0,0,0,Pattern
4,0.269125743,0.269125743,0,0,0,0,0,Matcher
4,0.247948105,0.247948105,0,0,0,0,0,File
3,0.464945193,0.464945193,0,0,0,0,0,Arrays
3,0.466477091,0.466477091,0,0,0,0,0,ArrayList
2,0.245957422,0.245957422,0,0,0,0,0,Add
2,0.378340016,0.378340016,0,0,0,0,0,Object
1,0.2695009,0.2695009,0,0,0,0,0,FileInputStream
1,0.279971252,0.279971252,0,0,0,0,0,InputStreamReader
0,0.270850695,0.270850695,0,0,0,0,0,Map
5,0.302338891,0.302338891,0,0,0,0,0,ArrayList
10,0.339809003,0.339809003,1,0,0,0,0,ResultSet
4,0.416541712,0.416541712,0,0,0,0,0,PreparedStatement
3,0.346403245,0.346403245,0,0,0,0,0,Statement
3,0.26174035,0.26174035,0,0,0,0,0,Object
2,0.186626321,0.186626321,0,0,0,0,0,Connection
2,0.134621203,0.134621203,0,0,0,0,0,SQLException
1,0.26123402,0.26123402,0,0,0,0,0,Map
1,0.159855745,0.159855745,0,0,0,0,0,Class
0,0.610991338,0.610991338,0,0,0,0,0,Query
5,0.593731257,0.593731257,0,0,0,0,0,Font
4,0.355762304,0.355762304,0,0,0,0,0,Object
4,0.320190781,0.320190781,0,0,0,0,0,JComboBox
3,0.332830353,0.332830353,0,0,0,0,0,Component
3,0.274607422,0.274607422,0,0,0,0,0,JFrame
2,0.200211196,0.200211196,0,0,0,0,0,DefaultComboBoxModel
2,0.350133562,0.350133562,0,0,0,0,0,ArrayList
1,0.358105964,0.358105964,0,0,0,0,0,JPanel
1,0.256610083,0.256610083,0,0,0,0,0,ActionListener
0,0.274648201,0.274648201,0,0,0,0,0,Graphics
5,0.438738057,0.438738057,0,0,0,0,0,ArrayList
4,0.43817773,0.43817773,0,0,0,0,0,Arrays
4,0.20248066,0.20248066,0,0,0,0,0,SimpleDateFormat
3,0.39891438,0.39891438,0,0,0,0,0,Object
3,0.421622908,0.421622908,0,0,0,0,0,DateFormat
2,0.172177024,0.172177024,0,0,0,0,0,Pattern
2,0.122468017,0.122468017,0,0,0,0,0,IOException
1,0.293602948,0.293602948,0,0,0,0,0,Map
1,0.244287908,0.244287908,0,0,0,0,0,Class
0,0.294653203,0.294653203,0,0,0,0,0,Charset
10,0.494368589,0.494368589,1,0,0,0,0,LinkedBlockingQueue
4,0.417662594,0.417662594,0,0,0,0,0,ConcurrentLinkedQueue
4,0.11727694,0.11727694,0,0,0,0,0,Command
3,0.715549619,0.715549619,0,0,0,0,0,Queue
3,0.584611938,0.584611938,0,0,0,0,0,BlockingQueue
2,0.605815908,0.605815908,0,0,0,0,0,PriorityQueue
2,0.225724059,0.225724059,0,0,0,0,0,Object
1,0.31217495,0.31217495,0,0,0,0,0,CommandWorker
1,0.309697659,0.309697659,0,0,0,0,0,ArrayList
0,0.263459035,0.263459035,0,0,0,0,0,LinkedList
5,0.330950892,0.330950892,0,0,0,0,0,JFrame
4,0.360154853,0.360154853,0,0,0,0,0,ActionEvent
4,0.374786154,0.374786154,0,0,0,0,0,JButton
3,0.394799425,0.394799425,0,0,0,0,0,JLabel
3,0.397831075,0.397831075,0,0,0,0,0,ActionListener
2,0.405389296,0.405389296,0,0,0,0,0,JPanel
2,0.482238286,0.482238286,0,0,0,0,0,BorderLayout
1,0.417663562,0.417663562,0,0,0,0,0,Color
1,0.417314486,0.417314486,0,0,0,0,0,ImageIcon
10,0.249290836,0.249290836,1,0,0,0,0,SwingUtilities
5,0.422180366,0.422180366,0,0,0,0,0,JPanel
4,0.451186744,0.451186744,0,0,0,0,0,Graphics
4,0.295317834,0.295317834,0,0,0,0,0,BufferedImage
10,0.51905854,0.51905854,1,0,0,0,0,BorderLayout
3,0.418781054,0.418781054,0,0,0,0,0,Dimension
2,0.455050341,0.455050341,0,0,0,0,0,Color
2,0.350635921,0.350635921,0,0,0,0,0,JFrame
1,0.347270596,0.347270596,0,0,0,0,0,JLabel
1,0.280423207,0.280423207,0,0,0,0,0,Box
0,0.220670929,0.220670929,0,0,0,0,0,GridBagConstraints
9,0.459490657,0.459490657,0,1,0,0,0,Comparator
4,0.437405643,0.437405643,0,0,0,0,0,Collections
4,0.484213091,0.484213091,0,0,0,0,0,ArrayList
3,0.354054132,0.354054132,0,0,0,0,0,Map
3,0.66675411,0.66675411,0,0,0,0,0,Object
2,0.35755177,0.35755177,0,0,0,0,0,HashMap
10,0.476104641,0.476104641,1,0,0,0,0,Arrays
1,0.366978716,0.366978716,0,0,0,0,0,Class
1,0.255918556,0.255918556,0,0,0,0,0,TreeSet
0,0.645275611,0.645275611,0,0,0,0,0,Base
10,0.602057537,0.602057537,1,0,0,0,0,Scanner
4,0.619833136,0.619833136,0,0,0,0,0,IOException
4,0.280361407,0.280361407,0,0,0,0,0,Object
3,0.258729879,0.258729879,0,0,0,0,0,FileNotFoundException
3,0.241099068,0.241099068,0,0,0,0,0,ArrayList
2,0.075116085,0.075116085,0,0,0,0,0,ApiClient
2,0.292960926,0.292960926,0,0,0,0,0,BigInteger
1,0.152668646,0.152668646,0,0,0,0,0,File
1,0.364982807,0.364982807,0,0,0,0,0,BaseException
0,0.348213371,0.348213371,0,0,0,0,0,Class
5,0.535851981,0.535851981,0,0,0,0,0,Object
4,0.66465909,0.66465909,0,0,0,0,0,ArrayList
10,0.732683768,0.732683768,1,0,0,0,0,Arrays
3,0.694862693,0.694862693,0,0,0,0,0,Node
3,0.392281376,0.392281376,0,0,0,0,0,Document
2,0.079674548,0.079674548,0,0,0,0,0,Test
2,0.343255806,0.343255806,0,0,0,0,0,Map
1,0.555039925,0.555039925,0,0,0,0,0,Element
1,0.356250445,0.356250445,0,0,0,0,0,Class
0,0.331990131,0.331990131,0,0,0,0,0,DocumentBuilder
5,0.513604438,0.513604438,0,0,0,0,0,Calendar
4,0.513673276,0.513673276,0,0,0,0,0,GregorianCalendar
4,0.189907597,0.189907597,0,0,0,0,0,SimpleDateFormat
3,0.600672424,0.600672424,0,0,0,0,0,DateTime
3,0.576352625,0.576352625,0,0,0,0,0,DateFormat
2,0.526087382,0.526087382,0,0,0,0,0,LocalDate
2,0.511590938,0.511590938,0,0,0,0,0,Saturday
1,0.381554089,0.381554089,0,0,0,0,0,ArrayList
1,0.225188175,0.225188175,0,0,0,0,0,ParseException
0,0.201963495,0.201963495,0,0,0,0,0,Locale
5,0.599111209,0.599111209,0,0,0,0,0,Object
10,0.596543965,0.596543965,1,0,0,0,0,Class
4,0.414115716,0.414115716,0,0,0,0,0,ArrayList
3,0.636022245,0.636022245,0,0,0,0,0,Comparator
3,0.418871013,0.418871013,0,0,0,0,0,Arrays
2,0.38600917,0.38600917,0,0,0,0,0,Method
2,0.305514359,0.305514359,0,0,0,0,0,Map
1,0.391566127,0.391566127,0,0,0,0,0,Collections
1,0.165078975,0.165078975,0,0,0,0,0,Test
0,0.283745766,0.283745766,0,0,0,0,0,Foo
5,0.354115753,0.354115753,0,0,0,0,0,Object
4,0.322971775,0.322971775,0,0,0,0,0,JList
4,0.264653801,0.264653801,0,0,0,0,0,ActionEvent
3,0.300149198,0.300149198,0,0,0,0,0,JButton
10,0.156813345,0.156813345,1,0,0,0,0,DefaultListModel
2,0.296631228,0.296631228,0,0,0,0,0,JFrame
2,0.243239661,0.243239661,0,0,0,0,0,Action
1,0.392942349,0.392942349,0,0,0,0,0,ArrayList
1,0.372026452,0.372026452,0,0,0,0,0,JPanel
0,0.34711973,0.34711973,0,0,0,0,0,Arrays
5,0.654669001,0.654669001,0,0,0,0,0,ArrayList
4,0.679471331,0.679471331,0,0,0,0,0,Object
4,0.717639994,0.717639994,0,0,0,0,0,Arrays
3,0.459995572,0.459995572,0,0,0,0,0,Collections
3,0.497766047,0.497766047,0,0,0,0,0,Comparator
2,0.696365964,0.696365964,0,0,0,0,0,Insertion
2,0.371818912,0.371818912,0,0,0,0,0,Map
1,0.370954562,0.370954562,0,0,0,0,0,HashMap
1,0.380385359,0.380385359,0,0,0,0,0,Class
0,0.250401439,0.250401439,0,0,0,0,0,Scanner
5,0.297099598,0.297099598,0,0,0,0,0,JFrame
4,0.401962783,0.401962783,0,0,0,0,0,ArrayList
4,0.369443141,0.369443141,0,0,0,0,0,JPanel
3,0.372654255,0.372654255,0,0,0,0,0,Arrays
3,0.241057214,0.241057214,0,0,0,0,0,SwingUtilities
2,0.31259239,0.31259239,0,0,0,0,0,Color
2,0.421084707,0.421084707,0,0,0,0,0,Object
1,0.238547634,0.238547634,0,0,0,0,0,BufferedImage
1,0.656084337,0.656084337,0,0,0,0,0,Element
0,0.441451693,0.441451693,0,0,0,0,0,BorderLayout
5,0.614552022,0.614552022,0,0,0,0,0,Pattern
4,0.354380166,0.354380166,0,0,0,0,0,Matcher
4,0.438366724,0.438366724,0,0,0,0,0,DecimalFormat
3,0.580208265,0.580208265,0,0,0,0,0,NumberFormat
3,0.343078038,0.343078038,0,0,0,0,0,ArrayList
2,0.155279485,0.155279485,0,0,0,0,0,Locale
2,0.200400124,0.200400124,0,0,0,0,0,SimpleDateFormat
1,0.293125059,0.293125059,0,0,0,0,0,Object
1,0.220214577,0.220214577,0,0,0,0,0,Map
0,0.098961588,0.098961588,0,0,0,0,0,Test
10,0.642814421,0.642814421,1,0,0,0,0,Calendar
4,0.475740139,0.475740139,0,0,0,0,0,ActionEvent
4,0.538172722,0.538172722,0,0,0,0,0,GregorianCalendar
3,0.422473769,0.422473769,0,0,0,0,0,DateTime
3,0.243201446,0.243201446,0,0,0,0,0,Object
2,0.047799844,0.047799844,0,0,0,0,0,Uri
2,0.119419626,0.119419626,0,0,0,0,0,Java
1,0.30834132,0.30834132,0,0,0,0,0,ArrayList
1,0.244372516,0.244372516,0,0,0,0,0,ArgumentList
0,0.124602663,0.124602663,0,0,0,0,0,SimpleDateFormat
5,0.302745238,0.302745238,0,0,0,0,0,SimpleDateFormat
4,0.704827866,0.704827866,0,0,0,0,0,DateFormat
4,0.464473639,0.464473639,0,0,0,0,0,Calendar
3,0.319476805,0.319476805,0,0,0,0,0,ParseException
3,0.605390399,0.605390399,0,0,0,0,0,DateTimeFormat
2,0.517172501,0.517172501,0,0,0,0,0,DateTimeFormatter
2,0.273501352,0.273501352,0,0,0,0,0,Object
1,0.275144405,0.275144405,0,0,0,0,0,ArrayList
1,0.174766872,0.174766872,0,0,0,0,0,Locale
9,0.475757798,0.475757798,0,1,0,0,0,LocalDate
5,0.18157663,0.18157663,0,0,0,0,0,Foo
4,0.479995978,0.479995978,0,0,0,0,0,Object
4,0.493505633,0.493505633,0,0,0,0,0,Arrays
3,0.324668821,0.324668821,0,0,0,0,0,Map
3,0.487329018,0.487329018,0,0,0,0,0,ArrayList
2,-0.004219131,-0.004219131,0,0,0,0,0,Bar
2,0.220614945,0.220614945,0,0,0,0,0,Pattern
1,0.306791129,0.306791129,0,0,0,0,0,HashMap
1,0.413335632,0.413335632,0,0,0,0,0,Collections
0,0.306017528,0.306017528,0,0,0,0,0,Matcher
5,0.189535201,0.189535201,0,0,0,0,0,AbstractSet
4,0.207288184,0.207288184,0,0,0,0,0,Collection
4,0.207288184,0.207288184,0,0,0,0,0,Collections
3,0.144452665,0.144452665,0,0,0,0,0,HashMap
3,0.158839132,0.158839132,0,0,0,0,0,Object
2,0.133109533,0.133109533,0,0,0,0,0,IOException
2,0.24680212,0.24680212,0,0,0,0,0,ZonedDateTime
1,0.12650102,0.12650102,0,0,0,0,0,Iterator
1,0.161449833,0.161449833,0,0,0,0,0,Java
0,0.404132006,0.404132006,0,0,0,0,0,Duration
5,0.472289398,0.472289398,0,0,0,0,0,InetAddress
4,0.118796398,0.118796398,0,0,0,0,0,IOException
4,0.249736554,0.249736554,0,0,0,0,0,File
3,0.173684027,0.173684027,0,0,0,0,0,Pattern
3,0.152333597,0.152333597,0,0,0,0,0,Matcher
2,0.21948223,0.21948223,0,0,0,0,0,HttpServletRequest
2,0.251525516,0.251525516,0,0,0,0,0,NetworkInterface
1,0.231449995,0.231449995,0,0,0,0,0,Object
1,0.177301706,0.177301706,0,0,0,0,0,URLConnection
0,0.247445492,0.247445492,0,0,0,0,0,ArrayList
5,0.270588786,0.270588786,0,0,0,0,0,ActionEvent
4,0.272508066,0.272508066,0,0,0,0,0,ActionListener
4,0.322087644,0.322087644,0,0,0,0,0,JFrame
10,0.457836463,0.457836463,1,0,0,0,0,JButton
3,0.335631854,0.335631854,0,0,0,0,0,ArrayList
2,0.387629442,0.387629442,0,0,0,0,0,Graphics
2,0.267071316,0.267071316,0,0,0,0,0,Object
1,0.383739377,0.383739377,0,0,0,0,0,Dimension
1,0.164603323,0.164603323,0,0,0,0,0,File
0,0.316061056,0.316061056,0,0,0,0,0,Click
5,0.572492437,0.572492437,0,0,0,0,0,ArrayList
4,0.35699309,0.35699309,0,0,0,0,0,MyObject
4,0.770790705,0.770790705,0,0,0,0,0,Collection
3,0.327079635,0.327079635,0,0,0,0,0,Add
3,0.465488148,0.465488148,0,0,0,0,0,Arrays
2,0.483737628,0.483737628,0,0,0,0,0,Object
10,0.770790705,0.770790705,1,0,0,0,0,Collections
1,0.606836148,0.606836148,0,0,0,0,0,ImmutableCollection
1,0.265934845,0.265934845,0,0,0,0,0,File
0,0.515420446,0.515420446,0,0,0,0,0,ImmutableList
5,0.362304629,0.362304629,0,0,0,0,0,ArrayList
4,0.185223483,0.185223483,0,0,0,0,0,BufferedReader
4,0.145820919,0.145820919,0,0,0,0,0,IOException
3,0.271470778,0.271470778,0,0,0,0,0,File
3,0.235166954,0.235166954,0,0,0,0,0,JFrame
2,0.276077993,0.276077993,0,0,0,0,0,JPanel
2,0.158061959,0.158061959,0,0,0,0,0,Pattern
1,0.322169129,0.322169129,0,0,0,0,0,Color
1,0.336038046,0.336038046,0,0,0,0,0,Scanner
0,0.277558127,0.277558127,0,0,0,0,0,Object
5,0.463158513,0.463158513,0,0,0,0,0,Object
4,0.449449209,0.449449209,0,0,0,0,0,HashMap
10,0.483482286,0.483482286,1,0,0,0,0,Map
3,0.328823058,0.328823058,0,0,0,0,0,Class
3,0.141786948,0.141786948,0,0,0,0,0,Consumes
2,0.475526129,0.475526129,0,0,0,0,0,Assignment
2,0.488926446,0.488926446,0,0,0,0,0,ArrayList
1,0.46163291,0.46163291,0,0,0,0,0,Arrays
1,0.140531614,0.140531614,0,0,0,0,0,Path
0,0.168745743,0.168745743,0,0,0,0,0,Test
5,0.711138911,0.711138911,0,0,0,0,0,Class
4,0.435723456,0.435723456,0,0,0,0,0,Object
4,0.363913892,0.363913892,0,0,0,0,0,ArrayList
10,0.67802379,0.67802379,1,0,0,0,0,Method
3,0.246036138,0.246036138,0,0,0,0,0,Test
2,0.20836551,0.20836551,0,0,0,0,0,Foo
2,0.767405479,0.767405479,0,0,0,0,0,ClassA
1,0.250268649,0.250268649,0,0,0,0,0,Map
1,0.187942159,0.187942159,0,0,0,0,0,Current
0,0.35410973,0.35410973,0,0,0,0,0,Main
5,0.212227467,0.212227467,0,0,0,0,0,ResultSet
10,0.355129253,0.355129253,1,0,0,0,0,Statement
4,0.244948602,0.244948602,0,0,0,0,0,Object
3,0.399600674,0.399600674,0,0,0,0,0,PreparedStatement
3,0.720681462,0.720681462,0,0,0,0,0,Query
2,0.388954051,0.388954051,0,0,0,0,0,Entity
2,0.274789115,0.274789115,0,0,0,0,0,ArrayList
1,0.160106905,0.160106905,0,0,0,0,0,User
9,0.201336929,0.201336929,0,1,0,0,0,Connection
0,0.118428548,0.118428548,0,0,0,0,0,SQLException
5,0.442509798,0.442509798,0,0,0,0,0,Calendar
4,0.343793559,0.343793559,0,0,0,0,0,Column
4,0.521959187,0.521959187,0,0,0,0,0,TimeZone
3,0.472236925,0.472236925,0,0,0,0,0,Europe
3,0.214276134,0.214276134,0,0,0,0,0,SimpleDateFormat
2,0.357938479,0.357938479,0,0,0,0,0,Query
2,0.541424887,0.541424887,0,0,0,0,0,DateFormat
1,0.209234903,0.209234903,0,0,0,0,0,AbstractPlatformTransactionManager
1,0.282885833,0.282885833,0,0,0,0,0,Bean
0,0.529604926,0.529604926,0,0,0,0,0,DateTime
5,0.557619265,0.557619265,0,0,0,0,0,ArrayList
4,0.636568083,0.636568083,0,0,0,0,0,Class
4,0.426459746,0.426459746,0,0,0,0,0,Object
3,0.373363833,0.373363833,0,0,0,0,0,Map
3,0.650751274,0.650751274,0,0,0,0,0,Method
2,0.286107904,0.286107904,0,0,0,0,0,Foo
2,0.50734837,0.50734837,0,0,0,0,0,Collections
1,0.180445149,0.180445149,0,0,0,0,0,Test
1,0.454551363,0.454551363,0,0,0,0,0,Arrays
0,0.434608105,0.434608105,0,0,0,0,0,Iterator
5,0.672627048,0.672627048,0,0,0,0,0,Arrays
4,0.593156693,0.593156693,0,0,0,0,0,ArrayList
4,0.298646732,0.298646732,0,0,0,0,0,Comparator
3,0.45204378,0.45204378,0,0,0,0,0,Object
3,0.204930077,0.204930077,0,0,0,0,0,ApiMethod
2,0.374395578,0.374395578,0,0,0,0,0,Collections
2,0.265749063,0.265749063,0,0,0,0,0,HashMap
1,0.2903981,0.2903981,0,0,0,0,0,Map
1,0.35855249,0.35855249,0,0,0,0,0,ByteArrayOutputStream
0,0.269914344,0.269914344,0,0,0,0,0,JPanel
5,0.672875289,0.672875289,0,0,0,0,0,Class
4,0.412412778,0.412412778,0,0,0,0,0,Object
4,0.69145152,0.69145152,0,0,0,0,0,Inject
3,0.223771575,0.223771575,0,0,0,0,0,Test
3,0.341503508,0.341503508,0,0,0,0,0,ArrayList
2,0.184281291,0.184281291,0,0,0,0,0,Foo
2,0.283106354,0.283106354,0,0,0,0,0,Map
1,0.538318387,0.538318387,0,0,0,0,0,Autowired
1,0.25377587,0.25377587,0,0,0,0,0,File
0,0.440803303,0.440803303,0,0,0,0,0,AbstractModule
5,0.205687392,0.205687392,0,0,0,0,0,Matcher
4,0.119266925,0.119266925,0,0,0,0,0,Pattern
4,0.279657463,0.279657463,0,0,0,0,0,Group
3,0,0,0,0,0,0,0,Jindabyne
3,0.483782173,0.483782173,0,0,0,0,0,InetAddress
2,0,0,0,0,0,0,0,Nirmal
2,0.258592501,0.258592501,0,0,0,0,0,SimpleDateFormat
1,0,0,0,0,0,0,0,Oakleigh
1,0.71695187,0.71695187,0,0,0,0,0,Address
0,0.121207243,0.121207243,0,0,0,0,0,Postcode
10,0.707406466,0.707406466,1,0,0,0,0,File
4,0.036668892,0.036668892,0,0,0,0,0,IOException
4,0.496216119,0.496216119,0,0,0,0,0,FileOutputStream
3,0.301654772,0.301654772,0,0,0,0,0,InputStream
3,0.496216119,0.496216119,0,0,0,0,0,FileInputStream
2,0.3757875,0.3757875,0,0,0,0,0,ArrayList
2,0.462740478,0.462740478,0,0,0,0,0,FileWriter
1,0.32175782,0.32175782,0,0,0,0,0,Object
1,0.280198515,0.280198515,0,0,0,0,0,Path
0,0.707406466,0.707406466,0,0,0,0,0,Files
5,0.111496872,0.111496872,0,0,0,0,0,IOException
4,0.315536055,0.315536055,0,0,0,0,0,Object
4,0.372729408,0.372729408,0,0,0,0,0,Class
3,0.32297907,0.32297907,0,0,0,0,0,HttpURLConnection
3,0.601617252,0.601617252,0,0,0,0,0,Method
10,0.194775045,0.194775045,1,0,0,0,0,URLConnection
2,0.270255695,0.270255695,0,0,0,0,0,ArrayList
1,0.200349644,0.200349644,0,0,0,0,0,Range
1,0.252898083,0.252898083,0,0,0,0,0,File
0,0.231204341,0.231204341,0,0,0,0,0,Arrays
5,0.831490698,0.831490698,0,0,0,0,0,Comparator
4,0.457451446,0.457451446,0,0,0,0,0,Collections
4,0.456893941,0.456893941,0,0,0,0,0,Object
3,0.424377828,0.424377828,0,0,0,0,0,ArrayList
3,0.40321774,0.40321774,0,0,0,0,0,Arrays
2,0.236502134,0.236502134,0,0,0,0,0,BigDecimal
2,0.388261841,0.388261841,0,0,0,0,0,Map
1,0.424687412,0.424687412,0,0,0,0,0,Class
1,-0.001366947,-0.001366947,0,0,0,0,0,Client
0,0.262240627,0.262240627,0,0,0,0,0,Set
5,0.384485951,0.384485951,0,0,0,0,0,SimpleDateFormat
4,0.487598193,0.487598193,0,0,0,0,0,Calendar
4,0.535995014,0.535995014,0,0,0,0,0,ParseException
10,0.830705083,0.830705083,1,0,0,0,0,DateFormat
6,0.2218708,0.2218708,0,0,0,0,1,Locale
2,0.362351649,0.362351649,0,0,0,0,0,ArrayList
7,0.418050975,0.418050975,0,0,0,1,0,DateTimeFormatter
8,0.534318599,0.534318599,0,0,1,0,0,LocalDate
1,0.317778263,0.317778263,0,0,0,0,0,Object
0,0.559777153,0.559777153,0,0,0,0,0,DateTime
5,0.688115723,0.688115723,0,0,0,0,0,Object
4,0.684063901,0.684063901,0,0,0,0,0,Class
9,0.610629741,0.610629741,0,1,0,0,0,ArrayList
3,0.177809674,0.177809674,0,0,0,0,0,Test
3,0.197384334,0.197384334,0,0,0,0,0,Foo
2,0.349668765,0.349668765,0,0,0,0,0,Map
2,0.48912331,0.48912331,0,0,0,0,0,MyClass
1,0.265328912,0.265328912,0,0,0,0,0,File
1,0.306515553,0.306515553,0,0,0,0,0,HashMap
0,0.116715475,0.116715475,0,0,0,0,0,IOException
5,0.560394823,0.560394823,0,0,0,0,0,ArrayList
4,0.487834188,0.487834188,0,0,0,0,0,HashMap
10,0.530006871,0.530006871,1,0,0,0,0,Map
3,0.498536487,0.498536487,0,0,0,0,0,Collections
3,0.167333723,0.167333723,0,0,0,0,0,Matcher
2,0.48444989,0.48444989,0,0,0,0,0,Object
2,0.092158143,0.092158143,0,0,0,0,0,Pattern
1,0.244912884,0.244912884,0,0,0,0,0,Set
1,0.498536487,0.498536487,0,0,0,0,0,Collection
0,0.25094467,0.25094467,0,0,0,0,0,File
5,0.606533018,0.606533018,0,0,0,0,0,File
10,0.651015819,0.651015819,1,0,0,0,0,Scanner
4,0.319655971,0.319655971,0,0,0,0,0,ArrayList
3,0.299725216,0.299725216,0,0,0,0,0,BufferedReader
3,0.320257929,0.320257929,0,0,0,0,0,IOException
2,0.373499948,0.373499948,0,0,0,0,0,InputStream
2,0.359007013,0.359007013,0,0,0,0,0,Object
1,0.57880513,0.57880513,0,0,0,0,0,Class
1,0.403937148,0.403937148,0,0,0,0,0,FileWriter
0,0.278459392,0.278459392,0,0,0,0,0,Arrays
5,0.233335621,0.233335621,0,0,0,0,0,AbstractAction
4,0.308677923,0.308677923,0,0,0,0,0,ActionEvent
4,0.345758918,0.345758918,0,0,0,0,0,JFrame
3,0.333321333,0.333321333,0,0,0,0,0,JButton
3,0.484944552,0.484944552,0,0,0,0,0,Button
2,0.442098488,0.442098488,0,0,0,0,0,JPanel
2,0.325249814,0.325249814,0,0,0,0,0,JComponent
1,0.430458536,0.430458536,0,0,0,0,0,Color
1,0.464566932,0.464566932,0,0,0,0,0,SwingUtilities
0,0.497915526,0.497915526,0,0,0,0,0,Graphics
5,0.373569749,0.373569749,0,0,0,0,0,InputStream
10,0.398495741,0.398495741,1,0,0,0,0,ByteArrayOutputStream
4,0.370848769,0.370848769,0,0,0,0,0,ArrayList
3,0.110679667,0.110679667,0,0,0,0,0,BeanUtils
3,0.385487899,0.385487899,0,0,0,0,0,BufferedInputStream
2,0.140258148,0.140258148,0,0,0,0,0,IOException
2,0.310055105,0.310055105,0,0,0,0,0,File
1,0.335585193,0.335585193,0,0,0,0,0,Object
1,0.182504175,0.182504175,0,0,0,0,0,JFrame
0,0.195404037,0.195404037,0,0,0,0,0,Class
5,0.5808847,0.5808847,0,0,0,0,0,ArrayList
4,0.588694316,0.588694316,0,0,0,0,0,Arrays
4,0.403237537,0.403237537,0,0,0,0,0,Iterator
3,0.447279094,0.447279094,0,0,0,0,0,Collections
3,0.463143424,0.463143424,0,0,0,0,0,Object
2,0.199095109,0.199095109,0,0,0,0,0,Set
2,0.244478697,0.244478697,0,0,0,0,0,HashSet
1,0.288870824,0.288870824,0,0,0,0,0,HashMap
1,0.31383459,0.31383459,0,0,0,0,0,Map
0,0.625310575,0.625310575,0,0,0,0,0,Element
5,0.295803863,0.295803863,0,0,0,0,0,File
4,0.200184103,0.200184103,0,0,0,0,0,IOException
4,0.252745002,0.252745002,0,0,0,0,0,Class
3,0.162217346,0.162217346,0,0,0,0,0,BufferedReader
3,0.262532881,0.262532881,0,0,0,0,0,Main
2,0.255129557,0.255129557,0,0,0,0,0,InputStream
2,0.127933634,0.127933634,0,0,0,0,0,Object
1,0.211086695,0.211086695,0,0,0,0,0,Test
1,0.238945295,0.238945295,0,0,0,0,0,InputStreamReader
0,0.18686397,0.18686397,0,0,0,0,0,ArrayList
5,0.195423972,0.195423972,0,0,0,0,0,BufferedReader
4,0.142096732,0.142096732,0,0,0,0,0,IOException
4,0.275031192,0.275031192,0,0,0,0,0,InputStreamReader
3,0.298008925,0.298008925,0,0,0,0,0,File
3,0.121700775,0.121700775,0,0,0,0,0,ChineseTreebankLanguagePack
2,0.311827934,0.311827934,0,0,0,0,0,InputStream
2,0.243114959,0.243114959,0,0,0,0,0,ArrayList
1,0.118018226,0.118018226,0,0,0,0,0,Graphics
1,0.205117135,0.205117135,0,0,0,0,0,Object
0,0.303249417,0.303249417,0,0,0,0,0,Content
5,0.414058341,0.414058341,0,0,0,0,0,Calendar
4,0.234161187,0.234161187,0,0,0,0,0,XMLSchema
4,0.248284021,0.248284021,0,0,0,0,0,InputSource
3,0.159193238,0.159193238,0,0,0,0,0,SimpleDateFormat
3,0.138868759,0.138868759,0,0,0,0,0,JAXBContext
2,0.455175823,0.455175823,0,0,0,0,0,DateTime
2,0.408745542,0.408745542,0,0,0,0,0,LocalDate
1,0.209031459,0.209031459,0,0,0,0,0,SAXException
1,0.209031459,0.209031459,0,0,0,0,0,SAXParseException
0,0.300865978,0.300865978,0,0,0,0,0,ParseException
10,0.448642445,0.448642445,1,0,0,0,0,LinkedList
4,0.407468377,0.407468377,0,0,0,0,0,Object
4,0.174230895,0.174230895,0,0,0,0,0,Foo
3,0.074368799,0.074368799,0,0,0,0,0,Bar
3,0.46897299,0.46897299,0,0,0,0,0,Deque
2,0.528856875,0.528856875,0,0,0,0,0,ArrayList
2,0.465354848,0.465354848,0,0,0,0,0,Class
1,0.321061231,0.321061231,0,0,0,0,0,Map
1,0.172497844,0.172497844,0,0,0,0,0,Test
0,0.486164528,0.486164528,0,0,0,0,0,Iterator
5,0.691567823,0.691567823,0,0,0,0,0,ArrayList
4,0.476505534,0.476505534,0,0,0,0,0,Map
4,0.403386708,0.403386708,0,0,0,0,0,HashMap
3,0.690170948,0.690170948,0,0,0,0,0,Object
3,0.232348895,0.232348895,0,0,0,0,0,Set
2,0.491099655,0.491099655,0,0,0,0,0,Comparator
2,0.278909263,0.278909263,0,0,0,0,0,HashSet
1,0.550122267,0.550122267,0,0,0,0,0,Arrays
1,0.581511426,0.581511426,0,0,0,0,0,Collection
0,0.419563003,0.419563003,0,0,0,0,0,Class
5,0.34516115,0.34516115,0,0,0,0,0,JPanel
4,0.197493358,0.197493358,0,0,0,0,0,ActionEvent
4,0.359212751,0.359212751,0,0,0,0,0,JLabel
3,0.402149327,0.402149327,0,0,0,0,0,BorderFactory
3,0.41029872,0.41029872,0,0,0,0,0,BorderLayout
2,0.270674625,0.270674625,0,0,0,0,0,JFrame
2,0.217559613,0.217559613,0,0,0,0,0,ActionPerformed
1,0.322096689,0.322096689,0,0,0,0,0,Color
1,0.287771876,0.287771876,0,0,0,0,0,JButton
0,0.33043875,0.33043875,0,0,0,0,0,ArrayList
5,0.286245626,0.286245626,0,0,0,0,0,File
10,0.257381598,0.257381598,0.72814595,0,0,0,0,JTable
4,0.280602204,0.280602204,0,0,0,0,0,Object
3,0.287167911,0.287167911,0,0,0,0,0,Vector
3,0.21350598,0.21350598,0,0,0,0,0,BufferedReader
2,0.131815072,0.131815072,0,0,0,0,0,IOException
2,0.247491127,0.247491127,0,0,0,0,0,Component
1,0.352206692,0.352206692,0,0,0,0,0,Scanner
1,0.171190464,0.171190464,0,0,0,0,0,Container
0,0.272302474,0.272302474,0,0,0,0,0,FileReader
5,0.613854491,0.613854491,0,0,0,0,0,File
4,0.157451017,0.157451017,0,0,0,0,0,IOException
4,0.29306647,0.29306647,0,0,0,0,0,ArrayList
3,0.228746154,0.228746154,0,0,0,0,0,JSONObject
3,0.345863188,0.345863188,0,0,0,0,0,Map
2,0.342849871,0.342849871,0,0,0,0,0,Document
2,0.226202271,0.226202271,0,0,0,0,0,Object
1,0.437675449,0.437675449,0,0,0,0,0,Gson
1,0.229719307,0.229719307,0,0,0,0,0,InputStream
0,0.288050952,0.288050952,0,0,0,0,0,HashMap
5,0.387942383,0.387942383,0,0,0,0,0,ActionEvent
4,0.739672981,0.739672981,0,0,0,0,0,Menu
4,0.201959756,0.201959756,0,0,0,0,0,Collection
10,0.304806815,0.304806815,1,0,0,0,0,JMenuItem
3,0.332979139,0.332979139,0,0,0,0,0,Object
2,0.292613664,0.292613664,0,0,0,0,0,ActionID
2,0.268779264,0.268779264,0,0,0,0,0,JFrame
1,0.801697269,0.801697269,0,0,0,0,0,MenuItem
1,0.325781474,0.325781474,0,0,0,0,0,ArrayList
0,0.337862341,0.337862341,0,0,0,0,0,ArrayAdapter
10,0.454864701,0.454864701,1,0,0,0,0,HashMap
4,0.489577517,0.489577517,0,0,0,0,0,Map
4,0.645267167,0.645267167,0,0,0,0,0,ArrayList
3,0.480178087,0.480178087,0,0,0,0,0,Object
3,0.697078413,0.697078413,0,0,0,0,0,Arrays
2,0.427107189,0.427107189,0,0,0,0,0,Comparator
2,0.306427045,0.306427045,0,0,0,0,0,Matcher
1,0.173610884,0.173610884,0,0,0,0,0,Pattern
1,0.312103854,0.312103854,0,0,0,0,0,Myclass
0,0.493791007,0.493791007,0,0,0,0,0,Collections
5,0.403959525,0.403959525,0,0,0,0,0,JPanel
10,0.339330344,0.339330344,1,0,0,0,0,BufferedImage
4,0.362411859,0.362411859,0,0,0,0,0,Dimension
3,0.714352581,0.714352581,0,0,0,0,0,Arrays
3,0.631050708,0.631050708,0,0,0,0,0,ArrayList
2,0.462446557,0.462446557,0,0,0,0,0,Object
2,0.433640034,0.433640034,0,0,0,0,0,Graphics
1,0.325550481,0.325550481,0,0,0,0,0,Map
1,0.29837073,0.29837073,0,0,0,0,0,Color
0,0.346748683,0.346748683,0,0,0,0,0,JFrame
5,0.644007195,0.644007195,0,0,0,0,0,File
4,0.263252256,0.263252256,0,0,0,0,0,InputStream
4,0.141591568,0.141591568,0,0,0,0,0,IOException
3,0.242968719,0.242968719,0,0,0,0,0,BufferedReader
3,0.543695864,0.543695864,0,0,0,0,0,ArrayList
2,0.269451203,0.269451203,0,0,0,0,0,InputStreamReader
2,0.341793313,0.341793313,0,0,0,0,0,Class
1,0.338871091,0.338871091,0,0,0,0,0,Map
1,0.45987451,0.45987451,0,0,0,0,0,FileInputStream
0,0.367964752,0.367964752,0,0,0,0,0,Object
5,0.594399342,0.594399342,0,0,0,0,0,ArrayList
4,0.670574833,0.670574833,0,0,0,0,0,Arrays
4,0.300694813,0.300694813,0,0,0,0,0,File
3,0.301110667,0.301110667,0,0,0,0,0,Scanner
3,0.451906107,0.451906107,0,0,0,0,0,Object
2,0.288582278,0.288582278,0,0,0,0,0,BufferedReader
2,0.096262502,0.096262502,0,0,0,0,0,IOException
1,0.296151964,0.296151964,0,0,0,0,0,Map
1,0.379999248,0.379999248,0,0,0,0,0,InputStreamReader
0,0.323959038,0.323959038,0,0,0,0,0,FileReader
5,0.441005263,0.441005263,0,0,0,0,0,InputStream
9,0.331142361,0.331142361,0,1,0,0,0,DateTimeFormatter
4,0.154044963,0.154044963,0,0,0,0,0,AwesomeClass
3,0.13622985,0.13622985,0,0,0,0,0,Command
3,0.29177654,0.29177654,0,0,0,0,0,SimpleDateFormat
2,0.144517271,0.144517271,0,0,0,0,0,Locale
2,0.52133787,0.52133787,0,0,0,0,0,DecimalFormat
1,0.082085853,0.082085853,0,0,0,0,0,IOException
1,0.356584444,0.356584444,0,0,0,0,0,Scanner
0,0.281888023,0.281888023,0,0,0,0,0,DateTimeFormatterBuilder
5,0.616039987,0.616039987,0,0,0,0,0,ArrayList
4,0.423371987,0.423371987,0,0,0,0,0,Map
4,0.476111089,0.476111089,0,0,0,0,0,Object
3,0.364693114,0.364693114,0,0,0,0,0,HashMap
3,0.50936334,0.50936334,0,0,0,0,0,Arrays
2,0.326961449,0.326961449,0,0,0,0,0,Set
2,0.274144852,0.274144852,0,0,0,0,0,BigDecimal
1,0.513134488,0.513134488,0,0,0,0,0,Collections
1,0.243327695,0.243327695,0,0,0,0,0,Collectors
0,0.189839824,0.189839824,0,0,0,0,0,File
5,0.5658501,0.5658501,0,0,0,0,0,ByteBuffer
4,0.504307421,0.504307421,0,0,0,0,0,ByteOrder
4,0.301534664,0.301534664,0,0,0,0,0,Clear
3,0.125762009,0.125762009,0,0,0,0,0,Base
3,0.206083818,0.206083818,0,0,0,0,0,File
2,0.254411553,0.254411553,0,0,0,0,0,Flip
2,0.108783968,0.108783968,0,0,0,0,0,IOException
1,0.267820101,0.267820101,0,0,0,0,0,DataInputStream
1,0.318798313,0.318798313,0,0,0,0,0,Object
0,0.221393755,0.221393755,0,0,0,0,0,Set
5,0.59726376,0.59726376,0,0,0,0,0,Color
4,0.114104057,0.114104057,0,0,0,0,0,Application
4,0.467578414,0.467578414,0,0,0,0,0,Label
3,0.480022927,0.480022927,0,0,0,0,0,BorderFactory
3,0.265615845,0.265615845,0,0,0,0,0,Scene
2,0.241619237,0.241619237,0,0,0,0,0,JFrame
2,0.625547541,0.625547541,0,0,0,0,0,Border
1,0.310325036,0.310325036,0,0,0,0,0,JPanel
1,0.311227533,0.311227533,0,0,0,0,0,ArrayList
0,0.268049824,0.268049824,0,0,0,0,0,Stage
5,0.717408018,0.717408018,0,0,0,0,0,Object
4,0.540790275,0.540790275,0,0,0,0,0,ObjectOutputStream
4,0.155762701,0.155762701,0,0,0,0,0,IOException
3,0.540790275,0.540790275,0,0,0,0,0,ObjectInputStream
3,0.50032504,0.50032504,0,0,0,0,0,ArrayList
2,0.420751878,0.420751878,0,0,0,0,0,Serializable
2,0.327762024,0.327762024,0,0,0,0,0,File
1,0.492795978,0.492795978,0,0,0,0,0,ByteArrayOutputStream
1,0.353975618,0.353975618,0,0,0,0,0,Map
0,0.39704194,0.39704194,0,0,0,0,0,Class
5,0.238419842,0.238419842,0,0,0,0,0,SimpleDateFormat
4,0.219602582,0.219602582,0,0,0,0,0,ArrayList
10,0.730217595,0.730217595,1,0,0,0,0,Timestamp
8,0.271342507,0.271342507,0,0,1,0,0,PreparedStatement
3,0.3871572,0.3871572,0,0,0,0,0,Calendar
2,0.248944546,0.248944546,0,0,0,0,0,Object
2,0.204522528,0.204522528,0,0,0,0,0,Arrays
1,0.205898012,0.205898012,0,0,0,0,0,File
9,0.273589018,0.273589018,0,1,0,0,0,ResultSet
0,0.123320486,0.123320486,0,0,0,0,0,IOException
5,0.434229395,0.434229395,0,0,0,0,0,Graphics
4,0.264020424,0.264020424,0,0,0,0,0,JPanel
10,0.673477713,0.673477713,1,0,0,0,0,Applet
3,0.32584743,0.32584743,0,0,0,0,0,Color
3,0.394419033,0.394419033,0,0,0,0,0,ImageIO
2,0.363287625,0.363287625,0,0,0,0,0,BorderLayout
2,0.437646145,0.437646145,0,0,0,0,0,BufferedImage
1,0.127288304,0.127288304,0,0,0,0,0,IOException
1,0.24470566,0.24470566,0,0,0,0,0,JFrame
0,0.298008787,0.298008787,0,0,0,0,0,File
5,0.450812551,0.450812551,0,0,0,0,0,Calendar
4,0.166412425,0.166412425,0,0,0,0,0,SimpleDateFormat
4,0.298393155,0.298393155,0,0,0,0,0,ArrayList
3,0.280226643,0.280226643,0,0,0,0,0,Arrays
3,0.28470382,0.28470382,0,0,0,0,0,Object
2,0.530463006,0.530463006,0,0,0,0,0,DateFormat
2,0.230386245,0.230386245,0,0,0,0,0,Map
1,0.148678567,0.148678567,0,0,0,0,0,File
1,0.170451744,0.170451744,0,0,0,0,0,Class
0,0.441779252,0.441779252,0,0,0,0,0,LocalDate
5,0.592107932,0.592107932,0,0,0,0,0,File
4,0.071179738,0.071179738,0,0,0,0,0,IOException
4,0.389399536,0.389399536,0,0,0,0,0,FileWriter
3,0.423022177,0.423022177,0,0,0,0,0,FileOutputStream
3,0.266254249,0.266254249,0,0,0,0,0,BufferedReader
2,0.277103322,0.277103322,0,0,0,0,0,ArrayList
2,0.423022177,0.423022177,0,0,0,0,0,FileInputStream
1,0.181931864,0.181931864,0,0,0,0,0,Object
1,0.195565265,0.195565265,0,0,0,0,0,JFrame
0,0.345213421,0.345213421,0,0,0,0,0,InputStream
5,0.444485828,0.444485828,0,0,0,0,0,ArrayList
4,0.430476784,0.430476784,0,0,0,0,0,Object
4,0.369555255,0.369555255,0,0,0,0,0,Collections
3,0.369555255,0.369555255,0,0,0,0,0,Collection
3,0.427448301,0.427448301,0,0,0,0,0,Arrays
2,0.510270942,0.510270942,0,0,0,0,0,Graphics
2,0.461763905,0.461763905,0,0,0,0,0,Class
1,0.155267891,0.155267891,0,0,0,0,0,Test
1,0.440665763,0.440665763,0,0,0,0,0,Comparator
0,0.302227913,0.302227913,0,0,0,0,0,Map
5,0.441131425,0.441131425,0,0,0,0,0,Collections
8,0.696136177,0.696136177,0,0,1,0,0,Comparator
4,0.570966206,0.570966206,0,0,0,0,0,ArrayList
3,0.592544023,0.592544023,0,0,0,0,0,Arrays
3,0.44613956,0.44613956,0,0,0,0,0,Object
2,0.333272454,0.333272454,0,0,0,0,0,Map
2,0.340625006,0.340625006,0,0,0,0,0,HashMap
1,0.32721288,0.32721288,0,0,0,0,0,HashSet
1,0.259008824,0.259008824,0,0,0,0,0,Set
0,0.28581297,0.28581297,0,0,0,0,0,TreeSet
5,0.310843154,0.310843154,0,0,0,0,0,Matcher
4,0.222499198,0.222499198,0,0,0,0,0,Pattern
4,0.289789621,0.289789621,0,0,0,0,0,Object
3,0.397354191,0.397354191,0,0,0,0,0,Arrays
3,0.290411261,0.290411261,0,0,0,0,0,Piece
2,0.228842241,0.228842241,0,0,0,0,0,Collectors
2,0.387149358,0.387149358,0,0,0,0,0,ArrayList
1,0.674197633,0.674197633,0,0,0,0,0,Length
1,0.219626742,0.219626742,0,0,0,0,0,Map
0,0.337592523,0.337592523,0,0,0,0,0,EendOfRegex
5,0.365606914,0.365606914,0,0,0,0,0,Object
4,0.414953318,0.414953318,0,0,0,0,0,Class
4,0.465399388,0.465399388,0,0,0,0,0,Callable
3,0.213024004,0.213024004,0,0,0,0,0,HashMap
3,0.350367112,0.350367112,0,0,0,0,0,ArrayList
2,0.218848581,0.218848581,0,0,0,0,0,Test
2,0.696795458,0.696795458,0,0,0,0,0,Future
1,0.184163364,0.184163364,0,0,0,0,0,IOException
1,0.153191924,0.153191924,0,0,0,0,0,Foo
9,0.415143542,0.415143542,0,1,0,0,0,ExecutorService
5,0.635135636,0.635135636,0,0,0,0,0,File
4,0.46122477,0.46122477,0,0,0,0,0,FileReader
4,0.324494074,0.324494074,0,0,0,0,0,BufferedReader
3,0.273850743,0.273850743,0,0,0,0,0,InputStream
3,0.261505637,0.261505637,0,0,0,0,0,IOException
2,0.315709764,0.315709764,0,0,0,0,0,CSVReader
2,0.389791491,0.389791491,0,0,0,0,0,FileNotFoundException
1,0.20081888,0.20081888,0,0,0,0,0,ArrayList
1,0.335654601,0.335654601,0,0,0,0,0,InputStreamReader
0,0.164337115,0.164337115,0,0,0,0,0,Object
5,0.427798061,0.427798061,0,0,0,0,0,Calendar
10,0.146813055,0.146813055,0.763571412,0,0,0,0,SimpleDateFormat
4,0.503898696,0.503898696,0,0,0,0,0,DateTime
3,0.401265111,0.401265111,0,0,0,0,0,LocalDate
3,0.382701796,0.382701796,0,0,0,0,0,GregorianCalendar
2,0.49093202,0.49093202,0,0,0,0,0,DateFormat
2,0.291768423,0.291768423,0,0,0,0,0,ArrayList
1,0.152869246,0.152869246,0,0,0,0,0,Locale
1,0.260448474,0.260448474,0,0,0,0,0,Object
0,0.615186143,0.615186143,0,0,0,0,0,Days
5,0.354434218,0.354434218,0,0,0,0,0,Color
8,0.303226467,0.303226467,0,0,1,0,0,AffineTransform
4,0.380470202,0.380470202,0,0,0,0,0,Arrays
3,0.253254363,0.253254363,0,0,0,0,0,File
3,0.399819981,0.399819981,0,0,0,0,0,ArrayList
2,0.126337797,0.126337797,0,0,0,0,0,IOException
2,0.316049028,0.316049028,0,0,0,0,0,Graphics
1,0.0427513,0.0427513,0,0,0,0,0,BadLocationException
1,0.208639331,0.208639331,0,0,0,0,0,JFrame
0,0.219465308,0.219465308,0,0,0,0,0,ApplicationFrame
5,0.250895837,0.250895837,0,0,0,0,0,BufferedReader
4,0.64821263,0.64821263,0,0,0,0,0,File
4,0.501266048,0.501266048,0,0,0,0,0,ArrayList
3,0.104241759,0.104241759,0,0,0,0,0,IOException
3,0.425257202,0.425257202,0,0,0,0,0,FileReader
2,0.308416152,0.308416152,0,0,0,0,0,HashSet
2,0.404874495,0.404874495,0,0,0,0,0,Object
10,0.229240652,0.229240652,1,0,0,0,0,Set
1,0.490592657,0.490592657,0,0,0,0,0,Arrays
0,0.314609593,0.314609593,0,0,0,0,0,Map
10,0.719095768,0.719095768,1,0,0,0,0,Calendar
4,0.164080521,0.164080521,0,0,0,0,0,SimpleDateFormat
4,0.291267269,0.291267269,0,0,0,0,0,ArrayList
3,0.247625968,0.247625968,0,0,0,0,0,Attendees
3,0.595343862,0.595343862,0,0,0,0,0,GregorianCalendar
2,0.229076796,0.229076796,0,0,0,0,0,ContentValues
2,0.524611219,0.524611219,0,0,0,0,0,DateTime
1,0.22174617,0.22174617,0,0,0,0,0,August
1,0.164042607,0.164042607,0,0,0,0,0,Locale
0,0.489636595,0.489636595,0,0,0,0,0,DateFormat
5,0.616462506,0.616462506,0,0,0,0,0,ActionEvent
4,0.305629015,0.305629015,0,0,0,0,0,JPanel
4,0.785431748,0.785431748,0,0,0,0,0,MouseEvent
3,0.341691528,0.341691528,0,0,0,0,0,JButton
3,0.277250079,0.277250079,0,0,0,0,0,JFrame
2,0.439853969,0.439853969,0,0,0,0,0,Action
2,0.488944861,0.488944861,0,0,0,0,0,ActionListener
1,0.559886885,0.559886885,0,0,0,0,0,MouseAdapter
1,0.668162136,0.668162136,0,0,0,0,0,MouseListener
0,0.183567188,0.183567188,0,0,0,0,0,SwingUtilities
5,0.634780613,0.634780613,0,0,0,0,0,Calendar
4,0.671825755,0.671825755,0,0,0,0,0,DateTime
4,0.154753918,0.154753918,0,0,0,0,0,SimpleDateFormat
3,0.633348839,0.633348839,0,0,0,0,0,Object
3,0.438204153,0.438204153,0,0,0,0,0,ArrayList
2,0.425893646,0.425893646,0,0,0,0,0,LocalDate
2,0.201033448,0.201033448,0,0,0,0,0,JPanel
1,0.59942244,0.59942244,0,0,0,0,0,GregorianCalendar
1,0.743603566,0.743603566,0,0,0,0,0,Days
0,0.188116078,0.188116078,0,0,0,0,0,JFrame
5,0.402771616,0.402771616,0,0,0,0,0,Object
4,0.456812266,0.456812266,0,0,0,0,0,Arrays
4,0.330519793,0.330519793,0,0,0,0,0,HashMap
3,0.457008345,0.457008345,0,0,0,0,0,ArrayList
3,0.678199909,0.678199909,0,0,0,0,0,Comparator
2,0.247295686,0.247295686,0,0,0,0,0,Set
2,0.291526987,0.291526987,0,0,0,0,0,Map
1,0.318410087,0.318410087,0,0,0,0,0,HashSet
1,0.107215558,0.107215558,0,0,0,0,0,Employee
0,0.165672491,0.165672491,0,0,0,0,0,Pattern
5,0.263632656,0.263632656,0,0,0,0,0,InputStream
4,0.328097722,0.328097722,0,0,0,0,0,File
4,0.152663431,0.152663431,0,0,0,0,0,BufferedReader
3,0.510784292,0.510784292,0,0,0,0,0,BooleanQuery
3,0.3837008,0.3837008,0,0,0,0,0,Context
2,0.133815055,0.133815055,0,0,0,0,0,IOException
2,0.306691523,0.306691523,0,0,0,0,0,JpaRepository
1,0.410444011,0.410444011,0,0,0,0,0,Class
1,0.12650997,0.12650997,0,0,0,0,0,Connector
0,0.395808549,0.395808549,0,0,0,0,0,Object
10,0.380500169,0.380500169,1,0,0,0,0,PreparedStatement
4,0.19948496,0.19948496,0,0,0,0,0,Connection
4,0.293596575,0.293596575,0,0,0,0,0,Statement
3,0.08967795,0.08967795,0,0,0,0,0,SQLException
3,0.352826915,0.352826915,0,0,0,0,0,ResultSet
2,0.291772827,0.291772827,0,0,0,0,0,Driver
2,0.372514501,0.372514501,0,0,0,0,0,ArrayList
1,0.238931865,0.238931865,0,0,0,0,0,DriverManager
1,0.387773044,0.387773044,0,0,0,0,0,Object
0,0.156071014,0.156071014,0,0,0,0,0,SimpleDateFormat
5,0.180045167,0.180045167,0,0,0,0,0,Add
4,0.370771925,0.370771925,0,0,0,0,0,DateTimeFormatter
4,0.524137746,0.524137746,0,0,0,0,0,DateTime
3,0.238761615,0.238761615,0,0,0,0,0,SimpleDateFormat
3,0.466950865,0.466950865,0,0,0,0,0,ParseException
2,0.019362426,0.019362426,0,0,0,0,0,Application
2,0.164942958,0.164942958,0,0,0,0,0,Locale
1,0.473466809,0.473466809,0,0,0,0,0,Calendar
1,0.42366297,0.42366297,0,0,0,0,0,DateTimeZone
0,0.218993638,0.218993638,0,0,0,0,0,Document
10,0.379000537,0.379000537,1,0,0,0,0,Executors
8,0.347797333,0.347797333,0,0,1,0,0,ExecutorService
4,0.211329786,0.211329786,0,0,0,0,0,TimeUnit
3,0.366140497,0.366140497,0,0,0,0,0,Future
3,0.287293498,0.287293498,0,0,0,0,0,Object
2,0.307255191,0.307255191,0,0,0,0,0,ThreadPoolExecutor
2,0.155264196,0.155264196,0,0,0,0,0,EntityUtils
1,0.158089142,0.158089142,0,0,0,0,0,IOException
1,0.410230394,0.410230394,0,0,0,0,0,HttpPost
0,0.30033058,0.30033058,0,0,0,0,0,ArrayList
5,0.286340052,0.286340052,0,0,0,0,0,Object
4,0.338341412,0.338341412,0,0,0,0,0,ArrayList
4,0.362940727,0.362940727,0,0,0,0,0,Class
3,0.275303537,0.275303537,0,0,0,0,0,Method
3,0.149842788,0.149842788,0,0,0,0,0,Test
2,0.200119567,0.200119567,0,0,0,0,0,Map
2,0.269332052,0.269332052,0,0,0,0,0,BigDecimal
1,0.129502457,0.129502457,0,0,0,0,0,File
1,0.329630513,0.329630513,0,0,0,0,0,BigInteger
0,0.330768848,0.330768848,0,0,0,0,0,IOException
5,0.362217828,0.362217828,0,0,0,0,0,JFrame
4,0.413255743,0.413255743,0,0,0,0,0,JPanel
4,0.229383137,0.229383137,0,0,0,0,0,ActionEvent
3,0.31376065,0.31376065,0,0,0,0,0,Color
3,0.47176024,0.47176024,0,0,0,0,0,BorderLayout
2,0.268244187,0.268244187,0,0,0,0,0,ActionListener
2,0.312611309,0.312611309,0,0,0,0,0,Object
1,0.278532577,0.278532577,0,0,0,0,0,JButton
1,0.262087152,0.262087152,0,0,0,0,0,AbstractAction
0,0.329892452,0.329892452,0,0,0,0,0,Dimension
9,0.237959048,0.237959048,0,1,0,0,0,Object
4,0.108255678,0.108255678,0,0,0,0,0,ActivityIdentifier
4,0.12352499,0.12352499,0,0,0,0,0,ArrayList
3,0.482172887,0.482172887,0,0,0,0,0,AtomicBoolean
3,0.007976311,0.007976311,0,0,0,0,0,Auto
2,0.323696488,0.323696488,0,0,0,0,0,ConcurrentHashMap
2,0.070267244,0.070267244,0,0,0,0,0,Bob
6,0.671836734,0.671836734,0,0,0,0,1,ReentrantLock
1,0.25325002,0.25325002,0,0,0,0,0,Collections
0,0.644297165,0.644297165,0,0,0,0,0,FileLock
10,0.674634222,0.674634222,1,0,0,0,0,ArrayList
4,0.545548326,0.545548326,0,0,0,0,0,LinkedList
9,0.740094596,0.740094596,0,1,0,0,0,Queue
8,0.544911047,0.544911047,0,0,1,0,0,Collection
3,0.439605599,0.439605599,0,0,0,0,0,Object
2,0.532897477,0.532897477,0,0,0,0,0,ArrayDeque
2,0.444620877,0.444620877,0,0,0,0,0,Map
1,0.536411477,0.536411477,0,0,0,0,0,Arrays
1,0.576199519,0.576199519,0,0,0,0,0,BlockingQueue
0,0.151982041,0.151982041,0,0,0,0,0,SimpleDateFormat
5,0.638976635,0.638976635,0,0,0,0,0,ArrayList
4,0.012670294,0.012670294,0,0,0,0,0,Album
4,0.16577105,0.16577105,0,0,0,0,0,IOException
3,0.419413638,0.419413638,0,0,0,0,0,ByteArrayOutputStream
3,0.404164652,0.404164652,0,0,0,0,0,OutputStream
2,0.145382529,0.145382529,0,0,0,0,0,JAXBException
2,0.159317547,0.159317547,0,0,0,0,0,JAXBContext
1,0.462767858,0.462767858,0,0,0,0,0,XmlRootElement
1,0.566460343,0.566460343,0,0,0,0,0,Object
0,0.494555153,0.494555153,0,0,0,0,0,Collections
10,0.69857327,0.69857327,1,0,0,0,0,Calendar
4,0.300223737,0.300223737,0,0,0,0,0,SimpleDateFormat
4,0.665340632,0.665340632,0,0,0,0,0,DateTime
3,0.687845682,0.687845682,0,0,0,0,0,DateFormat
3,0.55956949,0.55956949,0,0,0,0,0,TimeZone
2,0.138432311,0.138432311,0,0,0,0,0,Locale
2,0.244189685,0.244189685,0,0,0,0,0,Object
1,0.276184088,0.276184088,0,0,0,0,0,Log
1,0.176018786,0.176018786,0,0,0,0,0,View
0,0.296356318,0.296356318,0,0,0,0,0,ArrayList
10,0.271232685,0.271232685,1,0,0,0,0,PreparedStatement
4,0.233671137,0.233671137,0,0,0,0,0,ResultSet
4,0.170407071,0.170407071,0,0,0,0,0,Connection
3,0.167813354,0.167813354,0,0,0,0,0,Object
9,0.172678699,0.172678699,0,1,0,0,0,Statement
2,0.253504171,0.253504171,0,0,0,0,0,ArrayList
2,0.154800195,0.154800195,0,0,0,0,0,Class
1,0.115573689,0.115573689,0,0,0,0,0,File
1,0.135279546,0.135279546,0,0,0,0,0,SQLException
0,0.163058324,0.163058324,0,0,0,0,0,JFrame
5,0.581302273,0.581302273,0,0,0,0,0,ArrayList
4,0.60423306,0.60423306,0,0,0,0,0,Arrays
10,0.159690676,0.159690676,1,0,0,0,0,Pattern
3,0.456912163,0.456912163,0,0,0,0,0,Object
3,0.287629191,0.287629191,0,0,0,0,0,HashMap
2,0.301153432,0.301153432,0,0,0,0,0,Map
2,0.422450364,0.422450364,0,0,0,0,0,Collections
1,0.248016585,0.248016585,0,0,0,0,0,Matcher
1,0.217344354,0.217344354,0,0,0,0,0,JFrame
0,0.095169468,0.095169468,0,0,0,0,0,Test
10,0.676080233,0.676080233,1,0,0,0,0,Stream
4,0.516181545,0.516181545,0,0,0,0,0,InputStream
4,0.15978147,0.15978147,0,0,0,0,0,IOException
3,0.253521867,0.253521867,0,0,0,0,0,Arrays
3,0.308935351,0.308935351,0,0,0,0,0,Collectors
2,0.277884195,0.277884195,0,0,0,0,0,ArrayList
2,0.384453548,0.384453548,0,0,0,0,0,Executors
1,0.237214349,0.237214349,0,0,0,0,0,File
1,0.342087938,0.342087938,0,0,0,0,0,ExecutorService
0,0.192213331,0.192213331,0,0,0,0,0,Object
5,0.367442201,0.367442201,0,0,0,0,0,HashMap
4,0.3659736,0.3659736,0,0,0,0,0,HashSet
4,0.465685334,0.465685334,0,0,0,0,0,ArrayList
3,0.302861008,0.302861008,0,0,0,0,0,Comparator
3,0.273027492,0.273027492,0,0,0,0,0,TreeSet
2,0.442189765,0.442189765,0,0,0,0,0,Arrays
2,0.320611449,0.320611449,0,0,0,0,0,Map
1,0.38562352,0.38562352,0,0,0,0,0,Object
1,0.122915716,0.122915716,0,0,0,0,0,Auto
0,0.241403966,0.241403966,0,0,0,0,0,Set
5,0.400925752,0.400925752,0,0,0,0,0,BigDecimal
4,0.247113158,0.247113158,0,0,0,0,0,TreeSet
4,0.241233069,0.241233069,0,0,0,0,0,Enter
3,0.378029715,0.378029715,0,0,0,0,0,ArrayList
3,0.210750877,0.210750877,0,0,0,0,0,AbstractDocument
2,0.368729248,0.368729248,0,0,0,0,0,Object
2,0.306957176,0.306957176,0,0,0,0,0,AttributeSet
1,0.295030055,0.295030055,0,0,0,0,0,Collections
1,0.128320092,0.128320092,0,0,0,0,0,IOException
10,0.458913796,0.458913796,1,0,0,0,0,BigInteger
5,0.610250703,0.610250703,0,0,0,0,0,Object
4,0.343958195,0.343958195,0,0,0,0,0,BlockingQueue
4,0.43771054,0.43771054,0,0,0,0,0,Executors
9,0.384046621,0.384046621,0,1,0,0,0,ExecutorService
3,0.390716299,0.390716299,0,0,0,0,0,ArrayList
2,0.270977996,0.270977996,0,0,0,0,0,Map
2,0.373602797,0.373602797,0,0,0,0,0,Class
10,0.31223704,0.31223704,1,0,0,0,0,Callable
1,0.370972279,0.370972279,0,0,0,0,0,Future
0,0.212663445,0.212663445,0,0,0,0,0,HashMap
5,0.434241591,0.434241591,0,0,0,0,0,Calendar
4,0.257603328,0.257603328,0,0,0,0,0,SimpleDateFormat
4,0.39829771,0.39829771,0,0,0,0,0,DateTimeFormatter
3,0.671819758,0.671819758,0,0,0,0,0,DateTime
3,0.566085598,0.566085598,0,0,0,0,0,DecimalFormat
6,0.680231329,0.680231329,0,0,0,0,0.704099242,DateFormat
2,0.291751283,0.291751283,0,0,0,0,0,ArrayList
1,0.471886614,0.471886614,0,0,0,0,0,DateTimeFormat
1,0.150787964,0.150787964,0,0,0,0,0,Locale
0,0.266387911,0.266387911,0,0,0,0,0,Object
5,0.291394044,0.291394044,0,0,0,0,0,Object
4,0.238865992,0.238865992,0,0,0,0,0,JFrame
4,0.170315033,0.170315033,0,0,0,0,0,AbstractTableModel
3,0.311005304,0.311005304,0,0,0,0,0,ActionEvent
3,0.167998804,0.167998804,0,0,0,0,0,Class
2,0.2682596,0.2682596,0,0,0,0,0,JTable
2,0.302246572,0.302246572,0,0,0,0,0,ArrayList
1,0.279933676,0.279933676,0,0,0,0,0,JPanel
1,0.143210419,0.143210419,0,0,0,0,0,IOException
0,0.316128002,0.316128002,0,0,0,0,0,ActionListener
5,0.451841908,0.451841908,0,0,0,0,0,Object
4,0.301652906,0.301652906,0,0,0,0,0,File
4,0.485836564,0.485836564,0,0,0,0,0,ArrayList
3,0.233483542,0.233483542,0,0,0,0,0,HashSet
3,0.515811634,0.515811634,0,0,0,0,0,ByteBuffer
2,0.146048899,0.146048899,0,0,0,0,0,IOException
2,0.449575976,0.449575976,0,0,0,0,0,BufferedOutputStream
1,0.292920808,0.292920808,0,0,0,0,0,Map
1,0.251278383,0.251278383,0,0,0,0,0,Charset
0,0.171378117,0.171378117,0,0,0,0,0,Pattern
5,0.39652784,0.39652784,0,0,0,0,0,SimpleDateFormat
10,0.677996707,0.677996707,1,0,0,0,0,DateFormat
4,0.258384837,0.258384837,0,0,0,0,0,Calendar
3,0.656830213,0.656830213,0,0,0,0,0,DateTime
3,0.623774824,0.623774824,0,0,0,0,0,TimeZone
2,0.187503151,0.187503151,0,0,0,0,0,Object
2,0.149970259,0.149970259,0,0,0,0,0,Locale
1,0.208127816,0.208127816,0,0,0,0,0,ArrayList
1,0.627212201,0.627212201,0,0,0,0,0,DecimalFormat
0,0.334299899,0.334299899,0,0,0,0,0,DateTimeFormatter
5,0.380443256,0.380443256,0,0,0,0,0,JFrame
4,0.444164296,0.444164296,0,0,0,0,0,JPanel
4,0.450979963,0.450979963,0,0,0,0,0,BorderLayout
3,0.249275317,0.249275317,0,0,0,0,0,SwingUtilities
3,0.290568705,0.290568705,0,0,0,0,0,Color
2,0.437355823,0.437355823,0,0,0,0,0,Graphics
2,0.358395456,0.358395456,0,0,0,0,0,JLabel
1,0.301386443,0.301386443,0,0,0,0,0,ActionEvent
1,0.318750669,0.318750669,0,0,0,0,0,Dimension
10,0.423355395,0.423355395,1,0,0,0,0,JComponent
5,0.189236308,0.189236308,0,0,0,0,0,SimpleDateFormat
4,0.466770702,0.466770702,0,0,0,0,0,Calendar
4,0.757758012,0.757758012,0,0,0,0,0,DateTime
3,0.487764501,0.487764501,0,0,0,0,0,LocalDate
3,0.569127536,0.569127536,0,0,0,0,0,DateFormat
2,0.320949575,0.320949575,0,0,0,0,0,Object
2,0.573949261,0.573949261,0,0,0,0,0,TimeZone
1,0.340902856,0.340902856,0,0,0,0,0,ArrayList
1,0.314454984,0.314454984,0,0,0,0,0,Arrays
0,0.266697105,0.266697105,0,0,0,0,0,Map
5,0.674360192,0.674360192,0,0,0,0,0,Address
4,0.637804686,0.637804686,0,0,0,0,0,Message
4,0.525864929,0.525864929,0,0,0,0,0,InternetAddress
3,0.402592083,0.402592083,0,0,0,0,0,Padding
3,0.164302527,0.164302527,0,0,0,0,0,IOException
2,0.143421724,0.143421724,0,0,0,0,0,Action
2,0.224430268,0.224430268,0,0,0,0,0,Object
9,0.535515122,0.535515122,0,1,0,0,0,Cipher
1,0.216660504,0.216660504,0,0,0,0,0,Arrays
0,0.481315857,0.481315857,0,0,0,0,0,InetAddress
5,0.55542548,0.55542548,0,0,0,0,0,ArrayList
4,0.494501685,0.494501685,0,0,0,0,0,Object
4,0.634806326,0.634806326,0,0,0,0,0,Class
3,0.563331619,0.563331619,0,0,0,0,0,Arrays
3,0.195034455,0.195034455,0,0,0,0,0,ActionEvent
2,0.190487518,0.190487518,0,0,0,0,0,ActionListener
2,0.141402282,0.141402282,0,0,0,0,0,Test
1,0.053545664,0.053545664,0,0,0,0,0,Bar
1,0.314606614,0.314606614,0,0,0,0,0,Map
0,0.195999882,0.195999882,0,0,0,0,0,JFrame
5,0.395309431,0.395309431,0,0,0,0,0,ArrayList
4,0.289443229,0.289443229,0,0,0,0,0,Map
4,0.411080907,0.411080907,0,0,0,0,0,Object
3,0.314708389,0.314708389,0,0,0,0,0,Class
3,0.291491552,0.291491552,0,0,0,0,0,HashMap
2,0.197464918,0.197464918,0,0,0,0,0,ArrayDescriptor
2,0.22368531,0.22368531,0,0,0,0,0,Foo
1,0.178539293,0.178539293,0,0,0,0,0,File
1,0.445685403,0.445685403,0,0,0,0,0,AnotherClass
0,0.119959299,0.119959299,0,0,0,0,0,Test
5,0.380120215,0.380120215,0,0,0,0,0,JPanel
4,0.192531665,0.192531665,0,0,0,0,0,EventQueue
4,0.182820687,0.182820687,0,0,0,0,0,Application
3,0.299122792,0.299122792,0,0,0,0,0,ApplicationFrame
3,0.316032728,0.316032728,0,0,0,0,0,JFrame
2,0,0,0,0,0,0,0,Caspian
2,0.400710336,0.400710336,0,0,0,0,0,JLabel
1,0.438283215,0.438283215,0,0,0,0,0,BorderLayout
1,0.163631129,0.163631129,0,0,0,0,0,File
0,0.605618681,0.605618681,0,0,0,0,0,Desktop
6,0.330793476,0.330793476,0,0,0,0,0.734184588,SimpleDateFormat
4,0.649501245,0.649501245,0,0,0,0,0,DateFormat
4,0.415640723,0.415640723,0,0,0,0,0,DateTimeFormatter
3,0.485365713,0.485365713,0,0,0,0,0,DateTimeFormat
3,0.418409175,0.418409175,0,0,0,0,0,DateTime
2,0.435654752,0.435654752,0,0,0,0,0,Calendar
2,0.183419834,0.183419834,0,0,0,0,0,Locale
1,0.333214233,0.333214233,0,0,0,0,0,ParseException
1,0.6959377,0.6959377,0,0,0,0,0,Format
0,0.529607516,0.529607516,0,0,0,0,0,DecimalFormat
5,0.403357968,0.403357968,0,0,0,0,0,Dimension
4,0.394474755,0.394474755,0,0,0,0,0,JPanel
4,0.329343342,0.329343342,0,0,0,0,0,GridBagLayout
3,0.604208902,0.604208902,0,0,0,0,0,BorderLayout
10,0.410174952,0.410174952,1,0,0,0,0,GridBagConstraints
2,0.296553856,0.296553856,0,0,0,0,0,JFrame
2,0.377229006,0.377229006,0,0,0,0,0,JLabel
1,0.392706799,0.392706799,0,0,0,0,0,Graphics
1,0.285644733,0.285644733,0,0,0,0,0,Box
0,0.455100823,0.455100823,0,0,0,0,0,Color
5,0.464854347,0.464854347,0,0,0,0,0,ItemEvent
9,0.477174294,0.477174294,0,1,0,0,0,ItemListener
4,0.408177912,0.408177912,0,0,0,0,0,Object
3,0.285984368,0.285984368,0,0,0,0,0,JComboBox
3,0.404338701,0.404338701,0,0,0,0,0,BorderLayout
2,0.285804864,0.285804864,0,0,0,0,0,JFrame
2,0.305584491,0.305584491,0,0,0,0,0,ActionEvent
1,0.372342522,0.372342522,0,0,0,0,0,ArrayList
1,0.623684357,0.623684357,0,0,0,0,0,Element
0,0.355615212,0.355615212,0,0,0,0,0,JPanel
5,0.555458707,0.555458707,0,0,0,0,0,ArrayList
4,0.628231308,0.628231308,0,0,0,0,0,File
4,0.40504936,0.40504936,0,0,0,0,0,Arrays
3,0.09872874,0.09872874,0,0,0,0,0,IOException
10,0.628231308,0.628231308,1,0,0,0,0,Files
2,0.454480042,0.454480042,0,0,0,0,0,Collections
2,0.281710175,0.281710175,0,0,0,0,0,InputStream
1,0.389061159,0.389061159,0,0,0,0,0,FilenameFilter
1,0.3581893,0.3581893,0,0,0,0,0,Path
0,0.452727361,0.452727361,0,0,0,0,0,FileOutputStream
5,0.51148844,0.51148844,0,0,0,0,0,Arrays
4,0.222083104,0.222083104,0,0,0,0,0,Pattern
4,0.496507017,0.496507017,0,0,0,0,0,ArrayList
3,0.395083526,0.395083526,0,0,0,0,0,Matcher
3,0.317888967,0.317888967,0,0,0,0,0,Charset
2,0.133254165,0.133254165,0,0,0,0,0,Test
2,0.270582727,0.270582727,0,0,0,0,0,Map
1,0.416893888,0.416893888,0,0,0,0,0,Object
1,0.280168946,0.280168946,0,0,0,0,0,HashMap
0,0.359829319,0.359829319,0,0,0,0,0,Collections
5,0.428232826,0.428232826,0,0,0,0,0,File
4,0.16843809,0.16843809,0,0,0,0,0,InputStream
4,0.214574834,0.214574834,0,0,0,0,0,ArrayList
3,0.33158051,0.33158051,0,0,0,0,0,FileInputStream
3,0.146276519,0.146276519,0,0,0,0,0,IOException
2,0.303404188,0.303404188,0,0,0,0,0,Class
2,0.266976836,0.266976836,0,0,0,0,0,MyClass
1,0.207301331,0.207301331,0,0,0,0,0,Object
1,0.604245828,0.604245828,0,0,0,0,0,Access
0,0.369864766,0.369864766,0,0,0,0,0,Path
5,0.313819072,0.313819072,0,0,0,0,0,BufferedReader
4,0.368000118,0.368000118,0,0,0,0,0,Executor
4,0.191181983,0.191181983,0,0,0,0,0,File
3,0.268952366,0.268952366,0,0,0,0,0,InputStream
3,0.18688138,0.18688138,0,0,0,0,0,IOException
2,0.368000118,0.368000118,0,0,0,0,0,Executors
2,0.300953098,0.300953098,0,0,0,0,0,Object
1,0.283119111,0.283119111,0,0,0,0,0,ArrayList
1,0.252327762,0.252327762,0,0,0,0,0,HttpServletRequest
10,0.584917097,0.584917097,1,0,0,0,0,Selector
5,0.394822849,0.394822849,0,0,0,0,0,JFrame
4,0.282850873,0.282850873,0,0,0,0,0,ActionEvent
10,0.301235817,0.301235817,1,0,0,0,0,JDialog
3,0.415533329,0.415533329,0,0,0,0,0,JPanel
3,0.302242088,0.302242088,0,0,0,0,0,ActionListener
2,0.438143797,0.438143797,0,0,0,0,0,BorderLayout
2,0.398142932,0.398142932,0,0,0,0,0,JButton
1,0.322035117,0.322035117,0,0,0,0,0,WindowAdapter
1,0.286211731,0.286211731,0,0,0,0,0,SwingUtilities
9,0.567343199,0.567343199,0,1,0,0,0,Frame
5,0.35125803,0.35125803,0,0,0,0,0,JFrame
4,0.509493691,0.509493691,0,0,0,0,0,BorderLayout
4,0.412839116,0.412839116,0,0,0,0,0,JPanel
3,0.383619099,0.383619099,0,0,0,0,0,JLabel
3,0.653288877,0.653288877,0,0,0,0,0,Font
2,0.433855517,0.433855517,0,0,0,0,0,Color
2,0.48722257,0.48722257,0,0,0,0,0,Dimension
1,0.445876333,0.445876333,0,0,0,0,0,Graphics
1,0.302471258,0.302471258,0,0,0,0,0,Object
0,0.398657298,0.398657298,0,0,0,0,0,GridLayout
5,0.686234858,0.686234858,0,0,0,0,0,Arrays
4,0.614896812,0.614896812,0,0,0,0,0,ArrayList
4,0.363345913,0.363345913,0,0,0,0,0,Scanner
3,0.332926057,0.332926057,0,0,0,0,0,HashMap
3,0.453748414,0.453748414,0,0,0,0,0,Object
2,0.111520248,0.111520248,0,0,0,0,0,Great
2,0.314132829,0.314132829,0,0,0,0,0,Map
1,0.125525235,0.125525235,0,0,0,0,0,IOException
1,0.385670625,0.385670625,0,0,0,0,0,LinkedList
0,0.49779264,0.49779264,0,0,0,0,0,Comparator
5,0.661865263,0.661865263,0,0,0,0,0,File
4,0.336622498,0.336622498,0,0,0,0,0,FileNotFoundException
4,0.29485609,0.29485609,0,0,0,0,0,IOException
3,0.450674916,0.450674916,0,0,0,0,0,FileOutputStream
3,0.095256803,0.095256803,0,0,0,0,0,Configuration
2,0.224698437,0.224698437,0,0,0,0,0,InputStream
2,0.254735072,0.254735072,0,0,0,0,0,BufferedReader
1,0.167180721,0.167180721,0,0,0,0,0,Desktop
1,0.185018202,0.185018202,0,0,0,0,0,ArrayList
10,0.450674916,0.450674916,1,0,0,0,0,FileInputStream
5,0.50997781,0.50997781,0,0,0,0,0,ArrayList
4,0.320295431,0.320295431,0,0,0,0,0,Object
4,0.39771023,0.39771023,0,0,0,0,0,Arrays
3,0.378320896,0.378320896,0,0,0,0,0,LinkedList
3,0.31202945,0.31202945,0,0,0,0,0,Iterator
2,0.184186036,0.184186036,0,0,0,0,0,Method
2,0.368751553,0.368751553,0,0,0,0,0,Map
1,0.41823856,0.41823856,0,0,0,0,0,Benchmark
1,0.311389675,0.311389675,0,0,0,0,0,HashMap
0,0.046041141,0.046041141,0,0,0,0,0,IOException
10,0.693260859,0.693260859,1,0,0,0,0,DateFormat
4,0.025047697,0.025047697,0,0,0,0,0,Auto
4,0.301355091,0.301355091,0,0,0,0,0,ParseException
3,0.335335154,0.335335154,0,0,0,0,0,Criteria
3,0.291499754,0.291499754,0,0,0,0,0,SimpleDateFormat
2,0.615689471,0.615689471,0,0,0,0,0,DateTime
2,0.548086554,0.548086554,0,0,0,0,0,Calendar
1,0.215102151,0.215102151,0,0,0,0,0,Locale
1,0.270072948,0.270072948,0,0,0,0,0,Enter
0,0.332348277,0.332348277,0,0,0,0,0,Object
5,0.653337296,0.653337296,0,0,0,0,0,File
4,0.137797371,0.137797371,0,0,0,0,0,IOException
4,0.383991706,0.383991706,0,0,0,0,0,ArrayList
3,0.197841912,0.197841912,0,0,0,0,0,Matcher
3,0.18082331,0.18082331,0,0,0,0,0,Pattern
2,0.421705536,0.421705536,0,0,0,0,0,FileReader
2,0.238244454,0.238244454,0,0,0,0,0,BufferedReader
1,0.304490617,0.304490617,0,0,0,0,0,InputStream
1,0.307085062,0.307085062,0,0,0,0,0,Object
0,0.237340172,0.237340172,0,0,0,0,0,Map
5,0.400057146,0.400057146,0,0,0,0,0,Object
10,0.408271322,0.408271322,1,0,0,0,0,Class
4,0.151468271,0.151468271,0,0,0,0,0,IOException
3,0.155426068,0.155426068,0,0,0,0,0,Assert
3,0.229355773,0.229355773,0,0,0,0,0,Calendar
2,0.139190657,0.139190657,0,0,0,0,0,Test
2,0.296314268,0.296314268,0,0,0,0,0,Map
1,0.307814323,0.307814323,0,0,0,0,0,ArrayList
1,0.347338627,0.347338627,0,0,0,0,0,Method
0,0.152805427,0.152805427,0,0,0,0,0,Path
5,0.226339067,0.226339067,0,0,0,0,0,ConcurrentHashMap
4,0.343031815,0.343031815,0,0,0,0,0,Map
4,0.339866645,0.339866645,0,0,0,0,0,Object
3,0.382168766,0.382168766,0,0,0,0,0,HashMap
10,0.408768326,0.408768326,1,0,0,0,0,Collections
2,0.385417737,0.385417737,0,0,0,0,0,ConcurrentMap
2,0.342065756,0.342065756,0,0,0,0,0,Iterator
9,0.666151799,0.666151799,0,1,0,0,0,Hashtable
1,0.10170808,0.10170808,0,0,0,0,0,Segment
0,0.37259251,0.37259251,0,0,0,0,0,ArrayList
5,0.634072036,0.634072036,0,0,0,0,0,ArrayList
4,0.45376719,0.45376719,0,0,0,0,0,Iterator
4,0.521017587,0.521017587,0,0,0,0,0,Object
3,0.645224236,0.645224236,0,0,0,0,0,Arrays
3,0.710546912,0.710546912,0,0,0,0,0,Item
2,0.47143209,0.47143209,0,0,0,0,0,Collections
2,0.343260557,0.343260557,0,0,0,0,0,Map
1,0.214264584,0.214264584,0,0,0,0,0,Set
1,0.301996741,0.301996741,0,0,0,0,0,HashMap
0,0.379939337,0.379939337,0,0,0,0,0,View
5,0.344365575,0.344365575,0,0,0,0,0,Component
4,0.145414971,0.145414971,0,0,0,0,0,Danger
4,0.31823502,0.31823502,0,0,0,0,0,JLabel
3,0.348682817,0.348682817,0,0,0,0,0,Icon
3,0.29863506,0.29863506,0,0,0,0,0,JFrame
10,0.358725877,0.358725877,1,0,0,0,0,JTabbedPane
2,0.412196611,0.412196611,0,0,0,0,0,Label
1,0.371167418,0.371167418,0,0,0,0,0,JPanel
1,0.251371983,0.251371983,0,0,0,0,0,ActionEvent
0,0.249749114,0.249749114,0,0,0,0,0,MouseAdapter
6,0.566352425,0.566352425,0,0,0,0,0.64018053,ArrayList
4,0.601682661,0.601682661,0,0,0,0,0,Object
4,0.368712164,0.368712164,0,0,0,0,0,Class
3,0.39884636,0.39884636,0,0,0,0,0,Map
3,0.458347944,0.458347944,0,0,0,0,0,Arrays
2,0.462952036,0.462952036,0,0,0,0,0,Collections
2,0.252438951,0.252438951,0,0,0,0,0,Foo
1,0.326990224,0.326990224,0,0,0,0,0,HashMap
1,0.462952036,0.462952036,0,0,0,0,0,Collection
0,0.329150817,0.329150817,0,0,0,0,0,Iterator
5,0.387013991,0.387013991,0,0,0,0,0,Collection
4,0.38702256,0.38702256,0,0,0,0,0,ArrayList
4,0.391857411,0.391857411,0,0,0,0,0,Object
10,0.687693585,0.687693585,1,0,0,0,0,Iterator
3,0.28149159,0.28149159,0,0,0,0,0,HashMap
2,0.186228289,0.186228289,0,0,0,0,0,Assert
2,0.188983944,0.188983944,0,0,0,0,0,Autowired
1,0.29873647,0.29873647,0,0,0,0,0,Map
1,0.17988461,0.17988461,0,0,0,0,0,Bean
0,0.224028003,0.224028003,0,0,0,0,0,Set
5,0.626145767,0.626145767,0,0,0,0,0,ArrayList
4,0.40812445,0.40812445,0,0,0,0,0,Object
10,0.788389137,0.788389137,1,0,0,0,0,LinkedList
3,0.501539372,0.501539372,0,0,0,0,0,Arrays
3,0.346115326,0.346115326,0,0,0,0,0,Node
2,0.483652906,0.483652906,0,0,0,0,0,Collections
2,0.298687111,0.298687111,0,0,0,0,0,Class
1,0.239087251,0.239087251,0,0,0,0,0,File
1,0.398009377,0.398009377,0,0,0,0,0,Iterator
0,0.221592261,0.221592261,0,0,0,0,0,JFrame
5,0.346942747,0.346942747,0,0,0,0,0,ArrayList
4,0.760861747,0.760861747,0,0,0,0,0,Point
4,0.366236546,0.366236546,0,0,0,0,0,Arrays
10,0.80616046,0.80616046,1,0,0,0,0,Polygon
3,0.335622067,0.335622067,0,0,0,0,0,Algorithm
2,0.457314993,0.457314993,0,0,0,0,0,Graphics
2,0.691947913,0.691947913,0,0,0,0,0,Rectangle
1,0.420864961,0.420864961,0,0,0,0,0,Color
1,0.200705406,0.200705406,0,0,0,0,0,JFrame
0,0.260437151,0.260437151,0,0,0,0,0,JPanel
10,0.612095317,0.612095317,1,0,0,0,0,Object
4,0.664258377,0.664258377,0,0,0,0,0,ArrayList
4,0.636059575,0.636059575,0,0,0,0,0,Arrays
3,0.485783168,0.485783168,0,0,0,0,0,Collections
3,0.405006362,0.405006362,0,0,0,0,0,Map
2,0.634833027,0.634833027,0,0,0,0,0,Comparator
2,0.373505666,0.373505666,0,0,0,0,0,Class
1,0.356362887,0.356362887,0,0,0,0,0,HashMap
1,0.58055059,0.58055059,0,0,0,0,0,Properties
0,0.198056124,0.198056124,0,0,0,0,0,File
5,0.411872251,0.411872251,0,0,0,0,0,JFrame
4,0.463559516,0.463559516,0,0,0,0,0,JPanel
4,0.312759107,0.312759107,0,0,0,0,0,JButton
3,0.234942534,0.234942534,0,0,0,0,0,ActionEvent
3,0.307504762,0.307504762,0,0,0,0,0,Color
10,0.363026998,0.363026998,1,0,0,0,0,CardLayout
2,0.47291534,0.47291534,0,0,0,0,0,BorderLayout
1,0.354776429,0.354776429,0,0,0,0,0,Dimension
1,0.354707375,0.354707375,0,0,0,0,0,JLabel
0,0.256876025,0.256876025,0,0,0,0,0,SwingUtilities
5,0.293151193,0.293151193,0,0,0,0,0,Object
4,0.62434411,0.62434411,0,0,0,0,0,Function
4,0.335123918,0.335123918,0,0,0,0,0,Class
3,0.397080994,0.397080994,0,0,0,0,0,JavaConversions
3,0.267515001,0.267515001,0,0,0,0,0,ArrayList
2,0.240572113,0.240572113,0,0,0,0,0,Map
2,0.25256789,0.25256789,0,0,0,0,0,Int
1,0.247362046,0.247362046,0,0,0,0,0,Arrays
1,0.734696097,0.734696097,0,0,0,0,0,Seq
0,0.10960351,0.10960351,0,0,0,0,0,Unit
10,0.42530284,0.42530284,1,0,0,0,0,BigDecimal
4,0.407989136,0.407989136,0,0,0,0,0,NumberFormat
4,0.433815606,0.433815606,0,0,0,0,0,BigInteger
3,0.104330112,0.104330112,0,0,0,0,0,Locale
3,0.514096013,0.514096013,0,0,0,0,0,DecimalFormat
2,0.282535041,0.282535041,0,0,0,0,0,MyBigDecimal
2,0.266462929,0.266462929,0,0,0,0,0,Object
1,0.335398334,0.335398334,0,0,0,0,0,ArrayList
1,0.282759763,0.282759763,0,0,0,0,0,ParseException
0,0.374859438,0.374859438,0,0,0,0,0,RoundingMode
9,0.475978276,0.475978276,0,1,0,0,0,JLabel
4,0.43890036,0.43890036,0,0,0,0,0,JPanel
4,0.573865449,0.573865449,0,0,0,0,0,BorderLayout
3,0.327273995,0.327273995,0,0,0,0,0,JFrame
10,0.345557486,0.345557486,1,0,0,0,0,SwingConstants
2,0.406266995,0.406266995,0,0,0,0,0,Dimension
2,0.50611827,0.50611827,0,0,0,0,0,Color
1,0.601415307,0.601415307,0,0,0,0,0,TextView
1,0.270004153,0.270004153,0,0,0,0,0,File
0,0.056838096,0.056838096,0,0,0,0,0,IOException
10,0.437410114,0.437410114,1,0,0,0,0,BufferedImage
4,0.48406441,0.48406441,0,0,0,0,0,Graphics
4,0.690242785,0.690242785,0,0,0,0,0,Color
3,0.341570011,0.341570011,0,0,0,0,0,ImageIO
3,0.472950461,0.472950461,0,0,0,0,0,Object
2,0.286649695,0.286649695,0,0,0,0,0,File
2,0.639726712,0.639726712,0,0,0,0,0,ArrayList
1,0.721986357,0.721986357,0,0,0,0,0,Arrays
1,0.3286555,0.3286555,0,0,0,0,0,Map
0,0.267223071,0.267223071,0,0,0,0,0,AffineTransform
5,0.688848985,0.688848985,0,0,0,0,0,Object
4,0.632234547,0.632234547,0,0,0,0,0,ArrayList
6,0.430318357,0.430318357,0,0,0,0,0.648208826,Class
3,0.710219771,0.710219771,0,0,0,0,0,Arrays
3,0.329301458,0.329301458,0,0,0,0,0,Map
2,0.302049378,0.302049378,0,0,0,0,0,HashMap
2,0.147320908,0.147320908,0,0,0,0,0,Test
1,0.164096642,0.164096642,0,0,0,0,0,Foo
1,0.136925784,0.136925784,0,0,0,0,0,IOException
0,0.599933764,0.599933764,0,0,0,0,0,Accept
5,0.7525697,0.7525697,0,0,0,0,0,Area
4,0.485621075,0.485621075,0,0,0,0,0,BufferedImage
4,0.469901875,0.469901875,0,0,0,0,0,Color
10,0.537689321,0.537689321,1,0,0,0,0,Graphics
3,0.497362544,0.497362544,0,0,0,0,0,OneRing
2,0.321303769,0.321303769,0,0,0,0,0,JPanel
2,0.34898941,0.34898941,0,0,0,0,0,JFrame
1,0.337269337,0.337269337,0,0,0,0,0,File
1,0.62172537,0.62172537,0,0,0,0,0,Rectangle
0,0.506194414,0.506194414,0,0,0,0,0,ShapeCollision
10,0.437239642,0.437239642,1,0,0,0,0,Calendar
4,0.451165927,0.451165927,0,0,0,0,0,Object
4,0.536630983,0.536630983,0,0,0,0,0,Arrays
3,0.073508794,0.073508794,0,0,0,0,0,Candidate
3,0.496945445,0.496945445,0,0,0,0,0,ArrayList
2,0.464606274,0.464606274,0,0,0,0,0,HexNumber
2,0.384474736,0.384474736,0,0,0,0,0,GregorianCalendar
1,0.299155788,0.299155788,0,0,0,0,0,Map
1,0.210960138,0.210960138,0,0,0,0,0,Matchers
0,0.31448938,0.31448938,0,0,0,0,0,HashMap
5,0.46649561,0.46649561,0,0,0,0,0,Collections
4,0.598324051,0.598324051,0,0,0,0,0,ArrayList
10,0.486500239,0.486500239,1,0,0,0,0,Arrays
3,0.403218578,0.403218578,0,0,0,0,0,Map
3,0.458921349,0.458921349,0,0,0,0,0,Comparator
2,0.397175734,0.397175734,0,0,0,0,0,Object
2,0.023140172,0.023140172,0,0,0,0,0,Testdata
1,0.320773961,0.320773961,0,0,0,0,0,HashSet
1,0.143022642,0.143022642,0,0,0,0,0,Pattern
0,0.249728848,0.249728848,0,0,0,0,0,Set
5,0.370848729,0.370848729,0,0,0,0,0,SimpleDateFormat
6,0.806172882,0.806172882,0,0,0,0,0.662593109,DateFormat
4,0.473238565,0.473238565,0,0,0,0,0,Calendar
3,0.41952607,0.41952607,0,0,0,0,0,ParseException
3,0.301622561,0.301622561,0,0,0,0,0,Object
2,0.171864873,0.171864873,0,0,0,0,0,Locale
2,0.300193755,0.300193755,0,0,0,0,0,ArrayList
1,0.569191348,0.569191348,0,0,0,0,0,DecimalFormat
1,0.152004258,0.152004258,0,0,0,0,0,IOException
0,0.18875801,0.18875801,0,0,0,0,0,File
10,0.370562395,0.370562395,1,0,0,0,0,BufferedImage
4,0.35197086,0.35197086,0,0,0,0,0,Color
4,0.303766976,0.303766976,0,0,0,0,0,Graphics
3,0.446919398,0.446919398,0,0,0,0,0,ImageView
3,0.288157231,0.288157231,0,0,0,0,0,JPanel
2,0.18814681,0.18814681,0,0,0,0,0,LinearLayout
2,0.214686837,0.214686837,0,0,0,0,0,ArrayList
1,0.106231672,0.106231672,0,0,0,0,0,Auto
1,0.274955683,0.274955683,0,0,0,0,0,JFrame
0,0.345407732,0.345407732,0,0,0,0,0,ImageIO
5,0.611728837,0.611728837,0,0,0,0,0,Object
4,0.422309108,0.422309108,0,0,0,0,0,ArrayList
4,0.398643213,0.398643213,0,0,0,0,0,Class
3,0.132726456,0.132726456,0,0,0,0,0,PropertyValueFactory
3,0.34171217,0.34171217,0,0,0,0,0,IOException
2,0.307094887,0.307094887,0,0,0,0,0,Change
2,0.137143579,0.137143579,0,0,0,0,0,Test
1,0.407708149,0.407708149,0,0,0,0,0,ObjectOutputStream
1,0.275237339,0.275237339,0,0,0,0,0,Map
0,0.210385284,0.210385284,0,0,0,0,0,FileOutputStream
5,0.431221076,0.431221076,0,0,0,0,0,Object
6,0.606100948,0.606100948,0,0,0,0,0.642456924,ArrayList
4,0.486234609,0.486234609,0,0,0,0,0,Arrays
3,0.364202351,0.364202351,0,0,0,0,0,Class
3,0.34733753,0.34733753,0,0,0,0,0,Function
2,0.263405608,0.263405608,0,0,0,0,0,Collectors
2,0.414783302,0.414783302,0,0,0,0,0,Map
1,0.511069292,0.511069292,0,0,0,0,0,Collections
1,0.348109037,0.348109037,0,0,0,0,0,HashMap
0,0.174569835,0.174569835,0,0,0,0,0,File
5,0.352871318,0.352871318,0,0,0,0,0,BufferedReader
4,0.16013636,0.16013636,0,0,0,0,0,HttpURLConnection
4,0.265517553,0.265517553,0,0,0,0,0,File
3,0.176340208,0.176340208,0,0,0,0,0,IOException
3,0.34556799,0.34556799,0,0,0,0,0,FileReader
2,0.319871732,0.319871732,0,0,0,0,0,InputStream
2,0.244723867,0.244723867,0,0,0,0,0,Object
1,0.343994329,0.343994329,0,0,0,0,0,ArrayList
1,0.292865976,0.292865976,0,0,0,0,0,FileInputStream
0,0.220639412,0.220639412,0,0,0,0,0,Activity
10,0.538288866,0.538288866,1,0,0,0,0,Object
4,0.407725721,0.407725721,0,0,0,0,0,ArrayList
4,0.49825002,0.49825002,0,0,0,0,0,Class
3,0.196642965,0.196642965,0,0,0,0,0,Test
3,0.206313494,0.206313494,0,0,0,0,0,Foo
2,0.247735935,0.247735935,0,0,0,0,0,Map
2,0.335391002,0.335391002,0,0,0,0,0,Activity
1,0.114349542,0.114349542,0,0,0,0,0,IOException
1,0.373819454,0.373819454,0,0,0,0,0,MyClass
0,0.261438557,0.261438557,0,0,0,0,0,File
5,0.635778375,0.635778375,0,0,0,0,0,File
9,0.341792626,0.341792626,0,1,0,0,0,Class
4,0.126773961,0.126773961,0,0,0,0,0,IOException
3,0.190901573,0.190901573,0,0,0,0,0,Java
3,0.263724122,0.263724122,0,0,0,0,0,InputStream
2,0.270827873,0.270827873,0,0,0,0,0,Main
2,0.310713129,0.310713129,0,0,0,0,0,ArrayList
1,0.436095239,0.436095239,0,0,0,0,0,FileInputStream
1,0.270792954,0.270792954,0,0,0,0,0,Object
0,0.321629405,0.321629405,0,0,0,0,0,Path
5,0.644855598,0.644855598,0,0,0,0,0,ArrayList
4,0.673416918,0.673416918,0,0,0,0,0,Object
4,0.519255718,0.519255718,0,0,0,0,0,Arrays
8,0.400236584,0.400236584,0,0,1,0,0,HashMap
3,0.442751109,0.442751109,0,0,0,0,0,Map
2,0.514429833,0.514429833,0,0,0,0,0,LinkedList
2,0.397650763,0.397650763,0,0,0,0,0,Class
1,0.522840325,0.522840325,0,0,0,0,0,Collections
1,0.225617523,0.225617523,0,0,0,0,0,JFrame
0,0.259881582,0.259881582,0,0,0,0,0,JPanel
5,0.348586658,0.348586658,0,0,0,0,0,Element
4,0.274577414,0.274577414,0,0,0,0,0,BodyPart
4,0.418642145,0.418642145,0,0,0,0,0,Jsoup
3,0.295426621,0.295426621,0,0,0,0,0,PreparedStatement
3,0.305061176,0.305061176,0,0,0,0,0,Object
2,0.242124733,0.242124733,0,0,0,0,0,Alias
2,0.371374967,0.371374967,0,0,0,0,0,ArrayList
1,0.331781661,0.331781661,0,0,0,0,0,Arrays
1,0.384990107,0.384990107,0,0,0,0,0,Document
0,0.709928999,0.709928999,0,0,0,0,0,Table
5,0.262342569,0.262342569,0,0,0,0,0,BitmapLoaderRunnable
4,0.094513527,0.094513527,0,0,0,0,0,Object
10,0.30731199,0.30731199,1,0,0,0,0,ThreadPoolExecutor
3,0.149406675,0.149406675,0,0,0,0,0,JFrame
3,0.163711614,0.163711614,0,0,0,0,0,TimeUnit
2,0.384065655,0.384065655,0,0,0,0,0,PriorityQueue
2,0.090507559,0.090507559,0,0,0,0,0,ArrayList
1,0.411858682,0.411858682,0,0,0,0,0,ExecutorService
1,0.347579232,0.347579232,0,0,0,0,0,BlockingQueue
0,0.131892236,0.131892236,0,0,0,0,0,JPanel
5,0.390338959,0.390338959,0,0,0,0,0,Object
4,0.441927356,0.441927356,0,0,0,0,0,Arrays
4,0.441622966,0.441622966,0,0,0,0,0,Matcher
3,0.309694233,0.309694233,0,0,0,0,0,HashSet
3,0.243207669,0.243207669,0,0,0,0,0,Pattern
2,0.450306239,0.450306239,0,0,0,0,0,ArrayList
2,0.599373085,0.599373085,0,0,0,0,0,Class
1,0.280623999,0.280623999,0,0,0,0,0,Map
1,0.170900661,0.170900661,0,0,0,0,0,Test
0,0.33133074,0.33133074,0,0,0,0,0,ByteArrayInputStream
5,0.595407079,0.595407079,0,0,0,0,0,Map
4,0.405154723,0.405154723,0,0,0,0,0,ArrayList
4,0.467250517,0.467250517,0,0,0,0,0,HashMap
3,0.639320743,0.639320743,0,0,0,0,0,Pair
3,0.180816213,0.180816213,0,0,0,0,0,IOException
2,0.305442933,0.305442933,0,0,0,0,0,Object
2,0.267036153,0.267036153,0,0,0,0,0,BufferedReader
1,0.246360407,0.246360407,0,0,0,0,0,File
1,0.165952325,0.165952325,0,0,0,0,0,Set
0,0.202504984,0.202504984,0,0,0,0,0,Class
5,0.271854729,0.271854729,0,0,0,0,0,BufferedReader
4,0.657782885,0.657782885,0,0,0,0,0,Console
4,0.22587307,0.22587307,0,0,0,0,0,Main
3,0.327979906,0.327979906,0,0,0,0,0,InputStreamReader
3,0.082168902,0.082168902,0,0,0,0,0,IOException
2,0.31159014,0.31159014,0,0,0,0,0,Scanner
2,0.306032289,0.306032289,0,0,0,0,0,File
1,0.295562805,0.295562805,0,0,0,0,0,PrintStream
1,0.261123532,0.261123532,0,0,0,0,0,Enter
0,0.287497205,0.287497205,0,0,0,0,0,InputStream
10,0.694520877,0.694520877,1,0,0,0,0,Class
4,0.542903323,0.542903323,0,0,0,0,0,Object
4,0.417903557,0.417903557,0,0,0,0,0,ArrayList
3,0.314482587,0.314482587,0,0,0,0,0,Map
3,0.402950125,0.402950125,0,0,0,0,0,Collections
2,0.402950125,0.402950125,0,0,0,0,0,Collection
2,0.290031025,0.290031025,0,0,0,0,0,HashMap
1,0.214175281,0.214175281,0,0,0,0,0,Foo
1,0.209710438,0.209710438,0,0,0,0,0,Test
0,0.088418817,0.088418817,0,0,0,0,0,Bar
10,0.218385638,0.218385638,1,0,0,0,0,Pattern
4,0.357146869,0.357146869,0,0,0,0,0,Matcher
4,0.491598506,0.491598506,0,0,0,0,0,ArrayList
3,0.293298492,0.293298492,0,0,0,0,0,HashMap
3,0.495117344,0.495117344,0,0,0,0,0,Arrays
2,0.316354171,0.316354171,0,0,0,0,0,Map
2,0.394722573,0.394722573,0,0,0,0,0,Object
1,0.129378814,0.129378814,0,0,0,0,0,Test
1,0.059347917,0.059347917,0,0,0,0,0,IOException
0,0.198344781,0.198344781,0,0,0,0,0,BorderLayout
5,0.324819603,0.324819603,0,0,0,0,0,JPanel
4,0.456501041,0.456501041,0,0,0,0,0,Color
4,0.206248575,0.206248575,0,0,0,0,0,JTextField
3,0.469314589,0.469314589,0,0,0,0,0,BorderFactory
3,0.250969288,0.250969288,0,0,0,0,0,JFrame
2,0.363590038,0.363590038,0,0,0,0,0,JLabel
2,0.24206225,0.24206225,0,0,0,0,0,Object
10,0.252387736,0.252387736,1,0,0,0,0,JComponent
1,0.212638407,0.212638407,0,0,0,0,0,ActionEvent
0,0.605342984,0.605342984,0,0,0,0,0,Set
5,0.398724927,0.398724927,0,0,0,0,0,BufferedImage
4,0.272775394,0.272775394,0,0,0,0,0,Graphics
4,0.279242274,0.279242274,0,0,0,0,0,JFrame
3,0.262367767,0.262367767,0,0,0,0,0,File
3,0.286852585,0.286852585,0,0,0,0,0,JPanel
2,0.377707794,0.377707794,0,0,0,0,0,ImageIO
2,0.362972066,0.362972066,0,0,0,0,0,Color
1,0.275862866,0.275862866,0,0,0,0,0,IOException
1,0.254062201,0.254062201,0,0,0,0,0,Object
0,0.587975015,0.587975015,0,0,0,0,0,Image
10,0.316380663,0.316380663,1,0,0,0,0,SimpleDateFormat
4,0.764764662,0.764764662,0,0,0,0,0,DateFormat
4,0.566693859,0.566693859,0,0,0,0,0,DateTimeFormatter
3,0.440622283,0.440622283,0,0,0,0,0,ParseException
3,0.48431887,0.48431887,0,0,0,0,0,Calendar
2,0.183945543,0.183945543,0,0,0,0,0,Locale
2,0.688038369,0.688038369,0,0,0,0,0,DateTimeFormat
1,0.552766343,0.552766343,0,0,0,0,0,DateTime
1,0.208850118,0.208850118,0,0,0,0,0,Document
0,0.312727004,0.312727004,0,0,0,0,0,ArrayList
5,0.382768717,0.382768717,0,0,0,0,0,BigDecimal
4,0.417424697,0.417424697,0,0,0,0,0,ArrayList
4,0.360647247,0.360647247,0,0,0,0,0,JPanel
3,0.553242993,0.553242993,0,0,0,0,0,BorderLayout
3,0.438707324,0.438707324,0,0,0,0,0,Color
2,0.262987824,0.262987824,0,0,0,0,0,JFrame
2,0.193864674,0.193864674,0,0,0,0,0,MathContext
1,0.387573708,0.387573708,0,0,0,0,0,RoundingMode
1,0.099017311,0.099017311,0,0,0,0,0,Test
0,0.296613479,0.296613479,0,0,0,0,0,JSplitPane
9,0.224538174,0.224538174,0,1,0,0,0,SimpleDateFormat
4,0.596084241,0.596084241,0,0,0,0,0,DateFormat
4,0.278449945,0.278449945,0,0,0,0,0,Object
3,0.436842927,0.436842927,0,0,0,0,0,Calendar
3,0.515292701,0.515292701,0,0,0,0,0,DateTime
2,0.266711118,0.266711118,0,0,0,0,0,ArrayList
2,0.135471939,0.135471939,0,0,0,0,0,Class
1,0.182413532,0.182413532,0,0,0,0,0,AIzaSyBcTxeirTSzthVlMal
1,0.136658182,0.136658182,0,0,0,0,0,File
0,0.118273561,0.118273561,0,0,0,0,0,IOException
5,0.212834076,0.212834076,0,0,0,0,0,ActionEvent
4,0.23770345,0.23770345,0,0,0,0,0,ActionListener
4,0.213072943,0.213072943,0,0,0,0,0,Username
3,0.425969025,0.425969025,0,0,0,0,0,BorderLayout
3,0.372640107,0.372640107,0,0,0,0,0,JPanel
2,0.59779837,0.59779837,0,0,0,0,0,CardLayout
2,0.407904115,0.407904115,0,0,0,0,0,ArrayList
1,0.66012205,0.66012205,0,0,0,0,0,Card
1,0.319064328,0.319064328,0,0,0,0,0,JFrame
0,0.40374525,0.40374525,0,0,0,0,0,Object
5,0.215466231,0.215466231,0,0,0,0,0,Pattern
4,0.447917691,0.447917691,0,0,0,0,0,Arrays
4,0.27199959,0.27199959,0,0,0,0,0,Map
8,0.279336427,0.279336427,0,0,1,0,0,Charset
3,0.387862393,0.387862393,0,0,0,0,0,Object
2,0.606936427,0.606936427,0,0,0,0,0,Set
2,0.465229607,0.465229607,0,0,0,0,0,ArrayList
1,0.265804745,0.265804745,0,0,0,0,0,HashMap
1,0.275231226,0.275231226,0,0,0,0,0,Matcher
0,0.132909415,0.132909415,0,0,0,0,0,BufferedReader
9,0.196748549,0.196748549,0,1,0,0,0.652554481,Pattern
4,0.33265731,0.33265731,0,0,0,0,0,Matcher
4,0.486069131,0.486069131,0,0,0,0,0,Arrays
3,0.480867973,0.480867973,0,0,0,0,0,ArrayList
3,0.481361918,0.481361918,0,0,0,0,0,StringTokenizer
2,0.102368011,0.102368011,0,0,0,0,0,Test
2,0.599659109,0.599659109,0,0,0,0,0,Scanner
1,0.412164551,0.412164551,0,0,0,0,0,Object
1,0.269693403,0.269693403,0,0,0,0,0,Map
0,0.730016061,0.730016061,0,0,0,0,0,Split
5,0.587281938,0.587281938,0,0,0,0,0,ArrayList
4,0.449652922,0.449652922,0,0,0,0,0,Object
10,0.668512085,0.668512085,1,0,0,0,0,Arrays
3,0.288403642,0.288403642,0,0,0,0,0,Scanner
3,0.199301367,0.199301367,0,0,0,0,0,BufferedReader
2,0.29785093,0.29785093,0,0,0,0,0,HashMap
2,0.288885154,0.288885154,0,0,0,0,0,Map
1,0.218616137,0.218616137,0,0,0,0,0,File
1,0.168547496,0.168547496,0,0,0,0,0,IOException
0,0.396017565,0.396017565,0,0,0,0,0,InputStream
5,0.615193259,0.615193259,0,0,0,0,0,File
4,0.618506588,0.618506588,0,0,0,0,0,Program
4,0.210142843,0.210142843,0,0,0,0,0,IOException
3,0.215987641,0.215987641,0,0,0,0,0,Java
3,0.615193259,0.615193259,0,0,0,0,0,Files
2,0.234776713,0.234776713,0,0,0,0,0,BufferedReader
2,0.245309893,0.245309893,0,0,0,0,0,InputStream
1,0.354862893,0.354862893,0,0,0,0,0,Main
1,0.156782814,0.156782814,0,0,0,0,0,ArrayList
0,0.26131258,0.26131258,0,0,0,0,0,InputStreamReader
5,0.328163781,0.328163781,0,0,0,0,0,AffineTransform
4,0.431010341,0.431010341,0,0,0,0,0,Graphics
4,0.306112896,0.306112896,0,0,0,0,0,BasicStroke
3,0.327739485,0.327739485,0,0,0,0,0,JPanel
3,0.667063191,0.667063191,0,0,0,0,0,Point
2,0.307262281,0.307262281,0,0,0,0,0,BufferedImage
2,0.342018212,0.342018212,0,0,0,0,0,Color
1,0.699102355,0.699102355,0,0,0,0,0,Polygon
1,0.286261818,0.286261818,0,0,0,0,0,JFrame
0,0.315090989,0.315090989,0,0,0,0,0,ArrayList
5,0.480146543,0.480146543,0,0,0,0,0,ImageIcon
10,0.40481001,0.40481001,1,0,0,0,0,JLabel
4,0.287868887,0.287868887,0,0,0,0,0,File
3,0.339593633,0.339593633,0,0,0,0,0,JFrame
3,0.38364461,0.38364461,0,0,0,0,0,BufferedImage
2,0.422137117,0.422137117,0,0,0,0,0,ImageIO
2,0.394986278,0.394986278,0,0,0,0,0,JPanel
1,0.598544732,0.598544732,0,0,0,0,0,Image
1,0.384193395,0.384193395,0,0,0,0,0,Graphics
0,0.41678799,0.41678799,0,0,0,0,0,BorderLayout
5,0.202597139,0.202597139,0,0,0,0,0,DefaultListModel
4,0.30225435,0.30225435,0,0,0,0,0,JList
4,0.336099482,0.336099482,0,0,0,0,0,Object
3,0.23264345,0.23264345,0,0,0,0,0,File
3,0.442198584,0.442198584,0,0,0,0,0,ArrayList
2,0.219318815,0.219318815,0,0,0,0,0,HashMap
2,0.246433418,0.246433418,0,0,0,0,0,Map
1,0.131735678,0.131735678,0,0,0,0,0,IOException
1,0.242725869,0.242725869,0,0,0,0,0,ActionEvent
0,0.252999252,0.252999252,0,0,0,0,0,JFrame
5,0.540864535,0.540864535,0,0,0,0,0,ByteBuffer
4,0.48936895,0.48936895,0,0,0,0,0,Charset
4,0.341652977,0.341652977,0,0,0,0,0,InputStream
3,0.262548095,0.262548095,0,0,0,0,0,InputStreamReader
3,0.115639886,0.115639886,0,0,0,0,0,IOException
2,0.573710152,0.573710152,0,0,0,0,0,ByteArrayInputStream
2,0.259170337,0.259170337,0,0,0,0,0,ArrayList
1,0.305606592,0.305606592,0,0,0,0,0,File
1,0.2711792,0.2711792,0,0,0,0,0,Arrays
0,0.573710152,0.573710152,0,0,0,0,0,ByteArrayOutputStream
5,0.362084528,0.362084528,0,0,0,0,0,Comparator
4,0.311291264,0.311291264,0,0,0,0,0,Collections
4,0.344360592,0.344360592,0,0,0,0,0,ArrayList
3,0.310897976,0.310897976,0,0,0,0,0,Arrays
3,0.258400857,0.258400857,0,0,0,0,0,Map
2,0.280370507,0.280370507,0,0,0,0,0,Object
2,0.273050311,0.273050311,0,0,0,0,0,TreeMap
1,0.27808915,0.27808915,0,0,0,0,0,HashMap
1,0.238275684,0.238275684,0,0,0,0,0,TreeSet
0,0.149603102,0.149603102,0,0,0,0,0,Set
10,0.631373091,0.631373091,1,0,0,0,0,Random
4,0.170204075,0.170204075,0,0,0,0,0,File
4,0.240523973,0.240523973,0,0,0,0,0,Class
3,0.389090522,0.389090522,0,0,0,0,0,Object
3,0.382235434,0.382235434,0,0,0,0,0,ArrayList
2,0.124599102,0.124599102,0,0,0,0,0,IOException
2,0.131148655,0.131148655,0,0,0,0,0,Ctrl
1,0.19890496,0.19890496,0,0,0,0,0,DatagramSocket
1,0.252992812,0.252992812,0,0,0,0,0,Map
0,0.42507487,0.42507487,0,0,0,0,0,SecureRandom
10,0.658001577,0.658001577,1,0,0,0,0,ArrayList
4,0.444937636,0.444937636,0,0,0,0,0,Object
4,0.367867027,0.367867027,0,0,0,0,0,TreeSet
3,0.404048917,0.404048917,0,0,0,0,0,Comparator
3,0.47372508,0.47372508,0,0,0,0,0,Map
2,0.52922581,0.52922581,0,0,0,0,0,Arrays
2,0.34548592,0.34548592,0,0,0,0,0,HashSet
1,0.196884952,0.196884952,0,0,0,0,0,File
1,0.430331199,0.430331199,0,0,0,0,0,HashMap
0,0.215117884,0.215117884,0,0,0,0,0,Set
5,0.517217081,0.517217081,0,0,0,0,0,ArrayList
4,0.507439733,0.507439733,0,0,0,0,0,Arrays
4,0.440548914,0.440548914,0,0,0,0,0,Object
3,0.145183806,0.145183806,0,0,0,0,0,Pattern
3,0.329894049,0.329894049,0,0,0,0,0,Map
2,0.25994745,0.25994745,0,0,0,0,0,Set
2,0.354915979,0.354915979,0,0,0,0,0,File
1,0.058729532,0.058729532,0,0,0,0,0,IOException
1,0.26220692,0.26220692,0,0,0,0,0,Matcher
0,0.30853249,0.30853249,0,0,0,0,0,Class
5,0.604930075,0.604930075,0,0,0,0,0,File
4,0.303942985,0.303942985,0,0,0,0,0,BufferedReader
4,0.329611804,0.329611804,0,0,0,0,0,InputStream
3,0.128785272,0.128785272,0,0,0,0,0,IOException
3,0.429229699,0.429229699,0,0,0,0,0,FileInputStream
10,0.26362982,0.26362982,1,0,0,0,0,Class
2,0.290723308,0.290723308,0,0,0,0,0,ArrayList
1,0.282073355,0.282073355,0,0,0,0,0,Scanner
1,0.298633777,0.298633777,0,0,0,0,0,Path
0,0.200482846,0.200482846,0,0,0,0,0,Object
5,0.408100975,0.408100975,0,0,0,0,0,Calendar
4,0.152888181,0.152888181,0,0,0,0,0,SimpleDateFormat
10,0.381267242,0.381267242,1,0,0,0,0,LocalDate
3,0.44244761,0.44244761,0,0,0,0,0,Duration
3,0.47410477,0.47410477,0,0,0,0,0,Instant
2,0.267954689,0.267954689,0,0,0,0,0,ArrayList
2,0.313933058,0.313933058,0,0,0,0,0,Timer
1,0.279737885,0.279737885,0,0,0,0,0,BigInteger
1,0.226223703,0.226223703,0,0,0,0,0,Object
0,0.499644907,0.499644907,0,0,0,0,0,DateTime
5,0.606187798,0.606187798,0,0,0,0,0,File
4,0.572520393,0.572520393,0,0,0,0,0,ArrayList
4,0.125732971,0.125732971,0,0,0,0,0,IOException
10,0.26263204,0.26263204,1,0,0,0,0,BufferedReader
3,0.64817487,0.64817487,0,0,0,0,0,Arrays
2,0.419683329,0.419683329,0,0,0,0,0,FileInputStream
2,0.257849455,0.257849455,0,0,0,0,0,Scanner
1,0.422436109,0.422436109,0,0,0,0,0,Object
1,0.346002229,0.346002229,0,0,0,0,0,InputStream
0,0.377989943,0.377989943,0,0,0,0,0,FileReader
5,0.58129244,0.58129244,0,0,0,0,0,ArrayList
10,0.62237487,0.62237487,1,0,0,0,0,Object
4,0.407969146,0.407969146,0,0,0,0,0,Iterator
3,0.460265145,0.460265145,0,0,0,0,0,Collections
3,0.20336863,0.20336863,0,0,0,0,0,Set
2,0.585917828,0.585917828,0,0,0,0,0,Arrays
2,0.31294284,0.31294284,0,0,0,0,0,Map
1,0.27256619,0.27256619,0,0,0,0,0,HashMap
1,0.383112361,0.383112361,0,0,0,0,0,Class
0,0.127935649,0.127935649,0,0,0,0,0,ConcurrentModificationException
5,0.493156389,0.493156389,0,0,0,0,0,HashMap
4,0.517945131,0.517945131,0,0,0,0,0,Map
4,0.502486407,0.502486407,0,0,0,0,0,Object
3,0.553376802,0.553376802,0,0,0,0,0,ArrayList
3,0.238042502,0.238042502,0,0,0,0,0,Set
2,0.678643019,0.678643019,0,0,0,0,0,Key
2,0.51041115,0.51041115,0,0,0,0,0,Collections
1,0.466918401,0.466918401,0,0,0,0,0,KeyEvent
1,0.404764528,0.404764528,0,0,0,0,0,HashSet
0,0.467950493,0.467950493,0,0,0,0,0,Iterator
5,0.293477899,0.293477899,0,0,0,0,0,Object
4,0.135906438,0.135906438,0,0,0,0,0,Document
4,0.251145318,0.251145318,0,0,0,0,0,Arrays
3,0.269471927,0.269471927,0,0,0,0,0,Collectors
3,0.409700931,0.409700931,0,0,0,0,0,Function
2,0.238348568,0.238348568,0,0,0,0,0,Consumer
2,0.259321333,0.259321333,0,0,0,0,0,ArrayList
1,0.269522907,0.269522907,0,0,0,0,0,MapCallback
1,0.24974658,0.24974658,0,0,0,0,0,Pattern
0,0.355568564,0.355568564,0,0,0,0,0,ExecutorService
5,0.367459812,0.367459812,0,0,0,0,0,Collectors
10,0.586370673,0.586370673,1,0,0,0,0,IntStream
4,0.6819193,0.6819193,0,0,0,0,0,Stream
3,0.332117391,0.332117391,0,0,0,0,0,Map
3,0.453657429,0.453657429,0,0,0,0,0,ArrayList
2,0.61940346,0.61940346,0,0,0,0,0,Object
2,0.537393397,0.537393397,0,0,0,0,0,ByteArrayInputStream
1,0.462956771,0.462956771,0,0,0,0,0,Arrays
1,0.328439193,0.328439193,0,0,0,0,0,Comparator
0,0.159139376,0.159139376,0,0,0,0,0,IOException
5,0.550400926,0.550400926,0,0,0,0,0,MouseEvent
4,0.31689029,0.31689029,0,0,0,0,0,JFrame
4,0.381464577,0.381464577,0,0,0,0,0,JPanel
3,0.374913636,0.374913636,0,0,0,0,0,EventObject
3,0.203813003,0.203813003,0,0,0,0,0,SwingUtilities
2,0.365238093,0.365238093,0,0,0,0,0,Point
2,0.522183636,0.522183636,0,0,0,0,0,MouseAdapter
1,0.341116938,0.341116938,0,0,0,0,0,JButton
1,0.611328115,0.611328115,0,0,0,0,0,Component
0,0.292405107,0.292405107,0,0,0,0,0,Graphics
5,0.559646004,0.559646004,0,0,0,0,0,XmlRootElement
4,0.157055798,0.157055798,0,0,0,0,0,JAXBContext
4,0.233171671,0.233171671,0,0,0,0,0,Object
3,0.096582179,0.096582179,0,0,0,0,0,XMLStreamReader
3,0.324010654,0.324010654,0,0,0,0,0,Document
2,0.557632549,0.557632549,0,0,0,0,0,XmlElement
2,0.368118496,0.368118496,0,0,0,0,0,Element
1,0.502579552,0.502579552,0,0,0,0,0,Marshaller
1,0.188369885,0.188369885,0,0,0,0,0,Pattern
0,0.255157609,0.255157609,0,0,0,0,0,File
10,0.672503039,0.672503039,1,0,0,0,0,File
4,0.613533621,0.613533621,0,0,0,0,0,ZipEntry
4,0.47688544,0.47688544,0,0,0,0,0,FileOutputStream
3,0.093706117,0.093706117,0,0,0,0,0,IOException
3,0.776205774,0.776205774,0,0,0,0,0,ZipFile
2,0.624044804,0.624044804,0,0,0,0,0,ZipOutputStream
2,0.25147575,0.25147575,0,0,0,0,0,InputStream
1,0.47688544,0.47688544,0,0,0,0,0,FileInputStream
1,0.672503039,0.672503039,0,0,0,0,0,Files
0,0.2335439,0.2335439,0,0,0,0,0,ArrayList
5,0.67243327,0.67243327,0,0,0,0,0,ArrayList
4,0.712212912,0.712212912,0,0,0,0,0,Object
4,0.484214292,0.484214292,0,0,0,0,0,Collections
3,0.37057676,0.37057676,0,0,0,0,0,Map
3,0.351724609,0.351724609,0,0,0,0,0,Comparator
2,0.327531772,0.327531772,0,0,0,0,0,HashMap
2,0.464094995,0.464094995,0,0,0,0,0,Iterator
1,0.683236178,0.683236178,0,0,0,0,0,Arrays
1,0.431438082,0.431438082,0,0,0,0,0,Class
0,0.322585314,0.322585314,0,0,0,0,0,Set
5,0.322279758,0.322279758,0,0,0,0,0,JFrame
4,0.353176596,0.353176596,0,0,0,0,0,JPopupMenu
4,0.441953155,0.441953155,0,0,0,0,0,MouseEvent
3,0.455630295,0.455630295,0,0,0,0,0,AWTEvent
10,0.41144915,0.41144915,1,0,0,0,0,AWTEventListener
2,0.340695581,0.340695581,0,0,0,0,0,ActionEvent
2,0.486449747,0.486449747,0,0,0,0,0,BorderLayout
1,0.389028608,0.389028608,0,0,0,0,0,JPanel
1,0.367545177,0.367545177,0,0,0,0,0,Clicked
0,0.255019242,0.255019242,0,0,0,0,0,SwingUtilities
10,0.440637254,0.440637254,1,0,0,0,0,BufferedReader
4,0.465658623,0.465658623,0,0,0,0,0,InputStreamReader
4,0.132795706,0.132795706,0,0,0,0,0,IOException
3,0.396404151,0.396404151,0,0,0,0,0,BufferedInputStream
3,0.344603599,0.344603599,0,0,0,0,0,File
2,0.586842124,0.586842124,0,0,0,0,0,Scanner
2,0.400255743,0.400255743,0,0,0,0,0,InputStream
1,0.453085319,0.453085319,0,0,0,0,0,FileReader
1,0.333246781,0.333246781,0,0,0,0,0,ArrayList
0,0.030793967,0.030793967,0,0,0,0,0,Clock
5,0.387262188,0.387262188,0,0,0,0,0,BigInteger
4,0.401304625,0.401304625,0,0,0,0,0,Arrays
4,0.644729544,0.644729544,0,0,0,0,0,Charset
3,0.219558487,0.219558487,0,0,0,0,0,BufferedReader
3,0.399436956,0.399436956,0,0,0,0,0,ArrayList
2,0.229781898,0.229781898,0,0,0,0,0,Map
2,0.66571765,0.66571765,0,0,0,0,0,Hex
1,0.327219806,0.327219806,0,0,0,0,0,Object
1,0.211141223,0.211141223,0,0,0,0,0,Color
0,0.280896374,0.280896374,0,0,0,0,0,HashMap
5,0.144821783,0.144821783,0,0,0,0,0,IOException
4,0.638143363,0.638143363,0,0,0,0,0,File
4,0.320793664,0.320793664,0,0,0,0,0,ArrayList
10,0.438990726,0.438990726,1,0,0,0,0,FileWriter
3,0.431190454,0.431190454,0,0,0,0,0,FileInputStream
2,0.431190454,0.431190454,0,0,0,0,0,FileOutputStream
2,0.355697697,0.355697697,0,0,0,0,0,Object
1,0.278781555,0.278781555,0,0,0,0,0,InputStream
1,0.419766147,0.419766147,0,0,0,0,0,Class
0,0.2648902,0.2648902,0,0,0,0,0,BufferedReader
10,0.437126404,0.437126404,1,0,0,0,0,InputStream
4,0.475264453,0.475264453,0,0,0,0,0,ByteArrayOutputStream
4,0.436652008,0.436652008,0,0,0,0,0,OutputStream
3,0.336522416,0.336522416,0,0,0,0,0,ArrayList
3,0.492286531,0.492286531,0,0,0,0,0,Dimension
2,0.163817154,0.163817154,0,0,0,0,0,IOException
2,0.38531837,0.38531837,0,0,0,0,0,Object
1,0.277582947,0.277582947,0,0,0,0,0,JFrame
1,0.402698589,0.402698589,0,0,0,0,0,InputStreamReader
0,0.376469745,0.376469745,0,0,0,0,0,File
5,0.399616458,0.399616458,0,0,0,0,0,JPanel
4,0.405534815,0.405534815,0,0,0,0,0,BasicStroke
4,0.148847352,0.148847352,0,0,0,0,0,Apply
3,0.775187776,0.775187776,0,0,0,0,0,BorderLayout
3,0.321790171,0.321790171,0,0,0,0,0,JFrame
2,0.310203323,0.310203323,0,0,0,0,0,ArrayAdapter
2,0.292369801,0.292369801,0,0,0,0,0,Bitmap
1,0.506809254,0.506809254,0,0,0,0,0,Color
1,0.296256266,0.296256266,0,0,0,0,0,Composite
0,0.34136423,0.34136423,0,0,0,0,0,Graphics
5,0.668426029,0.668426029,0,0,0,0,0,Component
4,0.312630563,0.312630563,0,0,0,0,0,Color
4,0.358913408,0.358913408,0,0,0,0,0,JFrame
3,0.442925261,0.442925261,0,0,0,0,0,JPanel
3,0.442925261,0.442925261,0,0,0,0,0,JPanels
2,0.262730962,0.262730962,0,0,0,0,0,ActionEvent
2,0.49122659,0.49122659,0,0,0,0,0,BorderLayout
1,0.374855153,0.374855153,0,0,0,0,0,JLabel
1,0.275101721,0.275101721,0,0,0,0,0,ActionListener
0,0.209140528,0.209140528,0,0,0,0,0,File
5,0.617800362,0.617800362,0,0,0,0,0,File
4,0.094687926,0.094687926,0,0,0,0,0,IOException
4,0.287633902,0.287633902,0,0,0,0,0,BufferedReader
3,0.354926368,0.354926368,0,0,0,0,0,ArrayList
3,0.207689752,0.207689752,0,0,0,0,0,Pattern
2,0.419747048,0.419747048,0,0,0,0,0,FileReader
10,0.377695019,0.377695019,1,0,0,0,0,Scanner
1,0.258512364,0.258512364,0,0,0,0,0,Matcher
1,0.347557133,0.347557133,0,0,0,0,0,InputStream
0,0.34827791,0.34827791,0,0,0,0,0,Arrays
10,0.352679301,0.352679301,1,0,0,0,0,Object
4,0.291702096,0.291702096,0,0,0,0,0,ArrayList
4,0.470973969,0.470973969,0,0,0,0,0,Class
3,0.244049136,0.244049136,0,0,0,0,0,Foo
3,0.078779448,0.078779448,0,0,0,0,0,Base
2,0.255652398,0.255652398,0,0,0,0,0,Arrays
2,0.463261431,0.463261431,0,0,0,0,0,Copy
1,0.142912623,0.142912623,0,0,0,0,0,Map
1,0.110261008,0.110261008,0,0,0,0,0,Bloch
0,0.349900618,0.349900618,0,0,0,0,0,Serializable
5,0.630803523,0.630803523,0,0,0,0,0,Object
4,0.43055891,0.43055891,0,0,0,0,0,ArrayList
10,0.381127392,0.381127392,1,0,0,0,0,LocalDate
3,0.373950235,0.373950235,0,0,0,0,0,Class
3,0.381567854,0.381567854,0,0,0,0,0,Calendar
2,0.31082603,0.31082603,0,0,0,0,0,Map
2,0.142308312,0.142308312,0,0,0,0,0,SimpleDateFormat
1,0.269827434,0.269827434,0,0,0,0,0,HashMap
1,0.266911799,0.266911799,0,0,0,0,0,File
0,0.602880463,0.602880463,0,0,0,0,0,DateTime
5,0.650962035,0.650962035,0,0,0,0,0,Border
4,0.449622497,0.449622497,0,0,0,0,0,BorderFactory
4,0.613532058,0.613532058,0,0,0,0,0,Cursor
3,0.367065149,0.367065149,0,0,0,0,0,JScrollPane
3,0.303676026,0.303676026,0,0,0,0,0,JFrame
2,0.238366064,0.238366064,0,0,0,0,0,JTable
2,0.369834366,0.369834366,0,0,0,0,0,JPanel
1,0.178517846,0.178517846,0,0,0,0,0,AbstractAction
1,0.562882515,0.562882515,0,0,0,0,0,BorderLayout
0,0.341188484,0.341188484,0,0,0,0,0,Dimension
