5,0.588383755,0.588383755,0,0,0,0,0,File
4,0.303107839,0.303107839,0,0,0,0,0,String
4,0.198413714,0.198413714,0,0,0,0,0,System
3,0.310165686,0.310165686,0,0,0,0,0,FileUtils
3,0.274332676,0.274332676,0,0,0,0,0,DirectoryFileFilter
2,0.35982474,0.35982474,0,0,0,0,0,ArrayList
2,0.231005198,0.231005198,0,0,0,0,0,FileNotFoundException
1,0.349534094,0.349534094,0,0,0,0,0,FileVisitResult
1,0.342573883,0.342573883,0,0,0,0,0,List
0,0.097812245,0.097812245,0,0,0,0,0,ContentStreamUpdateRequest
5,0.53352046,0.53352046,0,0,0,0,0,CertInfo
4,0.746890597,0.746890597,0,0,0,0,0,Certificate
4,0.196726191,0.196726191,0,0,0,0,0,Date
3,0.176052837,0.176052837,0,0,0,0,0,String
3,0.877321685,0.877321685,0,0,0,0,0,CertificateGenerator
2,0.27259717,0.27259717,0,0,0,0,0,KeyStore
2,0.188610564,0.188610564,0,0,0,0,0,InputStream
1,0.224834495,0.224834495,0,0,0,0,0,KeyUsage
1,0.150904118,0.150904118,0,0,0,0,0,System
10,0.476974876,0.476974876,1,0,0,0,0,KeyPairGenerator
5,0.400413968,0.400413968,0,0,0,0,0,JimfsFileSystemProvider
4,0.355026427,0.355026427,0,0,0,0,0,FileSystems
10,0.577735809,0.577735809,1,0,0,0,0,Files
8,0.236461412,0.236461412,0,0,1,0,0,Path
3,0.258500497,0.258500497,0,0,0,0,0,String
2,0.166009796,0.166009796,0,0,0,0,0,System
2,0.099550977,0.099550977,0,0,0,0,0,IOException
1,0.489403869,0.489403869,0,0,0,0,0,Date
1,0.577735809,0.577735809,0,0,0,0,0,File
0,0.209948044,0.209948044,0,0,0,0,0,WatchKey
5,0.413804633,0.413804633,0,0,0,0,0,Comparator
10,0.298528605,0.298528605,1,0,0,0,0,Collections
8,0.31922237,0.31922237,0,0,1,0,0,Arrays
3,0.268810119,0.268810119,0,0,0,0,0,String
3,0.023003745,0.023003745,0,0,0,0,0,IVec
2,0.067834524,0.067834524,0,0,0,0,0,System
2,0.352289339,0.352289339,0,0,0,0,0,ArrayList
1,0.247080683,0.247080683,0,0,0,0,0,MyClass
1,0.146060744,0.146060744,0,0,0,0,0,Pojo
0,0.15389109,0.15389109,0,0,0,0,0,Person
5,0.194627306,0.194627306,0,0,0,0,0,String
4,0.087976908,0.087976908,0,0,0,0,0,Override
4,0.184803531,0.184803531,0,0,0,0,0,NetworkOnMainThreadException
3,0.267588584,0.267588584,0,0,0,0,0,AndroidRuntime
3,0.152241174,0.152241174,0,0,0,0,0,Log
2,0.29280851,0.29280851,0,0,0,0,0,MainActivity
2,0.231752565,0.231752565,0,0,0,0,0,JsonCollector
1,0.594808998,0.594808998,0,0,0,0,0,Thread
1,0.178398388,0.178398388,0,0,0,0,0,InetAddress
0,0.457438658,0.457438658,0,0,0,0,0,HttpURLConnection
10,0.465988189,0.465988189,1,0,0,0,0,EntityManager
4,0.240542676,0.240542676,0,0,0,0,0,OneToMany
4,0.657973713,0.657973713,0,0,0,0,0,Entity
3,0.374841697,0.374841697,0,0,0,0,0,PreRemove
3,0.444156871,0.444156871,0,0,0,0,0,EntityListeners
2,0.515794213,0.515794213,0,0,0,0,0,JpaDao
2,0.282660341,0.282660341,0,0,0,0,0,MyDocument
1,0.205373823,0.205373823,0,0,0,0,0,IJpaDao
1,0.214329934,0.214329934,0,0,0,0,0,AclIdentity
0,0.209604534,0.209604534,0,0,0,0,0,String
10,0.632676659,0.632676659,1,0,0,0,0,Currency
4,0.370479648,0.370479648,0,0,0,0,0,Rupee
4,0.17712182,0.17712182,0,0,0,0,0,Locale
3,0.278432074,0.278432074,0,0,0,0,0,String
3,0.595981724,0.595981724,0,0,0,0,0,Country
2,0.1950802,0.1950802,0,0,0,0,0,System
2,0.541393743,0.541393743,0,0,0,0,0,SelectCurrency
1,0.175371433,0.175371433,0,0,0,0,0,ProviderEntity
1,0.111106538,0.111106538,0,0,0,0,0,United
0,0.288482778,0.288482778,0,0,0,0,0,USDollar
5,0.482913877,0.482913877,0,0,0,0,0,DocumentBuilderFactory
4,0.20112455,0.20112455,0,0,0,0,0,DOMSource
4,0.33114289,0.33114289,0,0,0,0,0,String
3,0.708293072,0.708293072,0,0,0,0,0,Document
3,0.367583228,0.367583228,0,0,0,0,0,Element
8,0.363394088,0.363394088,0,0,1,0,0,File
2,0.499740051,0.499740051,0,0,0,0,0,DocumentBuilder
1,0.234182334,0.234182334,0,0,0,0,0,TransformerFactory
1,0.222634234,0.222634234,0,0,0,0,0,StreamResult
0,0.055449172,0.055449172,0,0,0,0,0,System
7,0.718816525,0.718816525,0,0,0,1,0,Date
10,0.206921951,0.206921951,1,0,0,0,0,SimpleDateFormat
4,0.752052785,0.752052785,0,0,0,0,0,Comparator
9,0.494602391,0.494602391,0,1,0,0,0,Calendar
3,0.259863532,0.259863532,0,0,0,0,0,ParseException
2,0.451306477,0.451306477,0,0,0,0,0,String
2,0.091324939,0.091324939,0,0,0,0,0,System
1,0.520920808,0.520920808,0,0,0,0,0,LocalDate
1,0.539602093,0.539602093,0,0,0,0,0,DateValidator
8,0.583916619,0.583916619,0,0,1,0,0,DateFormat
9,0.691023829,0.691023829,0,1,0,0,0,Date
4,0.323614442,0.323614442,0,0,0,0,0,SimpleDateFormat
4,0.65007775,0.65007775,0,0,0,0,0,Converting
3,0.68251042,0.68251042,0,0,0,0,0,String
3,0.589291559,0.589291559,0,0,0,0,0,DecimalFormat
2,0.079755866,0.079755866,0,0,0,0,0,System
2,0.483970418,0.483970418,0,0,0,0,0,PrettyDate
1,0.498785595,0.498785595,0,0,0,0,0,ExtendedDate
1,0.07165729,0.07165729,0,0,0,0,0,ScorpioException
0,0.700111505,0.700111505,0,0,0,0,0,Formats
5,0.097716271,0.097716271,0,0,0,0,0,Gdx
4,0.212019324,0.212019324,0,0,0,0,0,RunnableAction
4,0.240898171,0.240898171,0,0,0,0,0,StdDraw
3,0.129385505,0.129385505,0,0,0,0,0,Weapon
3,0.225687788,0.225687788,0,0,0,0,0,Actions
2,0.205440713,0.205440713,0,0,0,0,0,Tile
2,0.147241876,0.147241876,0,0,0,0,0,UIManager
10,0.345176729,0.345176729,1,0,0,0,0,BufferedImage
9,0.297404432,0.297404432,0,1,0,0,0,Graphics
0,0.29338454,0.29338454,0,0,0,0,0,MyAssets
10,0.703094979,0.703094979,1,0,0,0,0,ServerSocket
9,0.648942247,0.648942247,0,1,0,0,0,Socket
4,0.222257072,0.222257072,0,0,0,0,0,String
3,0.358011961,0.358011961,0,0,0,0,0,HelloServer
3,0.150616454,0.150616454,0,0,0,0,0,HelloInterface
2,0.274278173,0.274278173,0,0,0,0,0,System
2,0.158350456,0.158350456,0,0,0,0,0,IOException
1,0.643892871,0.643892871,0,0,0,0,0,Client
1,0.242199765,0.242199765,0,0,0,0,0,InetSocketAddress
0,0.173432895,0.173432895,0,0,0,0,0,Date
5,0.693076798,0.693076798,0,0,0,0,0,LoadImage
8,0.396908113,0.396908113,0,0,1,0,0,BufferedImage
4,0.344728695,0.344728695,0,0,0,0,0,String
3,0.304384824,0.304384824,0,0,0,0,0,File
3,0.233478153,0.233478153,0,0,0,0,0,FirstIm
2,0.06429455,0.06429455,0,0,0,0,0,Exception
10,0.275316105,0.275316105,1,0,0,0,0,FileOutputStream
1,0.327002552,0.327002552,0,0,0,0,0,IOException
1,0.106526621,0.106526621,0,0,0,0,0,System
0,0.197462353,0.197462353,0,0,0,0,0,PasteImageApplet
5,0.601273016,0.601273016,0,0,0,0,0,NodeList
4,0.293894739,0.293894739,0,0,0,0,0,DocumentBuilderFactory
4,0.653320308,0.653320308,0,0,0,0,0,File
3,0.311281259,0.311281259,0,0,0,0,0,String
3,0.660179577,0.660179577,0,0,0,0,0,Node
2,0.751405454,0.751405454,0,0,0,0,0,XmlNode
2,0.418310009,0.418310009,0,0,0,0,0,XmlException
10,0.386209265,0.386209265,1,0,0,0,0,Document
1,0.157740518,0.157740518,0,0,0,0,0,System
0,0.492894357,0.492894357,0,0,0,0,0,DefaultMutableTreeNode
5,0.833244156,0.833244156,0,0,0,0,0,JsonSerialize
4,0.238811868,0.238811868,0,0,0,0,0,ControlTransaction
4,0.550506277,0.550506277,0,0,0,0,0,TryToSerialize
3,0.444854647,0.444854647,0,0,0,0,0,String
3,0.833244156,0.833244156,0,0,0,0,0,JsonSerializer
2,0.532725411,0.532725411,0,0,0,0,0,JsonProcessingException
2,0.139214779,0.139214779,0,0,0,0,0,Override
1,0.717709332,0.717709332,0,0,0,0,0,Object
1,0.54385216,0.54385216,0,0,0,0,0,JsonGenerator
0,0.273857732,0.273857732,0,0,0,0,0,MyClass
5,0.619804456,0.619804456,0,0,0,0,0,JsonElement
4,0.508004893,0.508004893,0,0,0,0,0,String
10,0.687830199,0.687830199,1,0,0,0,0,JsonObject
3,0,0,0,0,0,0,0,Vins
3,0.25369196,0.25369196,0,0,0,0,0,PointsHolder
2,0.616338515,0.616338515,0,0,0,0,0,JsonNumber
2,0,0,0,0,0,0,0,Vinno
1,0.06354187,0.06354187,0,0,0,0,0,System
9,0.811874489,0.811874489,0,1,0,0,0,JsonArray
0,0,0,0,0,0,0,0,Vin
5,0.348167405,0.348167405,0,0,0,0,0,JPanel
4,0.2920689,0.2920689,0,0,0,0,0,JFrame
10,0.389814214,0.389814214,1,0,0,0,0,BufferedImage
3,0.403516579,0.403516579,0,0,0,0,0,Graphics
3,0.274796819,0.274796819,0,0,0,0,0,String
2,0.27210137,0.27210137,0,0,0,0,0,JLabel
2,0.292537107,0.292537107,0,0,0,0,0,Color
1,0.469053042,0.469053042,0,0,0,0,0,ImageIcon
1,0.228249746,0.228249746,0,0,0,0,0,GameMain
0,0.126746486,0.126746486,0,0,0,0,0,BattleShip
5,0.381845764,0.381845764,0,0,0,0,0,Transport
4,0.323025585,0.323025585,0,0,0,0,0,InternetAddress
10,0.186744259,0.186744259,1,0,0,0,0,Session
3,0.103789482,0.103789482,0,0,0,0,0,String
3,0.335525892,0.335525892,0,0,0,0,0,MimeMessage
7,0.378897145,0.378897145,0,0,0,1,0,Message
2,0.331799968,0.331799968,0,0,0,0,0,SMTPTransport
1,0.090943753,0.090943753,0,0,0,0,0,SMTPAddressFailedException
1,0.324992526,0.324992526,0,0,0,0,0,MessagingException
0,0.151574148,0.151574148,0,0,0,0,0,System
10,0.586540004,0.586540004,0.747593818,0,0,0,0,Header
4,0.255099741,0.255099741,0,0,0,0,0,String
4,0.413843,0.413843,0,0,0,0,0,RestAPIHeader
3,0.257949316,0.257949316,0,0,0,0,0,HttpPost
3,0.23866031,0.23866031,0,0,0,0,0,HttpEntity
2,0.162182395,0.162182395,0,0,0,0,0,Date
2,0.161153927,0.161153927,0,0,0,0,0,InputStream
1,0.073117615,0.073117615,0,0,0,0,0,MultiValueMap
1,0.282850617,0.282850617,0,0,0,0,0,HttpResponse
0,0.1217782,0.1217782,0,0,0,0,0,System
5,0.502869775,0.502869775,0,0,0,0,0,PdfReader
10,0.478147261,0.478147261,1,0,0,0,0,PdfWriter
4,0.399512602,0.399512602,0,0,0,0,0,PdfCleanUpProcessor
3,0.356753069,0.356753069,0,0,0,0,0,String
3,0.413098941,0.413098941,0,0,0,0,0,PdfCleanUpLocation
2,0.726729671,0.726729671,0,0,0,0,0,Paragraph
2,0.375954644,0.375954644,0,0,0,0,0,DocumentException
1,0.301296563,0.301296563,0,0,0,0,0,FileOutputStream
1,0.363030081,0.363030081,0,0,0,0,0,PdfStamper
9,0.485558034,0.485558034,0,1,0,0,0,Document
10,0.587882765,0.587882765,1,0,0,0,0,PdfReader
4,0.635856886,0.635856886,0,0,0,0,0,PdfContentByte
9,0.435939287,0.435939287,0,1,0,0,0,PdfStamper
3,0.400179332,0.400179332,0,0,0,0,0,ColumnText
3,0.278646987,0.278646987,0,0,0,0,0,String
2,0.391814789,0.391814789,0,0,0,0,0,BaseFont
2,0.533741621,0.533741621,0,0,0,0,0,Paragraph
1,0.311349157,0.311349157,0,0,0,0,0,Rectangle
1,0.22049372,0.22049372,0,0,0,0,0,Element
0,0.329773102,0.329773102,0,0,0,0,0,FileOutputStream
5,0.440711451,0.440711451,0,0,0,0,0,PdfReader
4,0.662774447,0.662774447,0,0,0,0,0,Bookmark
4,0.255769219,0.255769219,0,0,0,0,0,String
3,0.21268412,0.21268412,0,0,0,0,0,PDOutlineItem
10,0.476861941,0.476861941,1,0,0,0,0,PdfOutline
2,0.251401886,0.251401886,0,0,0,0,0,List
2,0.30579563,0.30579563,0,0,0,0,0,PdfStamper
1,0.662774447,0.662774447,0,0,0,0,0,Bookmarks
1,0.618692488,0.618692488,0,0,0,0,0,Document
0,0.089211337,0.089211337,0,0,0,0,0,System
5,0.201524894,0.201524894,0,0,0,0,0,String
4,0.214719352,0.214719352,0,0,0,0,0,InputStream
4,0.134006778,0.134006778,0,0,0,0,0,System
3,0.205189625,0.205189625,0,0,0,0,0,MyCallbackInterface
3,0.317244677,0.317244677,0,0,0,0,0,IOException
2,0.42077337,0.42077337,0,0,0,0,0,DownloadWebpageTask
2,0.15191188,0.15191188,0,0,0,0,0,URLConnection
1,0.4539872,0.4539872,0,0,0,0,0,HtmlPage
1,0.219082685,0.219082685,0,0,0,0,0,WebClient
0,0.117561357,0.117561357,0,0,0,0,0,AndroidRuntime
10,0.500081815,0.500081815,1,0,0,0,0,InetAddress
4,0.398480658,0.398480658,0,0,0,0,0,NetworkInterface
4,0.270462448,0.270462448,0,0,0,0,0,System
3,0.102344053,0.102344053,0,0,0,0,0,RegQueryValueEx
3,0.228598224,0.228598224,0,0,0,0,0,String
2,0.319239302,0.319239302,0,0,0,0,0,MultiThreadServer
2,0.206274453,0.206274453,0,0,0,0,0,RegOpenKey
1,0.200691247,0.200691247,0,0,0,0,0,Enumeration
1,0.283983788,0.283983788,0,0,0,0,0,Socket
0,0.239640134,0.239640134,0,0,0,0,0,RegCloseKey
5,0.733392881,0.733392881,0,0,0,0,0,AlgorithmIdentifier
4,0.404477125,0.404477125,0,0,0,0,0,String
4,0.545736497,0.545736497,0,0,0,0,0,ActivityIdentifier
3,0.70807769,0.70807769,0,0,0,0,0,ObjectIdentifier
3,0.166635661,0.166635661,0,0,0,0,0,VeriSign
2,0.221672539,0.221672539,0,0,0,0,0,Certificate
2,0.151084674,0.151084674,0,0,0,0,0,Criticality
1,0.075722748,0.075722748,0,0,0,0,0,TLSv
1,0.199164475,0.199164475,0,0,0,0,0,ContentSigner
0,0.075186538,0.075186538,0,0,0,0,0,System
8,0.64240624,0.64240624,0,0,1,0,0,Date
9,0.280381099,0.280381099,0,1,0,0,0,SimpleDateFormat
4,0.378052678,0.378052678,0,0,0,0,0,String
3,0.097777253,0.097777253,0,0,0,0,0,System
3,0.438318568,0.438318568,0,0,0,0,0,PrettyDate
2,0.443926364,0.443926364,0,0,0,0,0,ExtendedDate
2,0.026459485,0.026459485,0,0,0,0,0,Atmosphere
1,0.362066665,0.362066665,0,0,0,0,0,DateTimeFormatter
1,0.270286421,0.270286421,0,0,0,0,0,FinalField
0,0.070144746,0.070144746,0,0,0,0,0,ScorpioException
5,0.160841166,0.160841166,0,0,0,0,0,Mat
4,0.011575613,0.011575613,0,0,0,0,0,Highgui
9,0.703524316,0.703524316,0,1,0,0,0,Locale
3,0.444679509,0.444679509,0,0,0,0,0,String
8,0.81644666,0.81644666,0,0,1,0,0,NumberFormat
2,0.287607026,0.287607026,0,0,0,0,0,System
2,0.293120129,0.293120129,0,0,0,0,0,Point
1,0.703524316,0.703524316,0,0,0,0,0,Localizing
1,0,0,0,0,0,0,0,Trackbar
0,0.113847056,0.113847056,0,0,0,0,0,Imgproc
5,0.701949497,0.701949497,0,0,0,0,0,StoredProcedure
4,0.55005121,0.55005121,0,0,0,0,0,SqlParameter
4,0.194762058,0.194762058,0,0,0,0,0,Types
3,0.292289734,0.292289734,0,0,0,0,0,String
3,0.238279456,0.238279456,0,0,0,0,0,Date
2,0.357848769,0.357848769,0,0,0,0,0,OracleTypes
2,0.219025787,0.219025787,0,0,0,0,0,Map
10,0.245591373,0.245591373,1,0,0,0,0,CallableStatement
1,0.36629839,0.36629839,0,0,0,0,0,SqlOutParameter
0,0.292826273,0.292826273,0,0,0,0,0,Object
5,0.364707407,0.364707407,0,0,0,0,0,FTPFile
4,0.256876142,0.256876142,0,0,0,0,0,String
4,0.648816287,0.648816287,0,0,0,0,0,File
3,0.171049328,0.171049328,0,0,0,0,0,System
3,0.118274495,0.118274495,0,0,0,0,0,JMenuItem
10,0.312215185,0.312215185,1,0,0,0,0,FTPClient
2,0.09820155,0.09820155,0,0,0,0,0,Exception
9,0.161026814,0.161026814,0,1,0,0,0,IOException
1,0.076729309,0.076729309,0,0,0,0,0,InsCnt
0,0.392197775,0.392197775,0,0,0,0,0,FtpInboundFileSynchronizer
5,0.561909975,0.561909975,0,0,0,0,0,ChannelSftp
4,0.534476126,0.534476126,0,0,0,0,0,SftpException
4,0.390050927,0.390050927,0,0,0,0,0,String
3,0.180729629,0.180729629,0,0,0,0,0,System
3,0.210738654,0.210738654,0,0,0,0,0,Session
2,0.26198217,0.26198217,0,0,0,0,0,LsEntry
2,0.199882154,0.199882154,0,0,0,0,0,NamedFactory
1,0.068828074,0.068828074,0,0,0,0,0,JSch
1,0.616585101,0.616585101,0,0,0,0,0,List
0,0.112736975,0.112736975,0,0,0,0,0,MSWin
5,0.74097706,0.74097706,0,0,0,0,0,Sheet
4,0.216149403,0.216149403,0,0,0,0,0,XSSFReader
9,0.528942695,0.528942695,0,1,0,0,0,HSSFSheet
3,0.152653049,0.152653049,0,0,0,0,0,String
3,0.05402766,0.05402766,0,0,0,0,0,System
10,0.477175198,0.477175198,1,0,0,0,0,HSSFWorkbook
2,0.74097706,0.74097706,0,0,0,0,0,Sheets
1,0.594577427,0.594577427,0,0,0,0,0,InternalSheet
1,0.527975137,0.527975137,0,0,0,0,0,XSSFWorkbook
0,0.619498138,0.619498138,0,0,0,0,0,Workbook
5,0.354076018,0.354076018,0,0,0,0,0,Timer
4,0.653564415,0.653564415,0,0,0,0,0,SpriteAnimation
4,0.231656685,0.231656685,0,0,0,0,0,String
3,0.429560723,0.429560723,0,0,0,0,0,Graphics
3,0.343562227,0.343562227,0,0,0,0,0,JPanel
2,0.572262522,0.572262522,0,0,0,0,0,ImageIcon
2,0.170073375,0.170073375,0,0,0,0,0,Override
1,0.464422627,0.464422627,0,0,0,0,0,BufferedImage
1,0.361537711,0.361537711,0,0,0,0,0,View
0,0.39550827,0.39550827,0,0,0,0,0,TransitionScreen
5,0.289288108,0.289288108,0,0,0,0,0,Date
4,0.068004124,0.068004124,0,0,0,0,0,SQLException
8,0.304905862,0.304905862,0,0,1,0,0,ResultSet
3,0.254127766,0.254127766,0,0,0,0,0,String
3,0.242949847,0.242949847,0,0,0,0,0,ResultSetMetaData
10,0.151303873,0.151303873,1,0,0,0,0,Connection
2,0.114678622,0.114678622,0,0,0,0,0,Profile
1,0.637497424,0.637497424,0,0,0,0,0,Data
1,0.192089995,0.192089995,0,0,0,0,0,VisitCount
9,0.183204281,0.183204281,0,1,0,0,0,Statement
5,0.13127143,0.13127143,0,0,0,0,0,FSDirectory
8,0.401604257,0.401604257,0,0,1,0,0,IndexWriter
4,0.62578046,0.62578046,0,0,0,0,0,IndexSearcher
3,0.120563593,0.120563593,0,0,0,0,0,File
3,0.400192345,0.400192345,0,0,0,0,0,IndexReader
2,0.049406614,0.049406614,0,0,0,0,0,IOException
9,0.426220574,0.426220574,0,1,0,0,0,IndexWriterConfig
1,0.264115125,0.264115125,0,0,0,0,0,String
1,0.35701874,0.35701874,0,0,0,0,0,Document
0,0.061143162,0.061143162,0,0,0,0,0,System
10,0.635190541,0.635190541,1,0,0,0,0,File
4,0.339609006,0.339609006,0,0,0,0,0,String
4,0.116916418,0.116916418,0,0,0,0,0,System
3,0.411900166,0.411900166,0,0,0,0,0,FileReader
9,0.46174281,0.46174281,0,1,0,0,0,FileInputStream
2,0.051860503,0.051860503,0,0,0,0,0,IOException
2,0.244321797,0.244321797,0,0,0,0,0,BufferedReader
1,0.267065682,0.267065682,0,0,0,0,0,InputStream
1,0.096081143,0.096081143,0,0,0,0,0,SpellingChecker
0,0.084401382,0.084401382,0,0,0,0,0,XMLUnit
5,0.161492264,0.161492264,0,0,0,0,0,JAXBContext
4,0.489222107,0.489222107,0,0,0,0,0,XmlElement
4,0.309114352,0.309114352,0,0,0,0,0,String
3,0.341371903,0.341371903,0,0,0,0,0,Section
3,0.489222107,0.489222107,0,0,0,0,0,XmlRootElement
2,0.177985958,0.177985958,0,0,0,0,0,ContactMethod
2,0.270264677,0.270264677,0,0,0,0,0,List
1,0.082461001,0.082461001,0,0,0,0,0,Exception
1,0.039183229,0.039183229,0,0,0,0,0,Remark
0,0.32165059,0.32165059,0,0,0,0,0,FooDeserializer
5,0.680030244,0.680030244,0,0,0,0,0,Sector
4,0.581164827,0.581164827,0,0,0,0,0,MainSector
4,0.231527758,0.231527758,0,0,0,0,0,String
3,0.607185195,0.607185195,0,0,0,0,0,System
3,0.548459197,0.548459197,0,0,0,0,0,SubSector
2,0.208544905,0.208544905,0,0,0,0,0,SubSectorToStockParser
2,0.265231175,0.265231175,0,0,0,0,0,DirectoryFullException
1,0.102890809,0.102890809,0,0,0,0,0,Partial
9,0.665874817,0.665874817,0,1,0,0,0,FileLock
0,0.109324618,0.109324618,0,0,0,0,0,Map
9,0.323298717,0.323298717,0,1,0,0,0,StreamTokenizer
4,0.293600444,0.293600444,0,0,0,0,0,StringReader
4,0.244744882,0.244744882,0,0,0,0,0,String
3,0.084923705,0.084923705,0,0,0,0,0,System
3,0.282574962,0.282574962,0,0,0,0,0,BufferedReader
2,0.069760401,0.069760401,0,0,0,0,0,IOException
2,0.121322173,0.121322173,0,0,0,0,0,Node
1,0.335439374,0.335439374,0,0,0,0,0,RecString
1,0.170054985,0.170054985,0,0,0,0,0,AllTypes
0,0.17817554,0.17817554,0,0,0,0,0,NodeSet
5,0.672417582,0.672417582,0,0,0,0,0,TreeNode
4,0.478422346,0.478422346,0,0,0,0,0,Node
4,0.25327266,0.25327266,0,0,0,0,0,Comparable
3,0.071793579,0.071793579,0,0,0,0,0,System
3,0.381811418,0.381811418,0,0,0,0,0,RecursiveAction
2,0.386581429,0.386581429,0,0,0,0,0,ArrayList
2,0.251945538,0.251945538,0,0,0,0,0,String
1,0.767272591,0.767272591,0,0,0,0,0,Traverse
1,0.783345619,0.783345619,0,0,0,0,0,Tree
0,0.653454208,0.653454208,0,0,0,0,0,BinaryTreeTraversal
5,0.732074218,0.732074218,0,0,0,0,0,XmlAttribute
4,0.325148672,0.325148672,0,0,0,0,0,String
4,0.374118421,0.374118421,0,0,0,0,0,List
3,0.732075493,0.732075493,0,0,0,0,0,XmlTargetExcludedAttribute
6,0.594449704,0.594449704,0,0,0,0,1,File
2,0.274273472,0.274273472,0,0,0,0,0,UILabel
2,0.685746185,0.685746185,0,0,0,0,0,Attributes
1,0.732075493,0.732075493,0,0,0,0,0,XmlTargetAttribute
1,0.065294281,0.065294281,0,0,0,0,0,Exception
0,0,0,0,0,0,0,0,Grouse
10,0.249117782,0.249117782,1,0,0,0,0,FTPClient
4,0.255258365,0.255258365,0,0,0,0,0,String
4,0.203457836,0.203457836,0,0,0,0,0,System
3,0.154918401,0.154918401,0,0,0,0,0,Log
3,0.131985897,0.131985897,0,0,0,0,0,MyTransferListener
2,0.605022168,0.605022168,0,0,0,0,0,Transfer
2,0.097801572,0.097801572,0,0,0,0,0,Toast
1,0.602766201,0.602766201,0,0,0,0,0,File
9,0.332342679,0.332342679,0,1,0,0,0,FTPFile
0,0.137568351,0.137568351,0,0,0,0,0,StrictMode
5,0.676084129,0.676084129,0,0,0,0,0,Exif
4,0.196245391,0.196245391,0,0,0,0,0,String
4,0.284569368,0.284569368,0,0,0,0,0,File
3,0.080379095,0.080379095,0,0,0,0,0,System
3,0.139294326,0.139294326,0,0,0,0,0,IIOMetadataNode
2,0.141333593,0.141333593,0,0,0,0,0,Date
10,0.45958809,0.45958809,0.804603597,0,0,0,0,BufferedImage
1,0.140644031,0.140644031,0,0,0,0,0,JPEGImageWriter
1,0.12802509,0.12802509,0,0,0,0,0,IOException
0,0.538657245,0.538657245,0,0,0,0,0,JpegSegmentReader
9,0.752014488,0.752014488,0,1,0,0,0,Date
8,0.561611811,0.561611811,0,0,1,0,0,TimeZone
10,0.261337764,0.261337764,1,0,0,0,0,SimpleDateFormat
3,0.570315889,0.570315889,0,0,0,0,0,Europe
3,0.533436161,0.533436161,0,0,0,0,0,Calendar
2,0.650541538,0.650541538,0,0,0,0,0,DateFormat
2,0.222672383,0.222672383,0,0,0,0,0,System
1,0.655374152,0.655374152,0,0,0,0,0,String
1,0.306188162,0.306188162,0,0,0,0,0,Locale
0,0.312425072,0.312425072,0,0,0,0,0,ParseException
7,0.682316505,0.682316505,0,0,0,1,0,Date
10,0.243956681,0.243956681,1,0,0,0,0,SimpleDateFormat
4,0.257501968,0.257501968,0,0,0,0,0,Asia
3,0.630357859,0.630357859,0,0,0,0,0,String
3,0.474016377,0.474016377,0,0,0,0,0,Calendar
8,0.466311577,0.466311577,0,0,1,0,0,TimeZone
2,0.30240882,0.30240882,0,0,0,0,0,ZonedDateTime
1,0.174814068,0.174814068,0,0,0,0,0,System
1,0.409133705,0.409133705,0,0,0,0,0,PrettyDate
0,0.295317579,0.295317579,0,0,0,0,0,America
9,0.651074379,0.651074379,0,1,0,0,0,Date
4,0.308466561,0.308466561,0,0,0,0,0,DateTimeFormatter
8,0.155609807,0.155609807,0,0,1,0,0,SimpleDateFormat
3,0.646294234,0.646294234,0,0,0,0,0,String
3,0.251636357,0.251636357,0,0,0,0,0,System
2,0.486290644,0.486290644,0,0,0,0,0,LocalizedButton
2,0.477831343,0.477831343,0,0,0,0,0,DateFormatSymbols
1,0.424801316,0.424801316,0,0,0,0,0,ExtendedDate
1,0.251527923,0.251527923,0,0,0,0,0,Set
10,0.617247422,0.617247422,1,0,0,0,0,Locale
5,0.592160988,0.592160988,0,0,0,0,0,JavascriptInterface
4,0.256351973,0.256351973,0,0,0,0,0,String
4,0.249831146,0.249831146,0,0,0,0,0,JSObject
3,0.206882623,0.206882623,0,0,0,0,0,WebView
3,0.052476545,0.052476545,0,0,0,0,0,Callee
8,0.37092537,0.37092537,0,0,1,0,0,ScriptEngineManager
2,0,0,0,0,0,0,0,Strophe
1,0.194609486,0.194609486,0,0,0,0,0,FirefoxDriver
1,0.159222722,0.159222722,0,0,0,0,0,AdvancedWebView
0,0.278352744,0.278352744,0,0,0,0,0,Applet
8,0.760594627,0.760594627,0,0,1,0,0,NumberFormat
10,0.248277902,0.248277902,1,0,0,0,0,Locale
4,0.635030825,0.635030825,0,0,0,0,0,CurrencyData
3,0.727317073,0.727317073,0,0,0,0,0,Currency
9,0.624351281,0.624351281,0,1,0,0,0,DecimalFormat
2,0.459189764,0.459189764,0,0,0,0,0,String
2,0.617341621,0.617341621,0,0,0,0,0,SelectCurrency
1,0.118633748,0.118633748,0,0,0,0,0,System
7,0.661037047,0.661037047,0,0,0,1,0,DecimalFormatSymbols
0,0.174239131,0.174239131,0,0,0,0,0,Override
5,0.5457927,0.5457927,0,0,0,0,0,CellPhone
4,0.648224964,0.648224964,0,0,0,0,0,Phone
4,0.66131647,0.66131647,0,0,0,0,0,String
3,0.171080807,0.171080807,0,0,0,0,0,System
3,0.385918139,0.385918139,0,0,0,0,0,Date
2,0.292872521,0.292872521,0,0,0,0,0,PhoneNumberUtil
2,0.731631972,0.731631972,0,0,0,0,0,PhoneNumber
1,0.202526994,0.202526994,0,0,0,0,0,Pattern
1,0,0,0,0,0,0,0,Avenue
0,0.455978669,0.455978669,0,0,0,0,0,PhoneNumberFormat
10,0.592875926,0.592875926,1,0,0,0,0,Date
4,0.202165723,0.202165723,0,0,0,0,0,SimpleDateFormat
4,0.347087487,0.347087487,0,0,0,0,0,String
3,0.302656178,0.302656178,0,0,0,0,0,System
3,0.379302478,0.379302478,0,0,0,0,0,LocalTime
2,0.226727506,0.226727506,0,0,0,0,0,DefaultFormattingConversionService
2,0.489587194,0.489587194,0,0,0,0,0,TimeZone
1,0.379133687,0.379133687,0,0,0,0,0,ExtendedDate
1,0.375171774,0.375171774,0,0,0,0,0,DateTimeFormatter
0,0.067292289,0.067292289,0,0,0,0,0,ScorpioException
5,0.599232766,0.599232766,0,0,0,0,0,Date
4,0,0,0,0,0,0,0,Neda
4,0.606216621,0.606216621,0,0,0,0,0,String
3,0.073440395,0.073440395,0,0,0,0,0,System
3,0.32762694,0.32762694,0,0,0,0,0,PrettyDate
10,0.166341758,0.166341758,1,0,0,0,0,SimpleDateFormat
2,0.418858452,0.418858452,0,0,0,0,0,ExtendedDate
1,0.280173782,0.280173782,0,0,0,0,0,Formats
1,0,0,0,0,0,0,0,Suzie
0,0,0,0,0,0,0,0,Kate
5,0.363390936,0.363390936,0,0,0,0,0,String
4,0.129092493,0.129092493,0,0,0,0,0,System
4,0.34303594,0.34303594,0,0,0,0,0,Integer
3,0.286325746,0.286325746,0,0,0,0,0,Date
3,0.148546426,0.148546426,0,0,0,0,0,Locale
2,0.276544184,0.276544184,0,0,0,0,0,Workbooks
2,0.352515219,0.352515219,0,0,0,0,0,Hex
1,0.556416072,0.556416072,0,0,0,0,0,DecimalFormat
1,0.262545164,0.262545164,0,0,0,0,0,FormatterLineAggregator
0,0.301248082,0.301248082,0,0,0,0,0,BigInteger
5,0.384849513,0.384849513,0,0,0,0,0,InetAddress
4,0.085352607,0.085352607,0,0,0,0,0,UnknownHostException
4,0.429935663,0.429935663,0,0,0,0,0,String
3,0.664297256,0.664297256,0,0,0,0,0,Object
3,0.231269526,0.231269526,0,0,0,0,0,System
2,0,0,0,0,0,0,0,PuppyWood
2,0.234651949,0.234651949,0,0,0,0,0,RMIServerSocketFactory
1,0.181600409,0.181600409,0,0,0,0,0,IOException
1,0.385400496,0.385400496,0,0,0,0,0,InetSocketAddress
0,0.272493635,0.272493635,0,0,0,0,0,InitialDirContext
5,0.153490955,0.153490955,0,0,0,0,0,PlayPingPongThread
4,0.192440787,0.192440787,0,0,0,0,0,SimpleSemaphore
4,0.366349477,0.366349477,0,0,0,0,0,String
3,0.178839033,0.178839033,0,0,0,0,0,System
3,0.326513926,0.326513926,0,0,0,0,0,IOException
2,0.261361329,0.261361329,0,0,0,0,0,ArduinoBufferedOutputStream
10,0.342188712,0.342188712,1,0,0,0,0,InetAddress
1,0.337849047,0.337849047,0,0,0,0,0,TestMachine
1,0.176178893,0.176178893,0,0,0,0,0,Process
0,0.193598727,0.193598727,0,0,0,0,0,InternetConnectionState
8,0.64240624,0.64240624,0,0,1,0,0,Date
9,0.280381099,0.280381099,0,1,0,0,0,SimpleDateFormat
4,0.378052678,0.378052678,0,0,0,0,0,String
3,0.097777253,0.097777253,0,0,0,0,0,System
3,0.438318568,0.438318568,0,0,0,0,0,PrettyDate
2,0.443926364,0.443926364,0,0,0,0,0,ExtendedDate
2,0.026459485,0.026459485,0,0,0,0,0,Atmosphere
1,0.362066665,0.362066665,0,0,0,0,0,DateTimeFormatter
1,0.270286421,0.270286421,0,0,0,0,0,FinalField
0,0.070144746,0.070144746,0,0,0,0,0,ScorpioException
5,0.292766313,0.292766313,0,0,0,0,0,Callable
4,0.331074164,0.331074164,0,0,0,0,0,Runnable
8,0.265587975,0.265587975,0,0,1,0,0,ThreadPoolExecutor
6,0.367508308,0.367508308,0,0,0,0,1,TimeUnit
3,0.36328049,0.36328049,0,0,0,0,0,LinkedBlockingQueue
2,0.207890387,0.207890387,0,0,0,0,0,String
2,0.147480107,0.147480107,0,0,0,0,0,System
1,0.40050789,0.40050789,0,0,0,0,0,Thread
1,0.120214411,0.120214411,0,0,0,0,0,Override
0,0.149628294,0.149628294,0,0,0,0,0,RejectedExecutionHandler
5,0.865796108,0.865796108,0,0,0,0,0,TitledBorder
10,0.489848901,0.489848901,1,0,0,0,0,JPanel
4,0.703970335,0.703970335,0,0,0,0,0,SedimentPanel
3,0.359817423,0.359817423,0,0,0,0,0,String
3,0.49218434,0.49218434,0,0,0,0,0,JLabel
2,0.393687449,0.393687449,0,0,0,0,0,JFrame
2,0.466564396,0.466564396,0,0,0,0,0,SimpleTextPanel
1,0.761399729,0.761399729,0,0,0,0,0,TitledPane
1,0.59867295,0.59867295,0,0,0,0,0,BorderFactory
0,0.536613116,0.536613116,0,0,0,0,0,SimpleButtonPanel
5,0.448533165,0.448533165,0,0,0,0,0,Color
4,0.136467408,0.136467408,0,0,0,0,0,Override
4,0.69847777,0.69847777,0,0,0,0,0,RoundedBorder
3,0.259235849,0.259235849,0,0,0,0,0,BalloonTip
3,0.329339716,0.329339716,0,0,0,0,0,String
10,0.412995655,0.412995655,1,0,0,0,0,JLabel
2,0.685980342,0.685980342,0,0,0,0,0,RoundRectangle
1,0.135625847,0.135625847,0,0,0,0,0,AndroidRuntime
1,0.45413421,0.45413421,0,0,0,0,0,Graphics
0,0.328954962,0.328954962,0,0,0,0,0,JFrame
8,0.568312002,0.568312002,0,0,1,0,0,JDialog
7,0.350305932,0.350305932,0,0,0,1,0,JProgressBar
4,0.536725995,0.536725995,0,0,0,0,0,GuiWorker
3,0.013460756,0.013460756,0,0,0,0,0,Override
3,0.444058735,0.444058735,0,0,0,0,0,SwingWorker
10,0.34145426,0.34145426,1,0,0,0,0,JFrame
2,0.104517768,0.104517768,0,0,0,0,0,String
1,0.395480947,0.395480947,0,0,0,0,0,ImageLoadingWorker
1,0.455264551,0.455264551,0,0,0,0,0,BorderLayout
0,0.377344547,0.377344547,0,0,0,0,0,Thread
5,0.18551397,0.18551397,0,0,0,0,0,JMenuItem
4,0.573236222,0.573236222,0,0,0,0,0,MenuItem
10,0.499602912,0.499602912,1,0,0,0,0,JPopupMenu
3,0.418473478,0.418473478,0,0,0,0,0,CustomPopup
3,0.164505586,0.164505586,0,0,0,0,0,Override
2,0.207592971,0.207592971,0,0,0,0,0,String
2,0.702537749,0.702537749,0,0,0,0,0,Menu
1,0.388198558,0.388198558,0,0,0,0,0,TrayIcon
1,0.232972831,0.232972831,0,0,0,0,0,GuiDMenuBar
0,0.122421308,0.122421308,0,0,0,0,0,System
5,0.336568994,0.336568994,0,0,0,0,0,FileReader
4,0.205624261,0.205624261,0,0,0,0,0,BufferedReader
4,0.552494576,0.552494576,0,0,0,0,0,File
3,0.327040381,0.327040381,0,0,0,0,0,String
3,0.131451926,0.131451926,0,0,0,0,0,System
2,0.215739916,0.215739916,0,0,0,0,0,Heading
2,0.11439785,0.11439785,0,0,0,0,0,IOException
1,0.263208495,0.263208495,0,0,0,0,0,PDFTextStripperByArea
1,0.46437144,0.46437144,0,0,0,0,0,CompareTextFiles
0,0.283554104,0.283554104,0,0,0,0,0,RestFile
5,0.263068164,0.263068164,0,0,0,0,0,ListOfNumbers
4,0.344888152,0.344888152,0,0,0,0,0,String
4,0.657799332,0.657799332,0,0,0,0,0,File
3,0.236725585,0.236725585,0,0,0,0,0,System
3,0.099554251,0.099554251,0,0,0,0,0,IOException
2,0.471499838,0.471499838,0,0,0,0,0,FileWriter
2,0.068695465,0.068695465,0,0,0,0,0,SlowFileStringifier
1,0.346806373,0.346806373,0,0,0,0,0,FileStringifierProxy
1,0.242290436,0.242290436,0,0,0,0,0,SaleReader
0,0.634884178,0.634884178,0,0,0,0,0,Displaying
9,0.294391276,0.294391276,0,1,0,0,0,DriverManager
4,0.736026085,0.736026085,0,0,0,0,0,JtdsConnection
4,0.350896537,0.350896537,0,0,0,0,0,Driver
10,0.612627072,0.612627072,1,0,0,0,0,Connection
3,0.103623181,0.103623181,0,0,0,0,0,String
2,0.13414533,0.13414533,0,0,0,0,0,JavaTest
2,0.078923932,0.078923932,0,0,0,0,0,Example
1,0.596162704,0.596162704,0,0,0,0,0,Server
1,0.292560358,0.292560358,0,0,0,0,0,SharedSocket
0,0.51985405,0.51985405,0,0,0,0,0,SQLServerConnection
5,0.679730348,0.679730348,0,0,0,0,0,Date
4,0.705170235,0.705170235,0,0,0,0,0,Days
4,0.480881203,0.480881203,0,0,0,0,0,Calendar
3,0.096244609,0.096244609,0,0,0,0,0,System
3,0.394945994,0.394945994,0,0,0,0,0,String
10,0.486615846,0.486615846,1,0,0,0,0,LocalDate
2,0.304200907,0.304200907,0,0,0,0,0,Instant
1,0.424984413,0.424984413,0,0,0,0,0,Period
1,0.595560293,0.595560293,0,0,0,0,0,DateTime
0,0.46245445,0.46245445,0,0,0,0,0,ExtendedDate
5,0.251062942,0.251062942,0,0,0,0,0,Cipher
4,0.267105341,0.267105341,0,0,0,0,0,String
9,0.284734326,0.284734326,0,1,0,0,0,InputStreamReader
3,0.441322056,0.441322056,0,0,0,0,0,StandardCharsets
3,0.166353606,0.166353606,0,0,0,0,0,System
2,0.25239991,0.25239991,0,0,0,0,0,InputSource
10,0.245144162,0.245144162,1,0,0,0,0,BufferedReader
1,0.163210956,0.163210956,0,0,0,0,0,Notepad
1,0.123522128,0.123522128,0,0,0,0,0,IOException
0,0.25233824,0.25233824,0,0,0,0,0,InputStream
10,0.778140173,0.778140173,1,0,0,0,0,FileLock
4,0.009821217,0.009821217,0,0,0,0,0,Conductor
4,0.457898788,0.457898788,0,0,0,0,0,FileChannel
3,0.283102274,0.283102274,0,0,0,0,0,System
3,0.395390386,0.395390386,0,0,0,0,0,RandomAccessFile
2,0.236467227,0.236467227,0,0,0,0,0,String
2,0.146645507,0.146645507,0,0,0,0,0,HibernateException
1,0.167847025,0.167847025,0,0,0,0,0,TestJson
1,0.166505556,0.166505556,0,0,0,0,0,FetchStatesTask
0,0.707757321,0.707757321,0,0,0,0,0,Lock
5,0.343846999,0.343846999,0,0,0,0,0,String
4,0.025662648,0.025662648,0,0,0,0,0,Payment
4,0.439487349,0.439487349,0,0,0,0,0,NodeList
7,0.279560967,0.279560967,0,0,0,1,0,Document
3,0.51475032,0.51475032,0,0,0,0,0,WorkItem
2,0.446729579,0.446729579,0,0,0,0,0,ItemCost
2,0.409762621,0.409762621,0,0,0,0,0,Node
1,0.406278321,0.406278321,0,0,0,0,0,List
1,0.165920467,0.165920467,0,0,0,0,0,XMLJDomFunctions
0,0.063326272,0.063326272,0,0,0,0,0,System
5,0.716553432,0.716553432,0,0,0,0,0,Shape
4,0.384495527,0.384495527,0,0,0,0,0,String
4,0,0,0,0,0,0,0,Wonseok
3,0.02171655,0.02171655,0,0,0,0,0,Override
3,0.501241155,0.501241155,0,0,0,0,0,DrawnString
2,0.128233193,0.128233193,0,0,0,0,0,CompSciClass
2,0.490409456,0.490409456,0,0,0,0,0,Color
10,0.473337184,0.473337184,1,0,0,0,0,BufferedImage
1,0.192383807,0.192383807,0,0,0,0,0,JMenuItem
0,0.486772019,0.486772019,0,0,0,0,0,Graphics
10,0.471807791,0.471807791,1,0,0,0,0,BufferedImage
4,0.687440608,0.687440608,0,0,0,0,0,Color
4,0.698248844,0.698248844,0,0,0,0,0,Pixel
3,0.352928847,0.352928847,0,0,0,0,0,FinalHistogram
3,0.080836235,0.080836235,0,0,0,0,0,System
2,0.0872519,0.0872519,0,0,0,0,0,IOException
2,0.302663704,0.302663704,0,0,0,0,0,File
1,0.320808742,0.320808742,0,0,0,0,0,String
1,0.631871595,0.631871595,0,0,0,0,0,Image
0,0.267495315,0.267495315,0,0,0,0,0,JFrame
6,0.415131324,0.415131324,0,0,0,0,1,ImageWriter
4,0.333822099,0.333822099,0,0,0,0,0,IIOImage
4,0.279017356,0.279017356,0,0,0,0,0,ImageWriteParam
10,0.457673659,0.457673659,1,0,0,0,0,BufferedImage
3,0.380950111,0.380950111,0,0,0,0,0,File
2,0.412512181,0.412512181,0,0,0,0,0,ImageOutputStream
2,0.091540295,0.091540295,0,0,0,0,0,JPEGImageWriteParam
1,0.088651007,0.088651007,0,0,0,0,0,IOException
1,0.236970182,0.236970182,0,0,0,0,0,FileImageOutputStream
0,0.222722257,0.222722257,0,0,0,0,0,String
10,0.486381826,0.486381826,1,0,0,0,0,BufferedImage
4,0.335203266,0.335203266,0,0,0,0,0,String
4,0.61090392,0.61090392,0,0,0,0,0,File
3,0.363093492,0.363093492,0,0,0,0,0,Mat
3,0.366254806,0.366254806,0,0,0,0,0,DataBufferByte
2,0.254208656,0.254208656,0,0,0,0,0,JFrame
2,0.149601475,0.149601475,0,0,0,0,0,System
1,0.628897274,0.628897274,0,0,0,0,0,Image
1,0.224110199,0.224110199,0,0,0,0,0,GameMap
0,0.135406273,0.135406273,0,0,0,0,0,IOException
5,0.633552479,0.633552479,0,0,0,0,0,Images
4,0.525862761,0.525862761,0,0,0,0,0,ImageIcon
4,0.633552479,0.633552479,0,0,0,0,0,Image
3,0.226516135,0.226516135,0,0,0,0,0,String
3,0.323897639,0.323897639,0,0,0,0,0,CustomGallery
2,0.505565916,0.505565916,0,0,0,0,0,AnimateImages
2,0.41319397,0.41319397,0,0,0,0,0,ImagesHolder
1,0.357087774,0.357087774,0,0,0,0,0,ImageLoader
1,0.242230822,0.242230822,0,0,0,0,0,JFrame
0,0.411515518,0.411515518,0,0,0,0,0,ImageReader
5,0.222903466,0.222903466,0,0,0,0,0,DBCollection
4,0.219056227,0.219056227,0,0,0,0,0,BasicDBObject
4,0.108827173,0.108827173,0,0,0,0,0,DBTCPConnector
3,0.246018768,0.246018768,0,0,0,0,0,String
3,0.225610066,0.225610066,0,0,0,0,0,DBObject
2,0.103725809,0.103725809,0,0,0,0,0,DBPort
2,0.175105705,0.175105705,0,0,0,0,0,DBApiLayer
8,0.485273865,0.485273865,0,0,1,0,0,MongoClient
1,0.214693728,0.214693728,0,0,0,0,0,WriteConcern
0,0.229191088,0.229191088,0,0,0,0,0,BasicDBList
5,0.425663899,0.425663899,0,0,0,0,0,SchemaFactory
4,0.167749027,0.167749027,0,0,0,0,0,XMLConstants
4,0.6148976,0.6148976,0,0,0,0,0,AsifXml
3,0.616412421,0.616412421,0,0,0,0,0,Schema
3,0.128544421,0.128544421,0,0,0,0,0,System
2,0.353564579,0.353564579,0,0,0,0,0,String
2,0.248161413,0.248161413,0,0,0,0,0,StreamSource
1,0.50350352,0.50350352,0,0,0,0,0,SAXException
1,0.135843028,0.135843028,0,0,0,0,0,Customer
0,0.444171753,0.444171753,0,0,0,0,0,XMLSchema
5,0.353196344,0.353196344,0,0,0,0,0,String
4,0.683108771,0.683108771,0,0,0,0,0,File
4,0.113868736,0.113868736,0,0,0,0,0,NbOfTxs
3,0.298774277,0.298774277,0,0,0,0,0,Date
3,0.020974435,0.020974435,0,0,0,0,0,GrpHdr
2,0.56928663,0.56928663,0,0,0,0,0,CsvSchema
2,0,0,0,0,0,0,0,Nm
1,0.528833204,0.528833204,0,0,0,0,0,CsvMapper
1,0.058415927,0.058415927,0,0,0,0,0,Product
0,0.144115284,0.144115284,0,0,0,0,0,CSVConverterBean
5,0.63798062,0.63798062,0,0,0,0,0,NodeList
4,0.705082559,0.705082559,0,0,0,0,0,Node
4,0.27403596,0.27403596,0,0,0,0,0,String
3,0.097454311,0.097454311,0,0,0,0,0,System
3,0.525950467,0.525950467,0,0,0,0,0,TaskNode
2,0.359409864,0.359409864,0,0,0,0,0,Document
2,0.19603786,0.19603786,0,0,0,0,0,Visited
1,0.705082559,0.705082559,0,0,0,0,0,Nodes
1,0.305152648,0.305152648,0,0,0,0,0,Value
0,0.188749989,0.188749989,0,0,0,0,0,NeighborNodeStream
6,0.080184018,0.080184018,0,0,0,0,1,XPathFactory
4,0.1128021,0.1128021,0,0,0,0,0,XPathExpression
4,0.287730854,0.287730854,0,0,0,0,0,String
8,0.598076055,0.598076055,0,0,1,0,0,Document
3,0.060663829,0.060663829,0,0,0,0,0,System
2,0.531200065,0.531200065,0,0,0,0,0,NamespaceContext
7,0.185109796,0.185109796,0,0,0,1,0,XPath
1,0.105421368,0.105421368,0,0,0,0,0,XPathConstants
1,0.026749105,0.026749105,0,0,0,0,0,XMLOutputter
0,0.64533146,0.64533146,0,0,0,0,0,Namespaces
5,0.167112644,0.167112644,0,0,0,0,0,CustomSeekBarPreference
4,0.326179173,0.326179173,0,0,0,0,0,String
4,0.141015704,0.141015704,0,0,0,0,0,System
3,0.662463558,0.662463558,0,0,0,0,0,File
3,0.451914466,0.451914466,0,0,0,0,0,Element
2,0.276540609,0.276540609,0,0,0,0,0,StreamSource
2,0.638148403,0.638148403,0,0,0,0,0,AttributeSet
1,0.047157423,0.047157423,0,0,0,0,0,Uncomment
1,0.185270665,0.185270665,0,0,0,0,0,XMLStreamReader
0,0.395632539,0.395632539,0,0,0,0,0,NodeList
5,0.272867659,0.272867659,0,0,0,0,0,MapAdapter
4,0.68079358,0.68079358,0,0,0,0,0,String
8,0.677081737,0.677081737,0,0,1,0,0,Element
10,0.694171801,0.694171801,1,0,0,0,0,Document
3,0.054706894,0.054706894,0,0,0,0,0,System
2,0.513755464,0.513755464,0,0,0,0,0,Node
2,0.532328625,0.532328625,0,0,0,0,0,NodeList
1,0.54821169,0.54821169,0,0,0,0,0,MapElements
1,0.272867659,0.272867659,0,0,0,0,0,AdaptedMap
0,0.331760012,0.331760012,0,0,0,0,0,ItemCost
6,0.52455801,0.52455801,0,0,0,0,1,GridPane
4,0.348002882,0.348002882,0,0,0,0,0,Insets
4,0.25632829,0.25632829,0,0,0,0,0,Button
3,0.258391766,0.258391766,0,0,0,0,0,ColumnConstraints
3,0.118612411,0.118612411,0,0,0,0,0,ImageDataObjs
2,0.111753525,0.111753525,0,0,0,0,0,String
2,0.272747689,0.272747689,0,0,0,0,0,RowConstraints
1,0.400994583,0.400994583,0,0,0,0,0,Scene
1,0.195171187,0.195171187,0,0,0,0,0,DocumentModule
9,0.281519619,0.281519619,0,1,0,0,0,TextField
5,0.020188327,0.020188327,0,0,0,0,0,Coord
4,0.637553243,0.637553243,0,0,0,0,0,Object
4,0.398418342,0.398418342,0,0,0,0,0,String
3,0.322121356,0.322121356,0,0,0,0,0,CopyObjectRequest
3,0.405031722,0.405031722,0,0,0,0,0,Vector
10,0.162796945,0.162796945,1,0,0,0,0,Cloneable
2,0.096720016,0.096720016,0,0,0,0,0,System
1,0.419542051,0.419542051,0,0,0,0,0,OuterObject
1,0.458246748,0.458246748,0,0,0,0,0,ArrayList
0,0.490772828,0.490772828,0,0,0,0,0,InnerObject
5,0.433668625,0.433668625,0,0,0,0,0,ScriptEngineManager
4,0.69294039,0.69294039,0,0,0,0,0,ScriptEngine
4,0.234853095,0.234853095,0,0,0,0,0,Date
3,0.208855875,0.208855875,0,0,0,0,0,String
3,0.3257236,0.3257236,0,0,0,0,0,NashornScriptEngine
2,0.124320633,0.124320633,0,0,0,0,0,System
2,0.051055832,0.051055832,0,0,0,0,0,Invocable
1,0.612207853,0.612207853,0,0,0,0,0,Scripting
1,0.242663751,0.242663751,0,0,0,0,0,ScriptObjectMirror
0,0.135954555,0.135954555,0,0,0,0,0,Exception
5,0.093197967,0.093197967,0,0,0,0,0,RoomManagement
4,0.315447669,0.315447669,0,0,0,0,0,String
4,0.222586184,0.222586184,0,0,0,0,0,Invocable
10,0.310357757,0.310357757,1,0,0,0,0,ScriptEngineManager
3,0.309018775,0.309018775,0,0,0,0,0,Object
2,0.255762514,0.255762514,0,0,0,0,0,JSObject
2,0.314774177,0.314774177,0,0,0,0,0,Bindings
1,0.123640419,0.123640419,0,0,0,0,0,JavaScriptSupport
1,0.553640417,0.553640417,0,0,0,0,0,JavascriptInterface
0,0.295432444,0.295432444,0,0,0,0,0,SubmitPage
5,0.159582499,0.159582499,0,0,0,0,0,ActivityCompat
4,0.292997413,0.292997413,0,0,0,0,0,Manifest
4,0.268030986,0.268030986,0,0,0,0,0,PackageManager
3,0.227026482,0.227026482,0,0,0,0,0,Environment
3,0.233801888,0.233801888,0,0,0,0,0,String
2,0.368285327,0.368285327,0,0,0,0,0,File
2,0.170080652,0.170080652,0,0,0,0,0,InstrumentationRegistry
1,0.170172553,0.170172553,0,0,0,0,0,MyPermissionRequester
1,0.368285327,0.368285327,0,0,0,0,0,Files
0,0.160228477,0.160228477,0,0,0,0,0,ContextCompat
8,0.482060545,0.482060545,0,0,1,0,0,NodeList
4,0.343300989,0.343300989,0,0,0,0,0,DocumentBuilderFactory
4,0.366450791,0.366450791,0,0,0,0,0,String
3,0.508349176,0.508349176,0,0,0,0,0,ParserConfigurationException
9,0.452310429,0.452310429,0,1,0,0,0,Document
2,0.653254231,0.653254231,0,0,0,0,0,Element
2,0,0,0,0,0,0,0,Prevodilac
1,0.321335215,0.321335215,0,0,0,0,0,XmlElementRef
1,0.067416277,0.067416277,0,0,0,0,0,System
0,0.108356401,0.108356401,0,0,0,0,0,SAXException
9,0.693637611,0.693637611,0,1,0,0,0,Matcher
10,0.329535635,0.329535635,1,0,0,0,0,Pattern
4,0.184711697,0.184711697,0,0,0,0,0,System
3,0.348988557,0.348988557,0,0,0,0,0,String
3,0.209883795,0.209883795,0,0,0,0,0,Group
2,0.231215262,0.231215262,0,0,0,0,0,CmdParser
2,0.244228883,0.244228883,0,0,0,0,0,Cr
1,0.134460102,0.134460102,0,0,0,0,0,TreeSet
1,0.355089885,0.355089885,0,0,0,0,0,Match
0,0.378446164,0.378446164,0,0,0,0,0,RegexTester
8,0.65267019,0.65267019,0,0,1,0,0,FileLock
9,0.312581153,0.312581153,0,1,0,0,0,FileChannel
4,0.351191847,0.351191847,0,0,0,0,0,RandomAccessFile
3,0.108385836,0.108385836,0,0,0,0,0,OverlappingFileLockException
10,0.559818483,0.559818483,1,0,0,0,0,File
2,0.251846209,0.251846209,0,0,0,0,0,String
2,0.593280648,0.593280648,0,0,0,0,0,Lock
1,0.157957858,0.157957858,0,0,0,0,0,System
1,0.334347579,0.334347579,0,0,0,0,0,IOException
0,0.159746409,0.159746409,0,0,0,0,0,Channels
5,0.661873431,0.661873431,0,0,0,0,0,File
10,0.21230442,0.21230442,1,0,0,0,0,InputStream
4,0.095275395,0.095275395,0,0,0,0,0,IOUtils
3,0.208021113,0.208021113,0,0,0,0,0,CascadeClassifier
3,0.238561313,0.238561313,0,0,0,0,0,System
2,0.369854355,0.369854355,0,0,0,0,0,ProjectRoot
2,0.118727797,0.118727797,0,0,0,0,0,IEDriverServer
1,0.095379826,0.095379826,0,0,0,0,0,Developer
1,0.642829942,0.642829942,0,0,0,0,0,Resource
0,0.307675442,0.307675442,0,0,0,0,0,TestClass
5,0.27942541,0.27942541,0,0,0,0,0,String
10,0.604104095,0.604104095,1,0,0,0,0,File
4,0.275877516,0.275877516,0,0,0,0,0,UserProfilePage
3,0.255793183,0.255793183,0,0,0,0,0,StandardPage
3,0.358997615,0.358997615,0,0,0,0,0,PathTemplate
2,0.212219575,0.212219575,0,0,0,0,0,URIs
2,0.336572174,0.336572174,0,0,0,0,0,HttpUriRequest
1,0.184036899,0.184036899,0,0,0,0,0,Windows
1,0.604104095,0.604104095,0,0,0,0,0,Files
0,0.084301952,0.084301952,0,0,0,0,0,GameMechanics
5,0.348559767,0.348559767,0,0,0,0,0,JEditorPane
4,0.165425089,0.165425089,0,0,0,0,0,HTMLEditorKit
4,0.303534213,0.303534213,0,0,0,0,0,String
10,0.248607373,0.248607373,1,0,0,0,0,JFrame
3,0.470557117,0.470557117,0,0,0,0,0,ImageChooser
2,0.348559767,0.348559767,0,0,0,0,0,JScrollPane
2,0.065298045,0.065298045,0,0,0,0,0,IOException
1,0.649743318,0.649743318,0,0,0,0,0,File
1,0.07450813,0.07450813,0,0,0,0,0,QuitGameBtn
0,0.225016677,0.225016677,0,0,0,0,0,EditorPaneTest
10,0.359333813,0.359333813,1,0,0,0,0,DocumentBuilderFactory
4,0.450727731,0.450727731,0,0,0,0,0,Document
4,0.277528476,0.277528476,0,0,0,0,0,String
9,0.349155596,0.349155596,0,1,0,0,0,DocumentBuilder
3,0.745534143,0.745534143,0,0,0,0,0,XmlPullParser
2,0.181070741,0.181070741,0,0,0,0,0,ProductItems
2,0.386767975,0.386767975,0,0,0,0,0,Element
1,0.123167862,0.123167862,0,0,0,0,0,SAXException
1,0.172103386,0.172103386,0,0,0,0,0,Log
0,0.388362915,0.388362915,0,0,0,0,0,Node
5,0.480698114,0.480698114,0,0,0,0,0,ItemPojo
4,0.451481083,0.451481083,0,0,0,0,0,String
4,0.692883796,0.692883796,0,0,0,0,0,List
3,0.618039364,0.618039364,0,0,0,0,0,ArrayList
3,0.673774543,0.673774543,0,0,0,0,0,Element
2,0.300411371,0.300411371,0,0,0,0,0,VisitorDataList
2,0,0,0,0,0,0,0,Natrol
1,0.084378962,0.084378962,0,0,0,0,0,System
1,0.132956123,0.132956123,0,0,0,0,0,SAXException
0,0.164209801,0.164209801,0,0,0,0,0,WikiParser
10,0.308833121,0.308833121,1,0,0,0,0,String
4,0.040144073,0.040144073,0,0,0,0,0,Venue
4,0.272821874,0.272821874,0,0,0,0,0,DataStoreClass
3,0.766049717,0.766049717,0,0,0,0,0,DataStore
3,0.105928188,0.105928188,0,0,0,0,0,ClientSymmetricEngine
2,0.261545091,0.261545091,0,0,0,0,0,ClientNode
2,0.304609835,0.304609835,0,0,0,0,0,LogEntity
1,0.237693674,0.237693674,0,0,0,0,0,User
1,0.284808698,0.284808698,0,0,0,0,0,Order
0,0.284808698,0.284808698,0,0,0,0,0,Orders
10,0.275244498,0.275244498,1,0,0,0,0,DriverManager
4,0.105639105,0.105639105,0,0,0,0,0,SQLException
4,0.224732139,0.224732139,0,0,0,0,0,String
3,0.092868242,0.092868242,0,0,0,0,0,SQLiteConfig
3,0.659115477,0.659115477,0,0,0,0,0,Connection
2,0.248393785,0.248393785,0,0,0,0,0,SQLite
2,0.368596488,0.368596488,0,0,0,0,0,DatabaseMetaData
1,0.220095541,0.220095541,0,0,0,0,0,ResultSet
1,0.659115477,0.659115477,0,0,0,0,0,Connect
0,0.21193772,0.21193772,0,0,0,0,0,SimpleCursorTreeAdapter
5,0.562345868,0.562345868,0,0,0,0,0,Cipher
4,0.841082912,0.841082912,0,0,0,0,0,Encrypt
4,0.834157973,0.834157973,0,0,0,0,0,Decrypt
3,0.332987582,0.332987582,0,0,0,0,0,SecretKeySpec
3,0.220303941,0.220303941,0,0,0,0,0,String
2,0.105838294,0.105838294,0,0,0,0,0,System
2,0.516362398,0.516362398,0,0,0,0,0,MCrypt
1,0.451908973,0.451908973,0,0,0,0,0,IvParameterSpec
1,0.399450682,0.399450682,0,0,0,0,0,SecretKey
0,0.123742001,0.123742001,0,0,0,0,0,BadPaddingException
5,0.42381024,0.42381024,0,0,0,0,0,PrinterJob
4,0.610163699,0.610163699,0,0,0,0,0,Printer
4,0.176010974,0.176010974,0,0,0,0,0,PrintService
3,0.466515609,0.466515609,0,0,0,0,0,PrinterException
3,0.21258519,0.21258519,0,0,0,0,0,String
2,0.225326045,0.225326045,0,0,0,0,0,System
2,0.185850796,0.185850796,0,0,0,0,0,PageFormat
1,0.215239546,0.215239546,0,0,0,0,0,Print
1,0.237640895,0.237640895,0,0,0,0,0,Override
0,0.649009228,0.649009228,0,0,0,0,0,IPrinter
9,0.191259262,0.191259262,0,1,0,0,0,KeyEvent
4,0.145902661,0.145902661,0,0,0,0,0,Override
4,0.173625557,0.173625557,0,0,0,0,0,String
10,0.127741749,0.127741749,1,0,0,0,0,Toolkit
3,0.156852831,0.156852831,0,0,0,0,0,System
2,0.216858452,0.216858452,0,0,0,0,0,StatusPanel
2,0.621124194,0.621124194,0,0,0,0,0,Lights
1,0.15312313,0.15312313,0,0,0,0,0,DriverExam
1,0.320804615,0.320804615,0,0,0,0,0,JFrame
0,0.304935363,0.304935363,0,0,0,0,0,PowerManager
5,0.607097745,0.607097745,0,0,0,0,0,MouseEvent
4,0.304743994,0.304743994,0,0,0,0,0,JFrame
4,0.678202435,0.678202435,0,0,0,0,0,Triangle
3,0.591683385,0.591683385,0,0,0,0,0,TrianglePanel
3,0.203096883,0.203096883,0,0,0,0,0,Override
2,0.549725435,0.549725435,0,0,0,0,0,Polygon
2,0.437452413,0.437452413,0,0,0,0,0,Graphics
1,0.336288918,0.336288918,0,0,0,0,0,JPanel
10,0.354545452,0.354545452,1,0,0,0,0,Color
0,0.578255467,0.578255467,0,0,0,0,0,TriangleFrame
5,0.300094703,0.300094703,0,0,0,0,0,String
4,0.690863966,0.690863966,0,0,0,0,0,Constructor
4,0.170260792,0.170260792,0,0,0,0,0,BlockDirt
3,0.113637098,0.113637098,0,0,0,0,0,AudioRecording
3,0.500509333,0.500509333,0,0,0,0,0,Object
2,0.269749463,0.269749463,0,0,0,0,0,InvocationTargetException
2,0.281140863,0.281140863,0,0,0,0,0,GType
1,0.13458245,0.13458245,0,0,0,0,0,System
1,0.127602464,0.127602464,0,0,0,0,0,Exception
0,0.561000872,0.561000872,0,0,0,0,0,TestReflection
5,0.320596593,0.320596593,0,0,0,0,0,BeforeClass
4,0.662499626,0.662499626,0,0,0,0,0,Test
4,0.22139961,0.22139961,0,0,0,0,0,ProdAllowed
3,0.304147038,0.304147038,0,0,0,0,0,ChildType
3,0.472814716,0.472814716,0,0,0,0,0,RunWith
2,0.106917789,0.106917789,0,0,0,0,0,System
2,0.314745657,0.314745657,0,0,0,0,0,String
1,0.467950245,0.467950245,0,0,0,0,0,SCFTests
1,0.54986572,0.54986572,0,0,0,0,0,TestCase
0,0.502823544,0.502823544,0,0,0,0,0,MyTest
5,0.664545082,0.664545082,0,0,0,0,0,String
4,0.035663533,0.035663533,0,0,0,0,0,System
4,0.190194647,0.190194647,0,0,0,0,0,XMLStreamWriter
3,0.303746117,0.303746117,0,0,0,0,0,CharacterEscapeHandler
3,0.088726943,0.088726943,0,0,0,0,0,Exception
2,0.104227471,0.104227471,0,0,0,0,0,XMLStreamException
2,-0.004912586,-0.004912586,0,0,0,0,0,Example
1,0.405438252,0.405438252,0,0,0,0,0,StringWriter
1,0.318086203,0.318086203,0,0,0,0,0,XmlJavaTypeAdapter
0,0.41086184,0.41086184,0,0,0,0,0,DomHandler
5,0.156727714,0.156727714,0,0,0,0,0,SAXException
8,0.099699836,0.099699836,0,0,1,0,0,DefaultHandler
10,0.120834303,0.120834303,1,0,0,0,0,SAXParserFactory
3,0.26999752,0.26999752,0,0,0,0,0,InputSource
3,0.301618554,0.301618554,0,0,0,0,0,SchemaFactory
2,0.118849439,0.118849439,0,0,0,0,0,System
2,0.06999398,0.06999398,0,0,0,0,0,SimpleErrorHandler
1,0.316316158,0.316316158,0,0,0,0,0,String
1,0.156727714,0.156727714,0,0,0,0,0,SAXParseException
0,0.022353075,0.022353075,0,0,0,0,0,Placemark
10,0.304341587,0.304341587,1,0,0,0,0,XMLStreamReader
9,0.123869408,0.123869408,0,1,0,0,0,XMLInputFactory
4,0.65954877,0.65954877,0,0,0,0,0,String
3,0.04165997,0.04165997,0,0,0,0,0,XMLEvent
3,0.066054203,0.066054203,0,0,0,0,0,System
2,0,0,0,0,0,0,0,Inscrito
8,0.155545304,0.155545304,0,0,1,0,0,XMLStreamConstants
1,0.077707681,0.077707681,0,0,0,0,0,Exception
1,0.048816687,0.048816687,0,0,0,0,0,Student
0,0.211316034,0.211316034,0,0,0,0,0,GtoQuotesServlets
10,0.313725926,0.313725926,1,0,0,0,0,ServletFileUpload
8,0.404866269,0.404866269,0,0,1,0,0,FileItem
4,0.264220214,0.264220214,0,0,0,0,0,String
3,0.605869984,0.605869984,0,0,0,0,0,File
3,0.196506863,0.196506863,0,0,0,0,0,System
2,0.461253231,0.461253231,0,0,0,0,0,CommonsMultipartResolver
2,0.357688143,0.357688143,0,0,0,0,0,FilenameUtils
1,0.507570962,0.507570962,0,0,0,0,0,UploadServlet
1,0.141108894,0.141108894,0,0,0,0,0,DiskFileItemFactory
9,0.201564315,0.201564315,0,1,0,0,0,FileItemFactory
10,0.539300158,0.539300158,1,0,0,0,0,PdfReader
4,0.516578159,0.516578159,0,0,0,0,0,PdfWriter
8,0.567772394,0.567772394,0,0,1,0,0,PdfContentByte
3,0.478113167,0.478113167,0,0,0,0,0,Paragraph
9,0.369025815,0.369025815,0,1,0,0,0,PdfStamper
2,0.297751314,0.297751314,0,0,0,0,0,String
2,0.438899109,0.438899109,0,0,0,0,0,FileOutputStream
1,0.381080185,0.381080185,0,0,0,0,0,PdfFileSpecification
1,0.382363265,0.382363265,0,0,0,0,0,ColumnText
0,0.601399045,0.601399045,0,0,0,0,0,PdfImportedPage
5,0.539334213,0.539334213,0,0,0,0,0,PdfName
4,0.3303249,0.3303249,0,0,0,0,0,String
4,0.682378189,0.682378189,0,0,0,0,0,File
9,0.691487695,0.691487695,0,1,0,0,0,Image
3,0.573548226,0.573548226,0,0,0,0,0,ExtractImages
2,0.144260102,0.144260102,0,0,0,0,0,System
2,0.487740944,0.487740944,0,0,0,0,0,BufferedImage
1,0.240230814,0.240230814,0,0,0,0,0,PRStream
1,0.029044989,0.029044989,0,0,0,0,0,MyImageRenderListener
0,0.077211706,0.077211706,0,0,0,0,0,IOException
10,0.646200512,0.646200512,1,0,0,0,0,Clipboard
4,0.191599587,0.191599587,0,0,0,0,0,DataFlavor
4,0.353974725,0.353974725,0,0,0,0,0,CellTransferable
3,0.357278661,0.357278661,0,0,0,0,0,String
3,0.337327072,0.337327072,0,0,0,0,0,Transferable
2,0.22172078,0.22172078,0,0,0,0,0,System
2,0.136360551,0.136360551,0,0,0,0,0,JTextAreaExample
1,0.245556979,0.245556979,0,0,0,0,0,Toolkit
1,0.197000471,0.197000471,0,0,0,0,0,Override
0,0.639172562,0.639172562,0,0,0,0,0,Paste
5,0.129988615,0.129988615,0,0,0,0,0,SDCardRoot
4,0.390628339,0.390628339,0,0,0,0,0,CheckBoxTreeItem
4,0.63128514,0.63128514,0,0,0,0,0,File
3,0.571077302,0.571077302,0,0,0,0,0,Check
3,0.243623326,0.243623326,0,0,0,0,0,Download
2,0.271595876,0.271595876,0,0,0,0,0,String
2,0.328218143,0.328218143,0,0,0,0,0,System
1,0.061691521,0.061691521,0,0,0,0,0,Credits
1,0,0,0,0,0,0,0,Surah
0,0.129627225,0.129627225,0,0,0,0,0,ChatColor
5,0.288876853,0.288876853,0,0,0,0,0,UsernamePasswordCredentials
8,0.481071967,0.481071967,0,0,1,0,0,AuthScope
4,0.587928285,0.587928285,0,0,0,0,0,HttpGet
3,0.538155099,0.538155099,0,0,0,0,0,HttpHost
3,0.131817278,0.131817278,0,0,0,0,0,String
2,0.087901518,0.087901518,0,0,0,0,0,System
2,0.360754645,0.360754645,0,0,0,0,0,DigestScheme
1,0.595514344,0.595514344,0,0,0,0,0,HttpResponse
1,0.409405259,0.409405259,0,0,0,0,0,CredentialsProvider
0,0.218219815,0.218219815,0,0,0,0,0,DefaultHttpClient
8,0.553575653,0.553575653,0,0,1,0,0,ZipEntry
9,0.638199718,0.638199718,0,1,0,0,0,ZipInputStream
4,0.399484567,0.399484567,0,0,0,0,0,InputStream
3,0.765978487,0.765978487,0,0,0,0,0,ZipFile
3,0.638199718,0.638199718,0,0,0,0,0,ZipOutputStream
2,0.347351298,0.347351298,0,0,0,0,0,String
10,0.561819227,0.561819227,1,0,0,0,0,FileInputStream
1,0.21222283,0.21222283,0,0,0,0,0,IOException
1,0.703601299,0.703601299,0,0,0,0,0,File
0,0.638199718,0.638199718,0,0,0,0,0,ZipArchiveInputStream
9,0.08516995,0.08516995,0,1,0,0,0,PrintService
10,0.11611384,0.11611384,1,0,0,0,0,DocFlavor
4,0.251426575,0.251426575,0,0,0,0,0,PrinterJob
3,0.288671426,0.288671426,0,0,0,0,0,PrinterException
3,0.14275307,0.14275307,0,0,0,0,0,String
2,0.282903225,0.282903225,0,0,0,0,0,Printable
2,0.104373432,0.104373432,0,0,0,0,0,PageFormat
1,0.161027664,0.161027664,0,0,0,0,0,System
1,0.162844043,0.162844043,0,0,0,0,0,Graphics
0,0.043908903,0.043908903,0,0,0,0,0,HashPrintRequestAttributeSet
5,0.5135807,0.5135807,0,0,0,0,0,BufferedImage
4,0.337633105,0.337633105,0,0,0,0,0,String
4,0.093988088,0.093988088,0,0,0,0,0,IOException
3,0.384333621,0.384333621,0,0,0,0,0,TestGif
3,0.314422005,0.314422005,0,0,0,0,0,CustomImg
2,0.150871962,0.150871962,0,0,0,0,0,IIOMetadataNode
2,0.32487469,0.32487469,0,0,0,0,0,File
1,0.378838397,0.378838397,0,0,0,0,0,GifSequenceWriter
1,0.391496677,0.391496677,0,0,0,0,0,Graphics
0,0.521485012,0.521485012,0,0,0,0,0,ImageIcon
5,0.409203154,0.409203154,0,0,0,0,0,Cipher
4,0.616788703,0.616788703,0,0,0,0,0,BouncyCastleProvider
4,0.269483165,0.269483165,0,0,0,0,0,Signing
3,0.592816725,0.592816725,0,0,0,0,0,JceSecurity
3,0.407384785,0.407384785,0,0,0,0,0,ISelectionProvider
2,0.142465911,0.142465911,0,0,0,0,0,String
10,0.323830321,0.323830321,1,0,0,0,0,Security
1,0.155690337,0.155690337,0,0,0,0,0,SetupCoreUtil
1,0.039020966,0.039020966,0,0,0,0,0,Caused
9,0.640146583,0.640146583,0,1,0,0,0,Provider
5,0.687621441,0.687621441,0,0,0,0,0,BinarySearch
7,0.316465702,0.316465702,0,0,0,1,0,FileChannel
9,0.444195064,0.444195064,0,1,0,0,0,MappedByteBuffer
3,0.294002497,0.294002497,0,0,0,0,0,String
3,0.163605231,0.163605231,0,0,0,0,0,System
2,0.379350681,0.379350681,0,0,0,0,0,ArrayList
2,0.219570953,0.219570953,0,0,0,0,0,UserAttribute
1,0.175427261,0.175427261,0,0,0,0,0,Movie
1,0.057409347,0.057409347,0,0,0,0,0,IOException
0,0.107812212,0.107812212,0,0,0,0,0,Country
5,0.461692241,0.461692241,0,0,0,0,0,SortedSet
4,0.231300528,0.231300528,0,0,0,0,0,TreeSet
4,0.211223509,0.211223509,0,0,0,0,0,NavigableMap
3,0.313744977,0.313744977,0,0,0,0,0,String
3,0.199088042,0.199088042,0,0,0,0,0,System
2,0.703206361,0.703206361,0,0,0,0,0,SortedProperties
10,0.637701977,0.637701977,1,0,0,0,0,Properties
1,0.347891559,0.347891559,0,0,0,0,0,List
1,0.228062667,0.228062667,0,0,0,0,0,WrappedSet
0,0.177600917,0.177600917,0,0,0,0,0,Set
9,0.534063429,0.534063429,0,1,0,0,0,ZipEntry
10,0.571669817,0.571669817,1,0,0,0,0,ZipOutputStream
4,0.496986803,0.496986803,0,0,0,0,0,ZipUtils
8,0.396000585,0.396000585,0,0,1,0,0,FileOutputStream
3,0.277732818,0.277732818,0,0,0,0,0,String
2,0.478895928,0.478895928,0,0,0,0,0,File
7,0.396000585,0.396000585,0,0,0,1,0,FileInputStream
1,0.571669817,0.571669817,0,0,0,0,0,ZipInputStream
1,0.224814988,0.224814988,0,0,0,0,0,System
0,0.668756322,0.668756322,0,0,0,0,0,ZipFile
9,0.511581161,0.511581161,0,1,0,0,0,ZipEntry
10,0.55229855,0.55229855,1,0,0,0,0,ZipOutputStream
4,0.353841373,0.353841373,0,0,0,0,0,String
3,0.645658323,0.645658323,0,0,0,0,0,File
3,0.073743642,0.073743642,0,0,0,0,0,IOException
2,0.193597684,0.193597684,0,0,0,0,0,System
2,0.55229855,0.55229855,0,0,0,0,0,ZipInputStream
8,0.466174969,0.466174969,0,0,1,0,0,FileOutputStream
7,0.466174969,0.466174969,0,0,0,1,0,FileInputStream
0,0.489008046,0.489008046,0,0,0,0,0,ZipComparison
5,0.322060499,0.322060499,0,0,0,0,0,ModelType
9,0.613778067,0.613778067,0,1,0,0,0,ArrayList
4,0.468905147,0.468905147,0,0,0,0,0,String
3,0.513300821,0.513300821,0,0,0,0,0,ListViewRow
3,0.641047314,0.641047314,0,0,0,0,0,Object
2,0.419119392,0.419119392,0,0,0,0,0,ListException
2,0.498027753,0.498027753,0,0,0,0,0,WorkPosition
1,0.291537413,0.291537413,0,0,0,0,0,Activity
1,0.052102918,0.052102918,0,0,0,0,0,System
0,0.233494449,0.233494449,0,0,0,0,0,YourClass
5,0.710755609,0.710755609,0,0,0,0,0,Compress
4,0.572635466,0.572635466,0,0,0,0,0,ZipEntry
4,0.248295726,0.248295726,0,0,0,0,0,String
3,0.618531896,0.618531896,0,0,0,0,0,ZipOutputStream
3,0.440674813,0.440674813,0,0,0,0,0,File
2,0.53876447,0.53876447,0,0,0,0,0,Deflater
2,0,0,0,0,0,0,0,Surya
1,0.250129477,0.250129477,0,0,0,0,0,System
1,0.150418073,0.150418073,0,0,0,0,0,IOException
0,0.687679995,0.687679995,0,0,0,0,0,ZipFile
8,0.129439992,0.129439992,0,0,1,0,0,LocalDateTime
4,0.64811755,0.64811755,0,0,0,0,0,Date
4,0.410746369,0.410746369,0,0,0,0,0,DateTimeFormatter
10,0.458432814,0.458432814,1,0,0,0,0,LocalDate
3,0.371675326,0.371675326,0,0,0,0,0,String
2,0.10936319,0.10936319,0,0,0,0,0,System
2,0.263106136,0.263106136,0,0,0,0,0,ZonedDateTime
1,0.398329994,0.398329994,0,0,0,0,0,ZoneId
1,0.287946163,0.287946163,0,0,0,0,0,SimpleDateFormat
0,0.529075035,0.529075035,0,0,0,0,0,JsonFormat
10,0.501139435,0.501139435,1,0,0,0,0,MongoClient
7,0.141973698,0.141973698,0,0,0,1,0,BasicDBObject
4,0.261905967,0.261905967,0,0,0,0,0,Date
3,0.21818998,0.21818998,0,0,0,0,0,String
3,0.267490953,0.267490953,0,0,0,0,0,Document
2,0.111066584,0.111066584,0,0,0,0,0,Person
2,0.30649797,0.30649797,0,0,0,0,0,Bson
1,0.226593581,0.226593581,0,0,0,0,0,PersonRepository
1,0.633043884,0.633043884,0,0,0,0,0,Mongo
0,0.168800121,0.168800121,0,0,0,0,0,Topics
5,0.738658802,0.738658802,0,0,0,0,0,HtmlEmail
4,0.44414146,0.44414146,0,0,0,0,0,SendGrid
6,0.308660665,0.308660665,0,0,0,0,1,InternetAddress
3,0.280017633,0.280017633,0,0,0,0,0,String
3,0.680050469,0.680050469,0,0,0,0,0,Email
2,0.018993158,0.018993158,0,0,0,0,0,System
7,0.287525975,0.287525975,0,0,0,1,0,MimeMessage
1,0.213039827,0.213039827,0,0,0,0,0,TemplateResolver
1,0.317437814,0.317437814,0,0,0,0,0,Content
0,0.570619706,0.570619706,0,0,0,0,0,EmailAttachment
5,0.685593578,0.685593578,0,0,0,0,0,RandomAccessFile
4,0.44588452,0.44588452,0,0,0,0,0,FileChannel
4,0.542771056,0.542771056,0,0,0,0,0,BufferedReader
3,0.475601548,0.475601548,0,0,0,0,0,FileInputStream
3,0.626116523,0.626116523,0,0,0,0,0,String
2,0.150014319,0.150014319,0,0,0,0,0,System
2,0.612052308,0.612052308,0,0,0,0,0,File
1,0.094922701,0.094922701,0,0,0,0,0,IOException
1,0.348282917,0.348282917,0,0,0,0,0,RandomAccessFileInputStream
0,0.32610951,0.32610951,0,0,0,0,0,DataInputStream
10,0.236555606,0.236555606,1,0,0,0,0,DriverManager
4,0.083449692,0.083449692,0,0,0,0,0,SQLException
4,0.15471604,0.15471604,0,0,0,0,0,Driver
3,0.076016017,0.076016017,0,0,0,0,0,System
3,0.247030821,0.247030821,0,0,0,0,0,String
8,0.187616141,0.187616141,0,0,1,0,0,Connection
2,0.177760104,0.177760104,0,0,0,0,0,Statement
1,0.189097356,0.189097356,0,0,0,0,0,DataJpaTest
1,0.625050666,0.625050666,0,0,0,0,0,Creating
0,0.187616141,0.187616141,0,0,0,0,0,Connecting
5,0.246433954,0.246433954,0,0,0,0,0,Value
4,0.718877162,0.718877162,0,0,0,0,0,Checksum
4,0.400338063,0.400338063,0,0,0,0,0,MessageDigest
3,0.28493878,0.28493878,0,0,0,0,0,String
3,0.164768382,0.164768382,0,0,0,0,0,System
2,0.587077255,0.587077255,0,0,0,0,0,File
2,0.243288786,0.243288786,0,0,0,0,0,CheckedInputStream
1,0,0,0,0,0,0,0,Adler
1,0.118414134,0.118414134,0,0,0,0,0,Sensors
0,0.058324226,0.058324226,0,0,0,0,0,IOException
10,0.550765085,0.550765085,1,0,0,0,0,HashCodeBuilder
9,0.782836283,0.782836283,0,1,0,0,0,EqualsBuilder
4,0.234049822,0.234049822,0,0,0,0,0,Object
3,0.285496827,0.285496827,0,0,0,0,0,String
3,0.110644675,0.110644675,0,0,0,0,0,SimpleBlock
2,0.33740715,0.33740715,0,0,0,0,0,Override
2,0.2520402,0.2520402,0,0,0,0,0,List
1,0.15383498,0.15383498,0,0,0,0,0,TestPoints
1,0.330364722,0.330364722,0,0,0,0,0,ToStringBuilder
0,0.267076726,0.267076726,0,0,0,0,0,CustomType
10,0.345981994,0.345981994,1,0,0,0,0,HashCodeBuilder
9,0.23615409,0.23615409,0,1,0,0,0,EqualsBuilder
4,0.022195904,0.022195904,0,0,0,0,0,Point
3,0.050668039,0.050668039,0,0,0,0,0,String
3,0.04641047,0.04641047,0,0,0,0,0,Object
2,0.02294798,0.02294798,0,0,0,0,0,TestPoints
2,0.188409882,0.188409882,0,0,0,0,0,Override
1,0.170628376,0.170628376,0,0,0,0,0,Cell
1,0.048251949,0.048251949,0,0,0,0,0,List
0,0.076579642,0.076579642,0,0,0,0,0,Date
10,0.344771479,0.344771479,1,0,0,0,0,HashCodeBuilder
9,0.446274231,0.446274231,0,1,0,0,0,EqualsBuilder
4,0.185180617,0.185180617,0,0,0,0,0,Point
3,0.31174492,0.31174492,0,0,0,0,0,Object
3,0.165473291,0.165473291,0,0,0,0,0,QuoteId
2,0.195289972,0.195289972,0,0,0,0,0,TestPoints
2,0.625765133,0.625765133,0,0,0,0,0,Override
1,0.106590786,0.106590786,0,0,0,0,0,Quote
1,0.25768843,0.25768843,0,0,0,0,0,InsidePoints
0,0.276900946,0.276900946,0,0,0,0,0,String
9,0.281872307,0.281872307,0,1,0,0,0,DriverManager
4,0.10018964,0.10018964,0,0,0,0,0,SQLException
4,0.330730832,0.330730832,0,0,0,0,0,Driver
8,0.671416884,0.671416884,0,0,1,0,0,Connection
3,0.11090504,0.11090504,0,0,0,0,0,System
2,0.257339949,0.257339949,0,0,0,0,0,String
2,0.072088578,0.072088578,0,0,0,0,0,ThesisTest
1,0.146264056,0.146264056,0,0,0,0,0,ClassNotFoundException
1,0.35929709,0.35929709,0,0,0,0,0,DataBase
0,0.747499064,0.747499064,0,0,0,0,0,Database
9,0.225144188,0.225144188,0,1,0,0,0,DriverManager
4,0.295246613,0.295246613,0,0,0,0,0,MysqlDataSource
4,0.169167343,0.169167343,0,0,0,0,0,System
3,0.299563556,0.299563556,0,0,0,0,0,String
8,0.571907907,0.571907907,0,0,1,0,0,Connection
2,0.138380692,0.138380692,0,0,0,0,0,SQLException
2,0.253451589,0.253451589,0,0,0,0,0,InitialContext
1,0.266246466,0.266246466,0,0,0,0,0,Driver
10,0.604322634,0.604322634,1,0,0,0,0,Properties
0,0.196810857,0.196810857,0,0,0,0,0,Statement
10,0.439749669,0.439749669,1,0,0,0,0,InetAddress
9,0.355403553,0.355403553,0,1,0,0,0,NetworkInterface
4,0.307712521,0.307712521,0,0,0,0,0,System
3,0.333494178,0.333494178,0,0,0,0,0,WakeOnLan
3,0.184682939,0.184682939,0,0,0,0,0,String
2,0.248146842,0.248146842,0,0,0,0,0,NTSystem
2,0.170119725,0.170119725,0,0,0,0,0,WriteLine
1,0.187223796,0.187223796,0,0,0,0,0,Main
1,0.102056884,0.102056884,0,0,0,0,0,MDataChannel
0,0.141237416,0.141237416,0,0,0,0,0,GlobalIPv
9,0.703900378,0.703900378,0,1,0,0,0,Socket
10,0.750559371,0.750559371,1,0,0,0,0,ServerSocket
4,0.164419748,0.164419748,0,0,0,0,0,System
3,0.155803104,0.155803104,0,0,0,0,0,String
3,0.71517326,0.71517326,0,0,0,0,0,Client
2,0.12648196,0.12648196,0,0,0,0,0,IOException
2,0.291544686,0.291544686,0,0,0,0,0,Thread
1,0.698197632,0.698197632,0,0,0,0,0,Server
1,0.471727951,0.471727951,0,0,0,0,0,ConnectionListener
0,0.681172763,0.681172763,0,0,0,0,0,Connection
7,0.66768467,0.66768467,0,0,0,1,0,Signature
8,0.265925462,0.265925462,0,0,1,0,0,PublicKey
4,0.154241664,0.154241664,0,0,0,0,0,String
3,0.132007406,0.132007406,0,0,0,0,0,System
3,0.185575046,0.185575046,0,0,0,0,0,KeyPair
2,0.295924022,0.295924022,0,0,0,0,0,EncodedKeySpec
2,0.138165701,0.138165701,0,0,0,0,0,Base
1,0.158984613,0.158984613,0,0,0,0,0,GeneralSecurityException
1,0.103465855,0.103465855,0,0,0,0,0,Exception
0,0.406596748,0.406596748,0,0,0,0,0,GoogleIdTokenVerifier
9,0.092373036,0.092373036,0,1,0,0,0,UnknownHostException
10,0.408918664,0.408918664,1,0,0,0,0,InetAddress
4,0.249623997,0.249623997,0,0,0,0,0,InitialDirContext
3,0.593176888,0.593176888,0,0,0,0,0,String
3,0.24334542,0.24334542,0,0,0,0,0,DNSResolver
2,0.261950578,0.261950578,0,0,0,0,0,DomainResolutionTest
2,0.035863325,0.035863325,0,0,0,0,0,IPv
1,0.234841858,0.234841858,0,0,0,0,0,System
1,0.38876601,0.38876601,0,0,0,0,0,DnsContextFactory
0,0.591473212,0.591473212,0,0,0,0,0,DnsClient
5,0.190008488,0.190008488,0,0,0,0,0,NetworkInterface
10,0.329194889,0.329194889,1,0,0,0,0,InetAddress
9,0.073400068,0.073400068,0,1,0,0,0,UnknownHostException
3,0.202496569,0.202496569,0,0,0,0,0,SocketException
3,0.592705217,0.592705217,0,0,0,0,0,String
2,0.206354528,0.206354528,0,0,0,0,0,System
2,0.271023038,0.271023038,0,0,0,0,0,IPAddress
1,0.303232641,0.303232641,0,0,0,0,0,NetMask
1,0.252096068,0.252096068,0,0,0,0,0,Enumeration
0,0.151890272,0.151890272,0,0,0,0,0,ClientDiscovery
5,0.669666654,0.669666654,0,0,0,0,0,NamesColumns
4,0.300838266,0.300838266,0,0,0,0,0,String
4,0.573067781,0.573067781,0,0,0,0,0,TableData
3,0.676985086,0.676985086,0,0,0,0,0,Table
3,0.396582892,0.396582892,0,0,0,0,0,NumberOfColumns
2,0,0,0,0,0,0,0,Micheal
2,-0.031290047,-0.031290047,0,0,0,0,0,Example
1,0.297850549,0.297850549,0,0,0,0,0,Order
1,0.130700181,0.130700181,0,0,0,0,0,Profile
0,0.711117862,0.711117862,0,0,0,0,0,DatabaseTable
5,0.429867687,0.429867687,0,0,0,0,0,HttpPost
4,0.278931975,0.278931975,0,0,0,0,0,StringEntity
8,0.460172693,0.460172693,0,0,1,0,0,HttpResponse
3,0.641645382,0.641645382,0,0,0,0,0,Content
7,0.403781833,0.403781833,0,0,0,1,0,HttpClient
2,0.276490615,0.276490615,0,0,0,0,0,String
2,0.098270933,0.098270933,0,0,0,0,0,System
1,0.604328498,0.604328498,0,0,0,0,0,Type
1,0.199901058,0.199901058,0,0,0,0,0,Date
9,0.713004409,0.713004409,0,1,0,0,0,ContentType
5,0.652957916,0.652957916,0,0,0,0,0,Date
4,0.16520526,0.16520526,0,0,0,0,0,SimpleDateFormat
4,0.443495064,0.443495064,0,0,0,0,0,ZoneId
10,0.459527484,0.459527484,1,0,0,0,0,TimeZone
3,0.355470741,0.355470741,0,0,0,0,0,String
2,0.245759146,0.245759146,0,0,0,0,0,System
2,0.478669067,0.478669067,0,0,0,0,0,Calendar
1,0.284054496,0.284054496,0,0,0,0,0,Interval
1,0.322491969,0.322491969,0,0,0,0,0,America
0,0.357525385,0.357525385,0,0,0,0,0,PrettyDate
9,0.693561506,0.693561506,0,1,0,0,0,Scanner
4,0.687016575,0.687016575,0,0,0,0,0,Reading
10,0.491516346,0.491516346,1,0,0,0,0,FileReader
3,0.37271078,0.37271078,0,0,0,0,0,String
3,0.276280044,0.276280044,0,0,0,0,0,System
2,0.668077187,0.668077187,0,0,0,0,0,File
2,0.46786868,0.46786868,0,0,0,0,0,FileInputStream
1,0.339906358,0.339906358,0,0,0,0,0,FileNotFoundException
1,0,0,0,0,0,0,0,Feynman
0,0.277980028,0.277980028,0,0,0,0,0,ContactList
5,0.319495497,0.319495497,0,0,0,0,0,OutputStream
4,0.432802313,0.432802313,0,0,0,0,0,ByteBuffer
4,0.420258948,0.420258948,0,0,0,0,0,BufferedOutputStream
3,0.275433489,0.275433489,0,0,0,0,0,GZIPOutputStream
3,0.328720453,0.328720453,0,0,0,0,0,InputStream
2,0.41021931,0.41021931,0,0,0,0,0,ZipInputStream
2,0.275433489,0.275433489,0,0,0,0,0,GZIPInputStream
1,0.617665315,0.617665315,0,0,0,0,0,Deflater
1,0.574953893,0.574953893,0,0,0,0,0,CompressedBlockOutputStream
0,0.335034885,0.335034885,0,0,0,0,0,ZipUtil
5,0.766787379,0.766787379,0,0,0,0,0,Circle
10,0.644519019,0.644519019,1,0,0,0,0,MouseEvent
4,0.141730352,0.141730352,0,0,0,0,0,Override
9,0.410340627,0.410340627,0,1,0,0,0,Color
3,0.402984723,0.402984723,0,0,0,0,0,JPanel
2,0.383420355,0.383420355,0,0,0,0,0,JRadioButton
2,0.350247583,0.350247583,0,0,0,0,0,JFrame
1,0.620835886,0.620835886,0,0,0,0,0,DrawingBoard
1,0.62184085,0.62184085,0,0,0,0,0,DrawingFrame
0,0.282561519,0.282561519,0,0,0,0,0,String
9,0.363601185,0.363601185,0,1,0,0,0,BufferedImage
10,0.19768667,0.19768667,1,0,0,0,0,Robot
4,0.274951061,0.274951061,0,0,0,0,0,String
3,0.279149028,0.279149028,0,0,0,0,0,File
8,0.320687738,0.320687738,0,0,1,0,0,Rectangle
2,0.456554585,0.456554585,0,0,0,0,0,FullScreenshot
2,0.072057913,0.072057913,0,0,0,0,0,Toolkit
1,0.039222509,0.039222509,0,0,0,0,0,Exception
1,0.604189419,0.604189419,0,0,0,0,0,Screenshot
0,0.173632326,0.173632326,0,0,0,0,0,JMenuItem
5,0.574976479,0.574976479,0,0,0,0,0,MailReceiver
4,0.314931672,0.314931672,0,0,0,0,0,InternetAddress
4,0.158354359,0.158354359,0,0,0,0,0,String
3,0.151508587,0.151508587,0,0,0,0,0,Exception
3,0.345403943,0.345403943,0,0,0,0,0,MimeMessage
10,0.406147168,0.406147168,1,0,0,0,0,Message
2,0.212341803,0.212341803,0,0,0,0,0,Session
1,0.280348598,0.280348598,0,0,0,0,0,SMTPTransport
1,0.240380315,0.240380315,0,0,0,0,0,ConnectDialog
0,0.327859485,0.327859485,0,0,0,0,0,Transport
