BRAID,37,0.37293844367015094,0.6272357723577235,0.7408246225319395,0.5100987454602437,0.5259794351344873
LTR,37,0.2833333333333333,0.5499419279907085,0.6754355400696863,0.43461912136128156,0.45200191729808453
AL,37,0.39924506387921016,0.6534843205574912,0.7674216027874563,0.537969634330697,0.5500736500562284
BRAID,37,0.4184088269454123,0.6681184668989546,0.7843786295005806,0.5475484163855243,0.5632710211455855
LTR,37,0.28101045296167254,0.5107433217189314,0.6440766550522647,0.4166695702671312,0.43561224489795913
AL,37,0.4135307781649245,0.6534262485481996,0.7674216027874563,0.5440992040447615,0.5580609710008664
BRAID,371,0.31951219512195117,0.5884436701509872,0.7118466898954703,0.45942342790774837,0.4811183931567206
LTR,371,0.29518002322880377,0.5447154471544715,0.6729965156794424,0.4356512130597496,0.45677539037295123
AL,371,0.31951219512195117,0.5836817653890825,0.6901277584204413,0.45842753903729516,0.47937150876610807
BRAID,37,0.40876887340301976,0.6415214866434378,0.7408246225319395,0.5359011185775123,0.5519664058035139
LTR,37,0.2299651567944251,0.4695702671312428,0.6076074332171892,0.38904042917980197,0.40143910274136757
AL,37,0.3868757259001161,0.6510452961672473,0.7650406504065039,0.5313828166768061,0.5454268523127408
BRAID,37,0.4039488966318234,0.6704413472706154,0.7553426248548198,0.5369585937355972,0.5533047351732021
LTR,37,0.22473867595818814,0.46219512195121953,0.6098141695702671,0.37452724314658103,0.38889575613443206
AL,37,0.4088269454123112,0.6631242740998837,0.7674796747967478,0.5441779238795789,0.5577980338476853
BRAID,37,0.38675958188153303,0.6242740998838558,0.7186991869918697,0.5192100593624984,0.5325545922976237
LTR,37,0.2519163763066202,0.4916957026713124,0.6272357723577235,0.40034375403277844,0.41424338163449653
AL,37,0.3818815331010452,0.6022067363530778,0.7089430894308942,0.5107240450380693,0.5233661255830245
BRAID,37,0.3605691056910568,0.624506387921022,0.743437862950058,0.5019978384307653,0.5179001898862526
LTR,37,0.31713124274099885,0.5544134727061556,0.673170731707317,0.4578808555942702,0.47225234131593014
AL,37,0.3749128919860627,0.6558652729384435,0.7674796747967478,0.5216764029460023,0.5356919556440463
BRAID,37,0.39651567944250865,0.6340301974448315,0.7335075493612078,0.5217802757959553,0.5395772495990265
LTR,37,0.24425087108013938,0.4793263646922183,0.6173054587688733,0.39445108124550626,0.409164638755231
AL,37,0.3964576074332171,0.6534262485481996,0.7649825783972124,0.5312086006489316,0.5463405185922607
BRAID,37,0.36295005807200925,0.6023809523809524,0.7116144018583043,0.5022085799089283,0.5140108170639529
LTR,37,0.24680603948896634,0.5012195121951221,0.648780487804878,0.40415449919805313,0.41461430507162217
AL,37,0.37479674796747964,0.6022067363530776,0.7163182346109174,0.5075136768799661,0.5176509180908135
BRAID,37,0.8084785133565621,0.847212543554007,0.847212543554007,0.8270421989934185,0.8274390243902439
LTR,37,0.8061556329849011,0.8423344947735192,0.844773519163763,0.8243495934959351,0.825081300813008
AL,37,0.8084785133565621,0.847212543554007,0.847212543554007,0.8270421989934185,0.8274390243902439
BRAID,37,0.37009291521486637,0.6172473867595818,0.7357723577235771,0.5033849759415961,0.5201296250207399
LTR,37,0.22282229965156794,0.46463414634146344,0.6148664343786294,0.38212937614070014,0.39449025680733
AL,37,0.37235772357723573,0.6389082462253193,0.7650406504065039,0.5157570216433457,0.5299723697066903
BRAID,37,0.3988385598141695,0.6606852497096398,0.7576074332171893,0.5374145281418801,0.5517544429695997
LTR,37,0.2469802555168409,0.5034843205574913,0.6631823461091753,0.40609275620817425,0.42041973157826806
AL,37,0.40609756097560973,0.6654471544715446,0.772183507549361,0.5449866687867557,0.5586793687664768
BRAID,37,0.36968641114982576,0.6216608594657375,0.7090011614401858,0.5029101681322936,0.518917648360157
LTR,37,0.2226480836236934,0.44785133565621377,0.6221254355400696,0.3723703519348118,0.3870165044337518
AL,37,0.37212543554006966,0.6239837398373983,0.7185830429732868,0.5085164790848589,0.5214158508932029
BRAID,37,0.3967479674796747,0.6316492450638791,0.7408246225319395,0.5260331747875301,0.5404525238279593
LTR,37,0.23240418118466896,0.4454703832752614,0.5977932636469221,0.37631275003226217,0.38898532990431944
AL,37,0.3991289198606271,0.6534843205574912,0.7675377468060394,0.5358387833453164,0.5495818123997566
BRAID,37,0.38919860627177694,0.6606271777003483,0.7771196283391404,0.5329278317017864,0.5457468936083918
LTR,37,0.22247386759581883,0.5058072009291522,0.6632404181184668,0.4008480817801375,0.40711573382740635
AL,37,0.38919860627177694,0.655807200929152,0.7650406504065039,0.5315608119941743,0.5443291991593385
BRAID,37,0.3270034843205575,0.6272357723577235,0.7264808362369337,0.4843076986892318,0.49781160702763483
LTR,37,0.28577235772357723,0.5641695702671312,0.6898954703832751,0.4429297789576534,0.45871176926054985
AL,37,0.36335656213704987,0.6036004645760743,0.7173635307781648,0.49979860304555424,0.5140378482016114
BRAID,37,0.34674796747967473,0.605691056910569,0.7339721254355399,0.4910104414394484,0.5046243524510075
LTR,37,0.24425087108013938,0.49645760743321715,0.6391405342624854,0.40052863964013785,0.41279863300333686
AL,37,0.3442508710801393,0.5913472706155632,0.7126016260162601,0.4895597358184466,0.5018348911380269
BRAID,37,0.4038327526132404,0.6391405342624854,0.7603368176538907,0.533765762402522,0.5485520942794462
LTR,37,0.23728222996515677,0.4600464576074332,0.6098722415795587,0.3867003461276109,0.40024503161698277
AL,37,0.40371660859465736,0.6534843205574912,0.7650406504065039,0.5392835135409177,0.5545199611009715
BRAID,37,0.30040650406504066,0.5621951219512196,0.6954703832752612,0.4588934171229466,0.4723779796471435
LTR,37,0.2686991869918699,0.5157375145180023,0.6659117305458768,0.4202910513799015,0.43472060911085303
AL,37,0.3465156794425087,0.5749128919860627,0.6936120789779325,0.48173917602271266,0.4958997474328484
BRAID,37,0.40632984901277575,0.6559814169570266,0.762485481997677,0.5415450380694282,0.5567541894806702
LTR,37,0.22055749128919855,0.49175377468060394,0.636759581881533,0.3845196384786977,0.39846265877624754
AL,37,0.4062137049941928,0.6656213704994192,0.7722996515679441,0.5430030257360395,0.557286124476891
BRAID,37,0.3771196283391405,0.607142857142857,0.7163763066202089,0.5076006235827664,0.5198929124495326
LTR,37,0.2198025551684088,0.4307781649245063,0.5833333333333333,0.36783928340984084,0.3798956547388602
AL,37,0.37218350754936114,0.6094076655052264,0.7162020905923344,0.5078962608078461,0.5202606327083679
BRAID,37,0.37735191637630655,0.585540069686411,0.7092334494773518,0.501840329627786,0.5139508093210183
LTR,37,0.21794425087108013,0.41869918699186986,0.6026713124274099,0.36865929705215417,0.38046934627509543
AL,37,0.3844947735191637,0.6094657375145179,0.7163182346109174,0.516269484080895,0.5267086997400586
BRAID,37,0.6752032520325202,0.8399535423925668,0.847212543554007,0.7520702671312427,0.7533246225319397
LTR,37,0.6464576074332171,0.8375145180023228,0.847212543554007,0.736052071234998,0.7367160278745646
AL,37,0.6752032520325202,0.8399535423925668,0.847212543554007,0.7520702671312427,0.7533246225319397
BRAID,37,0.6826945412311265,0.8399535423925668,0.847212543554007,0.7554423151374372,0.756967673248161
LTR,37,0.6202090592334495,0.832752613240418,0.847212543554007,0.7237940379403793,0.7232433217189315
AL,37,0.6826945412311265,0.8399535423925668,0.847212543554007,0.7554423151374372,0.756967673248161
BRAID,37,0.6824622531939604,0.844773519163763,0.847212543554007,0.7558449477351916,0.7577719705768488
LTR,37,0.6778745644599302,0.8398954703832752,0.847212543554007,0.7512040263259776,0.7538714672861013
AL,37,0.6824622531939604,0.844773519163763,0.847212543554007,0.7558449477351916,0.7577719705768488
BRAID,37,0.8253193960511034,0.847212543554007,0.847212543554007,0.8362659698025553,0.8362659698025553
LTR,37,0.820499419279907,0.8398954703832752,0.8423344947735192,0.8285172280294232,0.8314847077042199
AL,37,0.8253193960511034,0.847212543554007,0.847212543554007,0.8362659698025553,0.8362659698025553
BRAID,371,0.6054006968641115,0.8279326364692217,0.847212543554007,0.7121989934185056,0.7133952768099109
LTR,371,0.651451800232288,0.8399535423925668,0.847212543554007,0.7380845915602013,0.7394260549748355
AL,371,0.6054006968641115,0.8279326364692217,0.847212543554007,0.7121989934185056,0.7133952768099109
BRAID,37,0.49645760743321726,0.716608594657375,0.7917537746806038,0.6086121250668288,0.6285457340117618
LTR,37,0.4506968641114983,0.7020325203252031,0.801451800232288,0.5820831950666444,0.5999627601718194
AL,37,0.49645760743321726,0.7117886178861788,0.7797328687572589,0.6062745423372601,0.6268972724591192
BRAID,371,0.47473867595818814,0.719163763066202,0.7943089430894308,0.594500258097819,0.6149962667994027
LTR,371,0.4988385598141697,0.7119047619047618,0.7917537746806038,0.6052766255553711,0.6268241524251976
AL,371,0.47473867595818814,0.719163763066202,0.7870499419279906,0.5948659504452187,0.6151102446398614
BRAID,37,0.4842044134727061,0.7022067363530777,0.7797909407665504,0.5950959801264679,0.6169763840495547
LTR,37,0.4455284552845528,0.6732288037166085,0.7628919860627177,0.565700689489888,0.5869680880482273
AL,37,0.4842044134727061,0.7069686411149825,0.7724738675958187,0.5955941319617277,0.6174412136128165
BRAID,371,0.4868176538908247,0.7142857142857142,0.7869918699186991,0.6002398005272569,0.6207914615710782
LTR,371,0.4819976771196283,0.7190476190476189,0.796457607433217,0.5971787373485979,0.6168986781704551
AL,371,0.4868176538908247,0.7167247386759581,0.7821718931475028,0.6003837591947347,0.620783879947643
BRAID,37,0.40876887340301965,0.6584204413472705,0.7795586527293843,0.5432447735191638,0.5592797688180963
LTR,37,0.22514518002322884,0.4936701509872242,0.6387921022067362,0.3895564289401397,0.40006646018841135
AL,37,0.40876887340301965,0.655807200929152,0.7674216027874563,0.5428061339712037,0.5580696818022602
BRAID,371,0.3098141695702671,0.5763646922183507,0.7047038327526132,0.4561535128956732,0.47625479324521136
LTR,371,0.2807200929152149,0.5303135888501742,0.6657375145180022,0.4229987509909113,0.44339871043268253
AL,371,0.3098141695702671,0.5764227642276423,0.6903600464576074,0.4544324843758642,0.4744035175045628
BRAID,37,0.4088269454123112,0.6657375145180022,0.7794425087108012,0.5479145350552145,0.561640488173589
LTR,37,0.23019744483159119,0.5016260162601626,0.6394308943089431,0.3954920911454012,0.405765144811312
AL,37,0.40632984901277586,0.6606852497096398,0.7771196283391404,0.5445971023910918,0.5584659541323304
BRAID,371,0.3000580720092915,0.5691056910569107,0.7241579558652729,0.4532263379606585,0.46887100639713875
LTR,371,0.3050522648083624,0.5397793263646922,0.685307781649245,0.44454095459321935,0.46539359917408696
AL,371,0.3000580720092915,0.5544715447154472,0.685423925667828,0.44878695177257893,0.46443743893221245
BRAID,37,0.39686411149825773,0.6658536585365853,0.7554587688734029,0.5293007162214479,0.5456203565437014
LTR,37,0.22531939605110338,0.4915214866434379,0.634088269454123,0.38789756281916554,0.40408972125435544
AL,37,0.3943670150987223,0.6582462253193959,0.7650987224157955,0.5360197744409416,0.5490146424423428
BRAID,371,0.31707317073170727,0.5908826945412311,0.7142857142857142,0.4604159753332227,0.48129986818575665
LTR,371,0.3024970963995355,0.5495934959349593,0.682752613240418,0.4421399535423925,0.4625361336946702
AL,371,0.31707317073170727,0.5812427409988385,0.7047619047619047,0.458917279648987,0.47905888778275535
BRAID,37,0.4011614401858304,0.6678861788617885,0.7504065040650405,0.5359385888501741,0.5499320649669082
LTR,37,0.21010452961672477,0.498548199767712,0.6415214866434379,0.37997316474015086,0.3933552716479546
AL,37,0.4011614401858304,0.6581881533101044,0.7698025551684087,0.5396525934221927,0.5532978679276589
BRAID,37,0.41097560975609754,0.6656213704994192,0.7699767711962833,0.5457226623711815,0.55823852847372
LTR,37,0.20545876887340295,0.45063879210220675,0.6272938443670151,0.37203245119185885,0.3847128200873845
AL,37,0.41097560975609754,0.6534262485481996,0.7674216027874563,0.5441729462787824,0.5570115729218517
BRAID,37,0.40859465737514516,0.6631823461091753,0.7770615563298489,0.5447780704422691,0.55860322990985
LTR,37,0.24436701509872244,0.5033681765389083,0.6365272938443669,0.4026425760005899,0.4152965820474531
AL,37,0.40859465737514516,0.6630081300813007,0.7698025551684087,0.5451173999410063,0.5598428138192946
BRAID,37,0.4232288037166086,0.6850754936120789,0.7650406504065039,0.5534418726840328,0.569182843869255
LTR,37,0.2637630662020906,0.48176538908246236,0.6368176538908246,0.40561318972033256,0.42152425197721366
AL,37,0.4232288037166086,0.6680603948896631,0.7650406504065039,0.5549913468097266,0.5689473065649023
BRAID,37,0.4354239256678281,0.6825783972125434,0.7746806039488965,0.5619797254945339,0.5775946205040281
LTR,37,0.25911730545876893,0.5083623693379791,0.655807200929152,0.41269175285290266,0.4294340744427852
AL,37,0.4354239256678281,0.6753774680603948,0.7698606271777002,0.560465601552274,0.5762943836071013
BRAID,37,0.3916376306620209,0.6657955865272938,0.7577235772357722,0.5354963082794093,0.5486218959128366
LTR,37,0.2346109175377468,0.48164924506387924,0.5979094076655052,0.38044701620485594,0.3974848137086812
AL,37,0.3916376306620209,0.6534843205574912,0.76260162601626,0.5333711377504932,0.5468247746252972
BRAID,371,0.30267131242740997,0.5886178861788617,0.7144018583042973,0.4539433198753756,0.4747609599395314
LTR,371,0.27137049941927993,0.5687572590011614,0.6921602787456445,0.43211649429419463,0.45058228711538806
AL,371,0.30267131242740997,0.5861788617886179,0.7048780487804878,0.45189605110336817,0.4726745156057003
BRAID,37,0.3773519163763065,0.6582462253193959,0.7649245063879209,0.5262052592039528,0.5401644682263149
LTR,37,0.266144018583043,0.4717189314750291,0.6047619047619047,0.40310911085301315,0.4159098639455781
AL,37,0.3773519163763065,0.6655632984901276,0.7674216027874563,0.5280782889036373,0.540899493943919
BRAID,37,0.401335656213705,0.6509872241579557,0.7528455284552844,0.5384187130136607,0.5524781769076194
LTR,37,0.21533101045296169,0.4693960511033682,0.6051103368176538,0.378795558873956,0.39057198624707334
AL,37,0.401335656213705,0.6655632984901276,0.7625435540069685,0.5411677197979462,0.5543063851556883
BRAID,37,0.3652729384436701,0.6388501742160277,0.7407084785133564,0.5050804481684272,0.5226335425769223
LTR,37,0.27392566782810684,0.5083623693379792,0.6389082462253194,0.41397099625758155,0.4326959930313589
AL,37,0.4159698025551684,0.6607433217189314,0.7649825783972124,0.5467465041572184,0.5615634505834854
BRAID,37,0.4182346109175377,0.6729384436701509,0.7746806039488965,0.5492030077613701,0.5653676511254908
LTR,37,0.22270615563298493,0.433739837398374,0.6030197444831591,0.3710486721788987,0.38211448942720716
AL,37,0.4182346109175377,0.6607433217189314,0.7674216027874563,0.5475493496856737,0.5633452242685693
BRAID,37,0.4183507549361208,0.6728803716608593,0.7698606271777002,0.5487192356617443,0.5644498138008591
LTR,37,0.23931475029036003,0.45975609756097563,0.6412891986062718,0.38805792913371306,0.4058353382003207
AL,37,0.4159117305458769,0.6607433217189314,0.7650406504065039,0.5475091832125805,0.5620177949228471
BRAID,37,0.3124854819976771,0.5882694541231126,0.7168408826945412,0.46900827065243444,0.48098996644728353
LTR,37,0.19343786295005802,0.4523809523809524,0.6171312427409987,0.3610382906550154,0.370001590066921
AL,37,0.3124854819976771,0.5955284552845528,0.7144018583042973,0.47171069308482194,0.48388902715557763
BRAID,37,0.22746806039488962,0.4576655052264808,0.6053426248548199,0.37858337711778467,0.3897867005880943
LTR,37,0.2203252032520325,0.46260162601626026,0.6126016260162601,0.3803032073262909,0.39087838522943047
AL,37,0.3555168408826945,0.6437282229965156,0.7625435540069685,0.5070092108659181,0.5189723328355731
BRAID,37,0.4159117305458769,0.6728803716608593,0.765156794425087,0.5462348137086812,0.5634753101782718
LTR,37,0.22003484320557493,0.4767131242740999,0.6537166085946573,0.38519184503069515,0.39531946518444766
AL,37,0.4159117305458769,0.6607433217189314,0.7650406504065039,0.5472803518426341,0.5624809883302915
BRAID,37,0.4183507549361208,0.6655632984901276,0.7723577235772356,0.5496556352893461,0.5652160186567852
LTR,37,0.2250871080139373,0.4814750290360047,0.6171893147502903,0.3871703952583744,0.40011218037350443
AL,37,0.4183507549361208,0.6607433217189314,0.7650406504065039,0.5484998640377561,0.5637005005254134
BRAID,37,0.41103368176538907,0.6752032520325202,0.7673635307781648,0.5474995851999336,0.5594720056044098
LTR,37,0.22967479674796748,0.44279907084785136,0.6295586527293844,0.38273655126007033,0.394440872554984
AL,37,0.41103368176538907,0.6558652729384435,0.7650406504065039,0.5447735767748835,0.5576029395498037
BRAID,371,0.30987224157955867,0.5862369337979093,0.7215447154471544,0.4630562699334477,0.4820527072617665
LTR,371,0.25412311265969806,0.47218350754936117,0.6171893147502903,0.39763693011079765,0.41414523532990427
AL,371,0.30987224157955867,0.586295005807201,0.7216608594657374,0.46364309680511767,0.4824997925999668
BRAID,37,0.4159117305458769,0.6825203252032519,0.7747967479674795,0.5484279768818097,0.5642293475655844
LTR,37,0.2345528455284553,0.4814750290360047,0.6412311265969801,0.39455626762900275,0.4067445569013513
AL,37,0.4159117305458769,0.6607433217189314,0.7650406504065039,0.5472803518426341,0.5624809883302915
BRAID,37,0.4207897793263647,0.6632404181184668,0.7649825783972124,0.548701837103405,0.5646599791678188
LTR,37,0.2254355400696864,0.4626596980255517,0.5979094076655052,0.3795869282672418,0.3915332623564331
AL,37,0.4183507549361208,0.6632404181184668,0.7674796747967478,0.5481330425123978,0.5635901637077596
BRAID,37,0.36538908246225316,0.6512195121951219,0.76260162601626,0.5193472660066737,0.5302770864443338
LTR,37,0.2081881533101045,0.48199767711962826,0.6273519163763066,0.37689287096952595,0.38631095256530795
AL,37,0.36295005807200925,0.6509872241579557,0.7649245063879209,0.5191314201832495,0.529379551278506
BRAID,37,0.3965156794425086,0.6827526132404179,0.774738675958188,0.5405381109083199,0.5545681931309109
LTR,37,0.23013937282229963,0.4890243902439025,0.6806039488966318,0.395677207197242,0.4081723217742382
AL,37,0.3940766550522647,0.6559233449477351,0.7650987224157955,0.5346802467599505,0.5480452546872409
BRAID,37,0.4206736353077816,0.6777584204413472,0.7724157955865272,0.548755277178622,0.5659834448684623
LTR,37,0.2517421602787457,0.4791521486643438,0.6292102206736352,0.39555605101119035,0.40981481481481474
AL,37,0.4206736353077816,0.658362369337979,0.7650406504065039,0.5474100459967184,0.5637285686632377
BRAID,37,0.03809523809523809,0.0642857142857143,0.06904761904761905,0.051179138321995464,0.05248866213151926
LTR,37,0.016666666666666666,0.03571428571428571,0.05952380952380952,0.03287603930461073,0.03397392290249432
AL,37,0.03809523809523809,0.06190476190476191,0.07142857142857142,0.051103552532123966,0.05189720332577476
BRAID,37,0.04047619047619048,0.06190476190476191,0.06666666666666667,0.05127551020408163,0.052664399092970514
LTR,37,0.014285714285714285,0.03809523809523809,0.05238095238095238,0.03069349962207104,0.031676114890400606
AL,37,0.03809523809523809,0.0642857142857143,0.07142857142857142,0.05048563869992441,0.0518745275888133
BRAID,37,0.04285714285714286,0.05952380952380952,0.06904761904761905,0.0513869992441421,0.05349017384731669
LTR,37,0.019047619047619046,0.03809523809523809,0.05476190476190477,0.03337112622826908,0.034297052154195
AL,37,0.04285714285714286,0.06190476190476191,0.07142857142857142,0.053008314436885876,0.054397203325774746
BRAID,37,0.04047619047619048,0.06190476190476191,0.06666666666666667,0.05144463340891912,0.052635109599395304
LTR,37,0.019047619047619046,0.03571428571428571,0.04285714285714286,0.03279053287981858,0.03273431594860165
AL,37,0.04047619047619048,0.05952380952380952,0.07142857142857142,0.052271352985638696,0.0530650037792895
BRAID,37,0.39680603948896626,0.6754936120789778,0.7700348432055748,0.5388188568110172,0.5524732684401673
LTR,37,0.2036585365853658,0.4722415795586528,0.6103368176538908,0.3721585273675866,0.3830768255811809
AL,37,0.411149825783972,0.6632404181184668,0.7674796747967478,0.5458609060155226,0.5601081936839776
BRAID,37,0.2978513356562137,0.54732868757259,0.6538908246225319,0.44056730822410267,0.45610917537746803
LTR,37,0.20104529616724737,0.45778164924506387,0.6173635307781649,0.36973154370149136,0.3791697315782681
AL,37,0.30267131242740997,0.5327526132404181,0.6466898954703832,0.44326187249967736,0.4567200376085393
BRAID,37,0.41114982578397213,0.6631242740998837,0.7551684088269452,0.5433193683977657,0.5595157900558598
LTR,37,0.22770034843205575,0.4819396051103368,0.60801393728223,0.385499764946629,0.39715942610106375
AL,37,0.4208478513356562,0.6728803716608593,0.7699186991869917,0.5521839108272034,0.5673119573032464
BRAID,37,0.401567944250871,0.6656213704994192,0.7674216027874563,0.5357749847906643,0.5500640866102537
LTR,37,0.23495934959349593,0.5013937282229965,0.6246806039488966,0.4002144977232084,0.4072466032483453
AL,37,0.4184088269454123,0.6631242740998837,0.7650406504065039,0.5484935037700717,0.5637522122670205
BRAID,37,0.38228803716608584,0.6534843205574912,0.7505226480836236,0.5313593343841602,0.5417302462990616
LTR,37,0.18170731707317073,0.47247386759581883,0.6128339140534262,0.36068338310934134,0.37073023247239273
AL,37,0.3919860627177699,0.6583042973286874,0.7649825783972124,0.537034928470033,0.548340454067806
BRAID,37,0.4209639953542393,0.6534262485481996,0.7454703832752612,0.5392220655199749,0.5595052126541673
LTR,37,0.2640534262485482,0.5036004645760743,0.648780487804878,0.41417150600077424,0.42857866452814186
AL,37,0.4184088269454123,0.6412311265969801,0.7333333333333332,0.5397623771730914,0.5565880620540898
BRAID,37,0.4084785133565621,0.6387340301974447,0.7407084785133564,0.5312667648360156,0.5488959635344652
LTR,37,0.2322880371660859,0.5060394889663182,0.6462833914053425,0.3946197435613812,0.41105407610198547
AL,37,0.40609756097560973,0.6289779326364691,0.7332752613240416,0.5304311731467654,0.5456802029754991
BRAID,37,0.4184088269454123,0.655807200929152,0.750464576074332,0.5421304822742103,0.5595613489298158
LTR,37,0.20807200929152145,0.4329268292682927,0.5952961672473868,0.364671040502922,0.37457275593164086
AL,37,0.4232288037166086,0.6631823461091753,0.7699186991869917,0.5491274565381709,0.5655001797466953
BRAID,37,0.4159698025551684,0.660917537746806,0.7771196283391404,0.5458979960547904,0.561971337315414
LTR,37,0.24216027874564464,0.501219512195122,0.6683507549361207,0.3991774514683922,0.41534193352137605
AL,37,0.42317073170731706,0.658362369337979,0.7626596980255516,0.5491845606806408,0.5650917399480118
BRAID,37,0.44018583042973286,0.6681765389082461,0.7649245063879209,0.5605615471120696,0.575481882454879
LTR,37,0.25214866434378636,0.47473867595818814,0.624506387921022,0.39888962631122904,0.4127283243920874
AL,37,0.44018583042973286,0.6681184668989545,0.7650406504065039,0.5616981108161421,0.5774833388640008
BRAID,371,0.3245644599303136,0.5740998838559814,0.6999419279907084,0.4643749193444314,0.4813179580775399
LTR,371,0.2931475029036005,0.5714285714285714,0.6925087108013936,0.4428951201076637,0.46200394520952004
AL,371,0.32212543554006967,0.5644018583042973,0.6807200929152148,0.4611947163689324,0.4762167699057943
BRAID,37,0.43774680603948896,0.6681184668989546,0.7577816492450637,0.5542260291650536,0.5731192273657431
LTR,37,0.23484320557491287,0.4699767711962834,0.6174216027874564,0.3902638819755545,0.40287375790424573
AL,37,0.43530778164924505,0.670499419279907,0.7650406504065039,0.5570271164021163,0.5743628670980587
BRAID,37,0.44262485481997677,0.692334494773519,0.7770615563298489,0.5639936489500947,0.5811486735615654
LTR,37,0.25209059233449477,0.4866434378629501,0.6293263646922183,0.4036807283889166,0.4167869356414652
AL,37,0.44018583042973286,0.6705574912891985,0.7650406504065039,0.5616559394760614,0.5777059482329517
BRAID,371,0.34901277584204415,0.6319976771196283,0.7336817653890824,0.4958732924063935,0.5112312187747727
LTR,371,0.31480836236933796,0.5468641114982579,0.7021486643437862,0.4548574009549619,0.4718898060579245
AL,371,0.35871080139372824,0.6057491289198605,0.7291521486643436,0.49583249221097647,0.5107927290157255
BRAID,371,0.391869918699187,0.648896631823461,0.76260162601626,0.5281089034529802,0.5444498598897554
LTR,371,0.2929152148664344,0.5156794425087108,0.6533101045296166,0.43258236085762203,0.44712605774016917
AL,371,0.40894308943089425,0.6632404181184668,0.7675377468060394,0.542065761941633,0.5566755848680935
BRAID,371,0.3534262485481997,0.5738675958188153,0.7094076655052264,0.48418529810298105,0.5014521689434581
LTR,371,0.2586527293844367,0.505691056910569,0.6366434378629501,0.40980171404605203,0.4211298462474421
AL,371,0.3605691056910569,0.609814169570267,0.7140534262485482,0.49546643115240674,0.5120258604796932
BRAID,371,0.391869918699187,0.648896631823461,0.76260162601626,0.5281089034529802,0.5444498598897554
LTR,371,0.2929152148664344,0.5156794425087108,0.6533101045296166,0.43258236085762203,0.44712605774016917
AL,371,0.40894308943089425,0.6632404181184668,0.7675377468060394,0.542065761941633,0.5566755848680935
BRAID,371,0.37276422764227635,0.6319396051103368,0.7458188153310104,0.5098823926589605,0.5270555647733347
LTR,371,0.27851335656213705,0.4939024390243903,0.6197444831591172,0.41519537083125924,0.42979792323433436
AL,371,0.3799070847851335,0.639082462253194,0.7457607433217188,0.5203757742934572,0.5346226471618458
BRAID,371,0.437862950058072,0.6875145180023228,0.7601626016260161,0.5618659550541085,0.579554896484339
LTR,371,0.283623693379791,0.5205574912891987,0.6681765389082461,0.4292567243699647,0.44463092011872496
AL,371,0.4329849012775842,0.670499419279907,0.7674796747967478,0.5580665362350903,0.5746440324097117
BRAID,37,0.44988385598141695,0.6875145180023228,0.7723577235772356,0.5675412495621555,0.5851830650959571
LTR,37,0.26626016260162605,0.4817073170731708,0.6315911730545876,0.4098123490588647,0.42331950666445434
AL,37,0.44988385598141695,0.6753774680603948,0.7650406504065039,0.5671965622292277,0.5842884104861457
BRAID,37,0.44744483159117304,0.6752613240418117,0.7601626016260161,0.5627837808565161,0.5808285400881219
LTR,37,0.26138211382113824,0.4790360046457608,0.6339140534262484,0.4019029990044798,0.4188870222885902
AL,37,0.44500580720092914,0.6729384436701509,0.7650406504065039,0.5637509563445974,0.5808428046015154
BRAID,371,0.43774680603948896,0.6850174216027873,0.7723577235772356,0.5616095970908688,0.5786518536954077
LTR,371,0.27125435540069687,0.4962253193960512,0.6318234610917537,0.4161459888833582,0.43107497741644074
AL,371,0.43530778164924505,0.6729384436701509,0.7650406504065039,0.5588466368932397,0.5751337730214037
BRAID,371,0.4352497096399535,0.6753774680603948,0.7648664343786293,0.5590015762402522,0.5747839352543185
LTR,371,0.2830429732868757,0.4889082462253195,0.6342624854819976,0.4166321691278136,0.4331268781225227
AL,371,0.4328106852497096,0.670499419279907,0.7674216027874563,0.558039021164021,0.5734115231458436
BRAID,371,0.37264808362369334,0.6200929152148664,0.7359465737514517,0.5073509715539333,0.5225777980568921
LTR,371,0.2638792102206737,0.4841463414634147,0.6221254355400696,0.40064265204726873,0.41864288940508454
AL,371,0.37264808362369334,0.6295005807200929,0.7336817653890824,0.5136515195509098,0.5271541028335454
BRAID,371,0.43774680603948896,0.6850174216027873,0.7723577235772356,0.5616095970908688,0.5786518536954077
LTR,371,0.27125435540069687,0.4962253193960512,0.6318234610917537,0.4161459888833582,0.43107497741644074
AL,371,0.43530778164924505,0.6729384436701509,0.7650406504065039,0.5588466368932397,0.5751337730214037
BRAID,371,0.4352497096399535,0.6753774680603948,0.7648664343786293,0.5590015762402522,0.5747839352543185
LTR,371,0.2830429732868757,0.4889082462253195,0.6342624854819976,0.4166321691278136,0.4331268781225227
AL,371,0.4328106852497096,0.670499419279907,0.7674216027874563,0.558039021164021,0.5734115231458436
BRAID,37,0.44262485481997677,0.6753774680603948,0.7698025551684087,0.5643701260992201,0.5801261913979683
LTR,37,0.25656213704994196,0.4861788617886179,0.6411149825783972,0.40422536087605765,0.4193051407554891
AL,37,0.44256678281068523,0.670499419279907,0.7674216027874563,0.5633692020168501,0.5795464161274265
BRAID,371,0.4352497096399535,0.6753774680603948,0.7648664343786293,0.5590015762402522,0.5747839352543185
LTR,371,0.2830429732868757,0.4889082462253195,0.6342624854819976,0.4166321691278136,0.4331268781225227
AL,371,0.4328106852497096,0.670499419279907,0.7674216027874563,0.558039021164021,0.5734115231458436
BRAID,371,0.39680603948896626,0.6680603948896631,0.7603368176538907,0.5340949638663053,0.5496147659605847
LTR,371,0.28077816492450636,0.5545876887340302,0.6976190476190476,0.44006507752152346,0.45457494515421343
AL,371,0.4328106852497096,0.670499419279907,0.7674216027874563,0.558039021164021,0.5734115231458436
BRAID,371,0.4328106852497096,0.670499419279907,0.7674216027874563,0.558039021164021,0.5734115231458436
LTR,371,0.42816492450638793,0.670499419279907,0.7674216027874563,0.555914553490773,0.5706918173773574
AL,371,0.4328106852497096,0.670499419279907,0.7674216027874563,0.558039021164021,0.5734115231458436
BRAID,37,0.4449477351916376,0.670499419279907,0.7674216027874563,0.5645596782073262,0.5807368923179027
LTR,37,0.4329268292682927,0.670499419279907,0.7674216027874563,0.5599574714709732,0.5747264393562301
AL,37,0.4449477351916376,0.670499419279907,0.7674216027874563,0.5645596782073262,0.5807368923179027
BRAID,37,0.40406504065040644,0.6680023228803715,0.7674796747967478,0.5422956994450897,0.5566867844698855
LTR,37,0.40650406504065034,0.6680023228803715,0.7699186991869917,0.5433932604206994,0.5583941015430562
AL,37,0.40406504065040644,0.6680023228803715,0.7674796747967478,0.5422956994450897,0.5566867844698855
BRAID,37,0.39680603948896626,0.6656794425087106,0.7649825783972124,0.5394516919233817,0.5536975969249488
LTR,37,0.3968060394889663,0.6656794425087106,0.7649825783972124,0.540264700053463,0.5536975969249488
AL,37,0.39680603948896626,0.6656794425087106,0.7649825783972124,0.5394516919233817,0.5536975969249488
BRAID,37,0.4232868757259001,0.6632404181184668,0.7698606271777002,0.5529921487565216,0.5668673607654444
LTR,37,0.41608594657375136,0.6632404181184668,0.7698606271777002,0.5507902517375513,0.5632572175211548
AL,37,0.4232868757259001,0.6632404181184668,0.7698606271777002,0.5529921487565216,0.5668673607654444
BRAID,37,0.44262485481997677,0.6705574912891984,0.7674216027874563,0.5634127560238188,0.5795899701343952
LTR,37,0.43060394889663184,0.6705574912891984,0.7674216027874563,0.5582153111922276,0.5735795171727227
AL,37,0.44262485481997677,0.6705574912891984,0.7674216027874563,0.5634127560238188,0.5795899701343952
BRAID,371,0.4234610917537746,0.670499419279907,0.7698606271777002,0.554556982006895,0.5705392400862783
LTR,371,0.42351916376306614,0.670499419279907,0.7698606271777002,0.5529793590878086,0.5693681212322328
AL,371,0.4234610917537746,0.670499419279907,0.7698606271777002,0.554556982006895,0.5705392400862783
BRAID,371,0.4210220673635307,0.670499419279907,0.7698606271777002,0.553947225909334,0.5693197278911565
LTR,371,0.41864111498257833,0.670499419279907,0.7698606271777002,0.5511500907951257,0.5669290968419888
AL,371,0.4210220673635307,0.670499419279907,0.7698606271777002,0.553947225909334,0.5693197278911565
BRAID,371,0.4234610917537746,0.670499419279907,0.7698606271777002,0.554556982006895,0.5705392400862783
LTR,371,0.42108013937282224,0.670499419279907,0.7698606271777002,0.5517598468926865,0.5681486090371108
AL,371,0.4234610917537746,0.670499419279907,0.7698606271777002,0.554556982006895,0.5705392400862783
BRAID,371,0.41626016260162596,0.670499419279907,0.7698606271777002,0.5511646087974484,0.5661451247165533
LTR,371,0.42351916376306614,0.670499419279907,0.7698606271777002,0.5537923672178898,0.5701811293623139
AL,371,0.41626016260162596,0.670499419279907,0.7698606271777002,0.5511646087974484,0.5661451247165533
BRAID,371,0.41626016260162596,0.670499419279907,0.7698606271777002,0.5511646087974484,0.5661451247165533
LTR,371,0.42351916376306614,0.670499419279907,0.7698606271777002,0.5537923672178898,0.5701811293623139
AL,371,0.41626016260162596,0.670499419279907,0.7698606271777002,0.5511646087974484,0.5661451247165533
BRAID,371,0.41626016260162596,0.670499419279907,0.7698606271777002,0.5511646087974484,0.5661451247165533
LTR,371,0.42351916376306614,0.670499419279907,0.7698606271777002,0.5537923672178898,0.5701811293623139
AL,371,0.41626016260162596,0.670499419279907,0.7698606271777002,0.5511646087974484,0.5661451247165533
BRAID,371,0.41626016260162596,0.670499419279907,0.7698606271777002,0.5511646087974484,0.5661451247165533
LTR,371,0.41864111498257833,0.670499419279907,0.7698606271777002,0.551353342827646,0.5677421049720701
AL,371,0.41626016260162596,0.670499419279907,0.7698606271777002,0.5511646087974484,0.5661451247165533
BRAID,371,0.4088850174216027,0.6631823461091753,0.7698606271777002,0.5446523860221596,0.5601468392234944
LTR,371,0.40406504065040644,0.6631823461091753,0.7698606271777002,0.5414903651162363,0.5578558984569438
AL,371,0.4088850174216027,0.6631823461091753,0.7698606271777002,0.5446523860221596,0.5601468392234944
BRAID,371,0.4088850174216027,0.6631823461091753,0.7698606271777002,0.5446523860221596,0.5601468392234944
LTR,371,0.40650406504065034,0.6631823461091753,0.7698606271777002,0.5427098773113582,0.5590754106520658
AL,371,0.4088850174216027,0.6631823461091753,0.7698606271777002,0.5446523860221596,0.5601468392234944
BRAID,371,0.4088850174216027,0.6631823461091753,0.7698606271777002,0.5446523860221596,0.5601468392234944
LTR,371,0.40406504065040644,0.6631823461091753,0.7698606271777002,0.5414903651162363,0.5578558984569438
AL,371,0.4088850174216027,0.6631823461091753,0.7698606271777002,0.5446523860221596,0.5601468392234944
BRAID,371,0.4088850174216027,0.6631823461091753,0.7698606271777002,0.5446523860221596,0.5601468392234944
LTR,371,0.40406504065040644,0.6631823461091753,0.7698606271777002,0.5414903651162363,0.5578558984569438
AL,371,0.4088850174216027,0.6631823461091753,0.7698606271777002,0.5446523860221596,0.5601468392234944
BRAID,371,0.4088850174216027,0.6631823461091753,0.7698606271777002,0.5446523860221596,0.5601468392234944
LTR,371,0.40406504065040644,0.6631823461091753,0.7698606271777002,0.5414903651162363,0.5578558984569438
AL,371,0.4088850174216027,0.6631823461091753,0.7698606271777002,0.5446523860221596,0.5601468392234944
BRAID,371,0.4088850174216027,0.6631823461091753,0.7698606271777002,0.5446523860221596,0.5601468392234944
LTR,371,0.40406504065040644,0.6631823461091753,0.7698606271777002,0.5414903651162363,0.5578558984569438
AL,371,0.4088850174216027,0.6631823461091753,0.7698606271777002,0.5446523860221596,0.5601468392234944
BRAID,371,0.49349593495934957,0.6873403019744482,0.7746806039488965,0.5978411615323636,0.6125510895415076
LTR,371,0.495993031358885,0.6873403019744482,0.7746806039488965,0.5992784437623287,0.6133931336762346
AL,371,0.49349593495934957,0.6873403019744482,0.7746806039488965,0.5978411615323636,0.6125510895415076
BRAID,37,0.5030778164924506,0.6897212543554005,0.7722415795586526,0.6037918371955827,0.6175000230444481
LTR,37,0.49825783972125437,0.6897212543554005,0.7722415795586526,0.601570582840182,0.6146835305938093
AL,37,0.5030778164924506,0.6897212543554005,0.7722415795586526,0.6037918371955827,0.6175000230444481
BRAID,200,0.49343786295005804,0.6849012775842043,0.7722415795586526,0.5991422741183194,0.612652047268772
LTR,200,0.4886759581881533,0.6849012775842043,0.7722415795586526,0.5961467263056984,0.6090612613609129
AL,200,0.49343786295005804,0.6849012775842043,0.7722415795586526,0.5991422741183194,0.612652047268772
BRAID,371,0.46730545876887347,0.6512775842044134,0.7505226480836236,0.5693529810298104,0.58651837564294
LTR,371,0.3585946573751452,0.5451800232288038,0.632288037166086,0.47644782506498534,0.4872427087366112
AL,371,0.4983739837398374,0.6873403019744482,0.7746806039488965,0.5998736818575667,0.6149901139317515
BRAID,371,0.5032520325203251,0.6777584204413472,0.7868176538908245,0.5975820843242445,0.6140894447209779
LTR,371,0.3391405342624854,0.5229965156794425,0.6560975609756097,0.46331358424128455,0.4723714811127703
AL,371,0.4983739837398374,0.6873403019744482,0.7746806039488965,0.5998736818575667,0.6149901139317515
BRAID,371,0.4981416957026713,0.6873983739837397,0.7819396051103367,0.6005046964585292,0.6138023569861548
LTR,371,0.32444831591173057,0.5330429732868757,0.6468060394889662,0.453002219180355,0.4662228766845491
AL,371,0.4957026713124274,0.6897212543554005,0.7722415795586526,0.5997687374407757,0.61286716719208
BRAID,371,0.5006387921022067,0.6946573751451799,0.774738675958188,0.6026592371365891,0.615968857732795
LTR,371,0.3438443670150987,0.5231126596980256,0.6320557491289197,0.46238000755857894,0.4733852985638699
AL,371,0.49576074332171893,0.6873403019744482,0.7698606271777002,0.5993539373744077,0.612452367125712
BRAID,371,0.5032520325203251,0.6777584204413472,0.7868176538908245,0.5975820843242445,0.6140894447209779
LTR,371,0.3391405342624854,0.5229965156794425,0.6560975609756097,0.46331358424128455,0.4723714811127703
AL,371,0.4983739837398374,0.6873403019744482,0.7746806039488965,0.5998736818575667,0.6149901139317515
BRAID,37,0.49819976771196284,0.6945993031358884,0.7770615563298489,0.6011264011024464,0.6153320013642312
LTR,37,0.3176538908246225,0.4989547038327527,0.6322299651567943,0.4466211999705031,0.45499896299983406
AL,37,0.49576074332171893,0.6897212543554005,0.7746806039488965,0.6010062243054404,0.6141046540567446
BRAID,371,0.5300232288037166,0.7018583042973285,0.7768292682926827,0.6211056726213522,0.6323487131980163
LTR,371,0.428513356562137,0.5880952380952381,0.6875725900116143,0.5366740639345169,0.542724913813764
AL,371,0.5348432055749128,0.6966898954703831,0.7743321718931474,0.6257578627657026,0.6357585771435945
BRAID,371,0.5300232288037166,0.7090011614401857,0.7744483159117304,0.6220183710340504,0.6333804592297625
LTR,371,0.43565621370499413,0.5904761904761905,0.6947154471544714,0.541499271795439,0.5476663348266135
AL,371,0.5348432055749128,0.6966898954703831,0.7743321718931474,0.6257578627657026,0.6357585771435945
BRAID,37,0.5229965156794425,0.6945993031358884,0.7795005807200928,0.6164370748299319,0.6247756392529912
LTR,37,0.4333914053426248,0.590766550522648,0.6708478513356562,0.534505512231993,0.539831176372988
AL,37,0.5275842044134726,0.6944250871080138,0.7720092915214866,0.6216810694467491,0.6304119425547996
BRAID,37,0.47409988385598145,0.6241579558652728,0.7430894308943089,0.5705626071566837,0.5794715677598952
LTR,37,0.4549941927990708,0.5954703832752613,0.6971544715447153,0.5534309611378426,0.5589802831701787
AL,37,0.47409988385598145,0.619396051103368,0.7186991869918697,0.5669899802739522,0.5767958999317884
BRAID,371,0.4718931475029036,0.6367015098722415,0.740766550522648,0.5771346302748742,0.5850110843795513
LTR,371,0.4331591173054587,0.612253193960511,0.7215447154471544,0.541903563593459,0.5495573391958409
AL,371,0.46951219512195125,0.6196864111498257,0.726190476190476,0.5674279515329166,0.5766590389543351
BRAID,371,0.5007549361207898,0.6799070847851334,0.7623112659698025,0.6027516914624927,0.6108166721973343
LTR,371,0.45220673635307784,0.6268292682926828,0.716608594657375,0.5584171690356359,0.5678547001456409
AL,371,0.49837398373983743,0.679849012775842,0.7695702671312427,0.6023280653724905,0.6100954270597128
BRAID,371,0.5324041811846689,0.7042973286875724,0.7841463414634144,0.6240792360304555,0.6347587937614069
LTR,371,0.44053426248548194,0.6048780487804877,0.6873403019744482,0.5424497861475213,0.5513789797761922
AL,371,0.5324622531939606,0.7018583042973285,0.7915795586527292,0.6271087744040706,0.6363772975314788
BRAID,371,0.5276422764227642,0.6948315911730545,0.7793263646922182,0.6223028086573382,0.6314109424257508
LTR,371,0.4526132404181185,0.6024970963995354,0.689663182346109,0.5496460372766994,0.5608908753203178
AL,371,0.5372241579558652,0.711382113821138,0.7889663182346107,0.6323742003576498,0.6410634551923751
BRAID,371,0.5300232288037166,0.7018583042973285,0.7744483159117304,0.620589799605479,0.6321503004996037
LTR,371,0.43327526132404176,0.5880952380952381,0.6899535423925667,0.5392241395203067,0.5454110438213225
AL,371,0.5348432055749128,0.6966898954703831,0.7743321718931474,0.6257578627657026,0.6357585771435945
BRAID,371,0.5324041811846689,0.7042973286875724,0.7841463414634144,0.6241140792360304,0.6347936369669819
LTR,371,0.44541231126596975,0.6073170731707317,0.6849012775842043,0.5451240021753958,0.5540531958040669
AL,371,0.5324622531939606,0.7018583042973285,0.7915795586527292,0.6271087744040706,0.6363772975314788
BRAID,37,0.5397212543554006,0.6821138211382113,0.7647502903600464,0.6215925787659238,0.6313114595431668
LTR,37,0.43565621370499413,0.5566202090592334,0.6585365853658536,0.5272515693269176,0.5347213695776414
AL,37,0.5396051103368176,0.7016260162601624,0.7720673635307781,0.6287682742473683,0.6375983537046255
BRAID,37,0.517828106852497,0.6822880371660859,0.7648664343786296,0.6063248253230832,0.6181247119443983
LTR,37,0.4526132404181185,0.6075493612078977,0.7047038327526132,0.5492667256604538,0.5581981776450418
AL,37,0.5202090592334494,0.6725900116144018,0.7549361207897792,0.6072472484928931,0.6182153457588997
BRAID,37,0.5275842044134726,0.6968641114982577,0.7646922183507547,0.62069400659993,0.6291949191600759
LTR,37,0.4331591173054587,0.5927990708478512,0.6681765389082461,0.5331593016610439,0.5390542097597846
AL,37,0.5324041811846689,0.7066782810685248,0.7817653890824621,0.6280413832199546,0.6348742694909941
BRAID,0,0.5302555168408827,0.6945412311265968,0.7722996515679441,0.6202201436130006,0.6284053011448482
LTR,0,0.43571428571428567,0.5834494773519164,0.661149825783972,0.5327630293309735,0.5371802813266227
AL,0,0.5372241579558652,0.6944250871080138,0.7672473867595817,0.6259880076691923,0.6348974522058145
BRAID,0,0.5302555168408827,0.6945412311265968,0.7722996515679441,0.6202201436130006,0.6284053011448482
LTR,0,0.43571428571428567,0.5834494773519164,0.661149825783972,0.5327630293309735,0.5371802813266227
AL,0,0.5372241579558652,0.6944250871080138,0.7672473867595817,0.6259880076691923,0.6348974522058145
BRAID,37,0.4282810685249709,0.658362369337979,0.7479094076655051,0.5441218452150507,0.5625437153181054
LTR,37,0.26132404181184665,0.4671312427409989,0.6026713124274099,0.39910891727964887,0.4118045646442858
AL,37,0.4329268292682927,0.6608594657375144,0.7722996515679441,0.5579701182641077,0.5727294074811495
BRAID,37,0.4670150987224158,0.6848432055749127,0.7793263646922182,0.5782242293936545,0.5935036778939218
LTR,37,0.28577235772357723,0.48931475029036015,0.6103368176538909,0.42579371992699516,0.4300091486459082
AL,37,0.4670150987224158,0.6800232288037165,0.7770034843205573,0.5791228476485445,0.5936208128237744
BRAID,371,0.40650406504065045,0.6513356562137049,0.7552845528455283,0.539865835222978,0.5530632524012314
LTR,371,0.26376306620209056,0.45975609756097563,0.6049941927990709,0.4030509236214811,0.41312623287797506
AL,371,0.425842044134727,0.6703832752613239,0.7795005807200928,0.5568090237449993,0.5699515605700275
BRAID,371,0.413704994192799,0.6705574912891985,0.7648664343786293,0.5498844781815164,0.562179981748797
LTR,371,0.25180023228803716,0.4451219512195122,0.6146341463414634,0.39910543756798106,0.4064047434692034
AL,371,0.425842044134727,0.66794425087108,0.7795005807200928,0.5561992676474383,0.5697483085375072
BRAID,371,0.5130662020905924,0.7017421602787455,0.7889082462253192,0.6119910633630145,0.6221935318842984
LTR,371,0.41382113821138206,0.587862950058072,0.6824622531939604,0.5252433263278211,0.5322274302674999
AL,371,0.520383275261324,0.7041811846689894,0.796341463414634,0.6198978439614329,0.6292655734380472
BRAID,37,0.46689895470383275,0.6873403019744482,0.7987804878048779,0.5851429677562081,0.5983478743801043
LTR,37,0.26655052264808365,0.46260162601626026,0.605458768873403,0.40687168159946896,0.41695880113563033
AL,37,0.46689895470383275,0.6945412311265968,0.7867015098722414,0.5838667777409066,0.5977985408255442
BRAID,37,0.4644599303135889,0.6682346109175377,0.7698606271777002,0.5744542383349003,0.5883593274708256
LTR,37,0.2591173054587689,0.45267131242741004,0.621951219512195,0.3982896871485721,0.4112556689342403
AL,37,0.46689895470383275,0.6729384436701509,0.7698606271777002,0.5795531335840569,0.5929293411131391
BRAID,37,0.4329268292682927,0.6533681765389081,0.7598722415795585,0.5492647092712424,0.5668294526482679
LTR,37,0.2375145180023229,0.4526132404181185,0.6025551684088268,0.3833671856276385,0.3953484320557491
AL,37,0.435191637630662,0.6823461091753773,0.784204413472706,0.5667118913961249,0.5790098952860278
BRAID,37,0.41608594657375136,0.6678281068524969,0.7601045296167246,0.5464051352248216,0.5614910218830079
LTR,37,0.25394889663182346,0.4886178861788618,0.6412891986062716,0.4067822115295983,0.41768594565197353
AL,37,0.4281068524970964,0.6704413472706154,0.7650406504065039,0.558160234961193,0.5710637086813044
BRAID,37,0.45214866434378626,0.655807200929152,0.762485481997677,0.5656891672658222,0.5789405545415998
LTR,37,0.2612659698025552,0.486411149825784,0.6171893147502903,0.40742446029902474,0.41906881993990003
AL,37,0.4546457607433217,0.6728222996515678,0.7674216027874563,0.5696295950629574,0.5832297946278783
BRAID,74,0.44053426248548194,0.658478513356562,0.7674796747967478,0.5562172768836531,0.5702944158693287
LTR,74,0.26411149825783975,0.5034843205574914,0.6271196283391405,0.41427923879578926,0.422477577751968
AL,74,0.4475609756097561,0.6704413472706154,0.7795005807200928,0.5672608101506185,0.5814364756742806
BRAID,111,0.42044134727061555,0.6239837398373983,0.7282810685249708,0.5382750308795605,0.5477382795936803
LTR,111,0.3099883855981417,0.5061556329849013,0.6367015098722415,0.44260282432756304,0.4481419261471527
AL,111,0.4253774680603949,0.6286295005807201,0.7232288037166086,0.5428951085854395,0.551821064469148
BRAID,111,0.5078977932636469,0.667711962833914,0.7599883855981415,0.5972381920247775,0.6087714082923141
LTR,111,0.3605691056910568,0.5373983739837399,0.6441347270615563,0.475270288332135,0.4837580194679497
AL,111,0.5127177700348431,0.6749709639953542,0.7574332171893147,0.6041139755360139,0.6146838532160832
BRAID,111,0.5302555168408827,0.6945412311265968,0.7722996515679441,0.6202201436130006,0.6284053011448482
LTR,111,0.43571428571428567,0.5834494773519164,0.661149825783972,0.5327630293309735,0.5371802813266227
AL,111,0.5372241579558652,0.6944250871080138,0.7672473867595817,0.6259880076691923,0.6348974522058145
BRAID,371,0.5302555168408827,0.6945412311265968,0.7722996515679441,0.6202201436130006,0.6284053011448482
LTR,371,0.43571428571428567,0.5834494773519164,0.661149825783972,0.5327630293309735,0.5371802813266227
AL,371,0.5372241579558652,0.6944250871080138,0.7672473867595817,0.6259880076691923,0.6348974522058145
BRAID,111,0.5302555168408827,0.6945412311265968,0.7722996515679441,0.6202201436130006,0.6284053011448482
LTR,111,0.43571428571428567,0.5834494773519164,0.661149825783972,0.5327630293309735,0.5371802813266227
AL,111,0.5372241579558652,0.6944250871080138,0.7672473867595817,0.6259880076691923,0.6348974522058145
BRAID,111,0.5302555168408827,0.6945412311265968,0.7722996515679441,0.6202201436130006,0.6284053011448482
LTR,111,0.43571428571428567,0.5834494773519164,0.661149825783972,0.5327630293309735,0.5371802813266227
AL,111,0.5372241579558652,0.6944250871080138,0.7672473867595817,0.6259880076691923,0.6348974522058145
BRAID,111,0.5302555168408827,0.6945412311265968,0.7722996515679441,0.6202201436130006,0.6284053011448482
LTR,111,0.43571428571428567,0.5834494773519164,0.661149825783972,0.5327630293309735,0.5371802813266227
AL,111,0.5372241579558652,0.6944250871080138,0.7672473867595817,0.6259880076691923,0.6348974522058145
BRAID,111,0.37055749128919857,0.6011033681765389,0.6977351916376305,0.5012325438305403,0.5143572903416109
LTR,111,0.24465737514518002,0.4602206736353077,0.6029616724738676,0.3877816262006157,0.40093000479324525
AL,111,0.3827526132404181,0.6131823461091753,0.7173635307781648,0.5110591458805743,0.5252120780561547
BRAID,111,0.39901277584204403,0.6533101045296166,0.7478513356562135,0.5352564155743598,0.5480592196228085
LTR,111,0.2518583042973287,0.47212543554006975,0.6101626016260162,0.3976766241727042,0.407885395350552
AL,111,0.40632984901277575,0.6776422764227641,0.7770615563298489,0.5497282483454087,0.561240897442988
BRAID,111,0.4305458768873403,0.6267711962833914,0.7285133565621369,0.54089300693177,0.5545825037332006
LTR,111,0.2907665505226481,0.4842044134727062,0.6220673635307781,0.42399247368324017,0.43263225208782685
AL,111,0.437746806039489,0.6506968641114982,0.7550522648083623,0.5566044581789354,0.5673766891580481
BRAID,111,0.4404761904761905,0.6510452961672473,0.7430313588850174,0.5576456178677434,0.5715240445771804
LTR,111,0.2954703832752613,0.4890824622531939,0.602787456445993,0.42304330743137364,0.43593152572682187
AL,111,0.4644599303135889,0.689663182346109,0.7867595818815329,0.581090935696772,0.5936837241671737
BRAID,111,0.4379790940766551,0.6510452961672474,0.750464576074332,0.5537048789705583,0.5690411205132458
LTR,111,0.2810104529616725,0.49605110336817654,0.6196283391405342,0.4200977084600777,0.43335856700403735
AL,111,0.4429152148664344,0.6752613240418117,0.7844367015098721,0.5693487754180262,0.5828595164353004
BRAID,37,0.41138211382113815,0.6389082462253193,0.7649825783972124,0.5411007641539001,0.5537628818465056
LTR,37,0.2203252032520325,0.4137049941927991,0.5954123112659697,0.3699613775049314,0.38034204874361655
AL,37,0.43286875725900115,0.6654471544715446,0.774622531939605,0.5583562971258964,0.5711794378998211
BRAID,37,0.46184668989547034,0.6752032520325202,0.7574332171893146,0.572533103349741,0.5894084951053592
LTR,37,0.26149825783972125,0.44767711962833917,0.6026713124274099,0.40274906439540575,0.4096517062109396
AL,37,0.46184668989547034,0.6800232288037165,0.774622531939605,0.5778664873808601,0.5926693306048707
BRAID,37,0.43989547038327526,0.677526132404181,0.7672473867595817,0.563091366627952,0.5770878961340633
LTR,37,0.2976190476190476,0.48641114982578404,0.6269454123112659,0.42553234979628707,0.4414726093689508
AL,37,0.4423344947735191,0.6800232288037165,0.772183507549361,0.5669911901074792,0.5803625583024538
BRAID,74,0.440301974448316,0.6583042973286874,0.7552264808362368,0.5564289631841896,0.5706306804564645
LTR,74,0.27421602787456445,0.49924506387921025,0.627177700348432,0.4219203975628192,0.43052414597275224
AL,74,0.43542392566782817,0.6484320557491289,0.7405923344947735,0.553091723816898,0.5662124145050975
BRAID,111,0.4139372822299651,0.6268873403019745,0.7238095238095237,0.5351747230057333,0.5465629666500746
LTR,111,0.26149825783972125,0.46759581881533113,0.6155632984901277,0.4010253166307173,0.41187425105543574
AL,111,0.4331010452961673,0.6389082462253193,0.7430313588850174,0.5506947325000462,0.5623597514886713
BRAID,371,0.5320557491289198,0.711265969802555,0.7842624854819975,0.6235158914514315,0.6348719420017329
LTR,371,0.3898373983739837,0.5592334494773519,0.6658536585365853,0.506404674335859,0.5102757959552384
AL,371,0.5417537746806039,0.7090011614401857,0.7939024390243901,0.6339849266264772,0.6435143474734066
BRAID,111,0.44279907084785136,0.6461672473867595,0.7380371660859464,0.5566244722821378,0.5683359373559723
LTR,111,0.29268292682926833,0.4810685249709641,0.5972706155632985,0.4242406047784966,0.4307445661191305
AL,111,0.46207897793263647,0.6849593495934958,0.7819396051103367,0.5794945085080102,0.5915249663551057
BRAID,148,0.45737514518002326,0.6483159117305459,0.7355400696864111,0.5652671542871892,0.577090292756669
LTR,148,0.35098722415795586,0.5370499419279907,0.6531939605110336,0.475371188448279,0.48634828457128104
AL,148,0.4743321718931475,0.670267131242741,0.7598722415795586,0.5817781902733994,0.593650885828586
BRAID,185,0.4455284552845528,0.6439605110336817,0.7456445993031358,0.5544090712165624,0.5691193333702044
LTR,185,0.3004645760743322,0.4912311265969803,0.6148083623693379,0.4346846136828715,0.442149148277197
AL,185,0.45975609756097563,0.6581881533101044,0.7526713124274099,0.5718549974190218,0.5843229310694468
BRAID,37,0.4644599303135889,0.6799651567944249,0.7648083623693378,0.5751463668123076,0.5923929124495326
LTR,37,0.26393728222996515,0.46260162601626026,0.583855981416957,0.39929661430968044,0.4097778515200118
AL,37,0.46202090592334494,0.6825203252032519,0.7746806039488965,0.5778108350386225,0.5925265702486957
BRAID,74,0.46684088269454127,0.6996515679442508,0.7818234610917536,0.5851200270080932,0.5999912891986062
LTR,74,0.3029036004645761,0.5304878048780488,0.6418118466898954,0.4408537276699297,0.4509180216802168
AL,74,0.46684088269454127,0.6849593495934958,0.7795005807200928,0.5819873186401932,0.5961925732352561
BRAID,111,0.45725900116144025,0.6652729384436701,0.7599303135888501,0.5633852409527497,0.5805950076507568
LTR,111,0.30511033681765387,0.5085946573751453,0.6245644599303135,0.4368061086223107,0.4473574931327544
AL,111,0.45725900116144025,0.6556910569105691,0.7452961672473867,0.5662748303928617,0.580907882123039
BRAID,111,0.4912891986062718,0.6777584204413472,0.7578397212543553,0.5881849155651421,0.6040631510056595
LTR,111,0.27851335656213705,0.4625435540069686,0.6293844367015098,0.41475004839334106,0.4219194181737736
AL,111,0.48879210220673636,0.6826945412311265,0.7771196283391404,0.5934346943384399,0.6063565575281603
BRAID,148,0.48147502903600464,0.6680023228803715,0.7649825783972124,0.5846555776782258,0.5974326180336633
LTR,148,0.3314169570267131,0.510801393728223,0.636759581881533,0.45161085301329207,0.46512335693084816
AL,148,0.5032520325203251,0.6969221835075492,0.7867015098722414,0.6044873186401932,0.6174202431650168
BRAID,222,0.47456445993031365,0.6585946573751451,0.7505226480836236,0.5746363586084839,0.588470263444131
LTR,222,0.2976771196283391,0.4694541231126597,0.5808362369337979,0.42549005171174165,0.42996349759415964
AL,222,0.49140534262485486,0.6946573751451799,0.7867595818815329,0.5986824682447505,0.6110298333425511
BRAID,259,0.5055168408826946,0.6969221835075492,0.7792682926829266,0.6020211478900503,0.6172505668934238
LTR,259,0.3412311265969802,0.5154471544715447,0.6293263646922183,0.4644838043618531,0.4697053997750862
AL,259,0.5223577235772358,0.7114401858304296,0.7987804878048779,0.6223391382298177,0.6340046411518536
BRAID,296,0.489082462253194,0.6515679442508711,0.7485481997677119,0.5848832568257655,0.5962666150471028
LTR,296,0.36997677119628336,0.5591753774680605,0.6632984901277583,0.48801302702652877,0.495575258558708
AL,296,0.49384436701509876,0.666144018583043,0.7558072009291521,0.5937241326069723,0.6032865300591781
BRAID,296,0.527409988385598,0.7137049941927989,0.7865853658536583,0.6215028206404514,0.6340184447762844
LTR,296,0.3797909407665504,0.5369337979094077,0.6509872241579557,0.4913450122596464,0.49791567575539697
AL,296,0.5418118466898955,0.7138211382113819,0.796341463414634,0.6326816939512933,0.6444696320262522
BRAID,333,0.5343786295005808,0.7039488966318234,0.7889663182346107,0.6251291871762256,0.6360577401692383
LTR,333,0.37293844367015094,0.5349593495934959,0.6367595818815329,0.4886423248161053,0.4940845362535257
AL,333,0.5368757259001161,0.7065040650406502,0.7914634146341462,0.6308916242648821,0.6406446223475839
BRAID,333,0.5295586527293844,0.7088850174216027,0.7938443670150985,0.6216118439245617,0.6344577641354645
LTR,333,0.37752613240418115,0.534959349593496,0.6489547038327526,0.49272846265877623,0.49592256143649865
AL,333,0.5440766550522648,0.711382113821138,0.7939024390243901,0.6343478766845492,0.6454800849879245
original,0.423728813559322,0.6610169491525424,0.774818401937046,0.5538423844113914,0.5689352011991237
BRAID,259,0.5175958188153309,0.689547038327526,0.7840301974448315,0.6087248124181922,0.621811063178659
LTR,259,0.3725900116144018,0.5178861788617887,0.6269454123112659,0.4779482375606069,0.4863842108659181
AL,259,0.5320557491289198,0.6918118466898954,0.7695121951219511,0.618896435945652,0.6315094804859613
BRAID,259,0.4479094076655052,0.6249709639953542,0.7409988385598141,0.5554454491823829,0.5673289180170713
LTR,259,0.3655632984901277,0.5858885017421602,0.6919279907084783,0.496619448592445,0.5044427161108346
AL,259,0.4479094076655052,0.6274099883855981,0.733855981416957,0.5535692623933042,0.5645848312224618
BRAID,371,0.4331591173054587,0.6607433217189314,0.7551684088269452,0.5555221180613167,0.5647219456888446
LTR,371,0.4165505226480836,0.615040650406504,0.7191056910569105,0.5332543830540346,0.5421317036299614
AL,371,0.4331591173054587,0.6413472706155633,0.7430894308943088,0.5512932544291429,0.5594301338421548
BRAID,371,0.527177700348432,0.7040069686411149,0.7770034843205573,0.6198699371347454,0.63150086186236
LTR,371,0.3922764227642276,0.5494773519163763,0.6608594657375144,0.5062248815515366,0.509877749202662
AL,371,0.53931475029036,0.7090011614401857,0.7939024390243901,0.6327654144313553,0.6422948352782847
BRAID,371,0.527177700348432,0.7016260162601624,0.7770034843205573,0.6189770799918882,0.6309679820437659
LTR,371,0.3898954703832752,0.5423344947735191,0.6465737514518002,0.5034763932673341,0.5065340228232214
AL,371,0.53931475029036,0.7090011614401857,0.7939024390243901,0.6327654144313553,0.6422948352782847
BRAID,371,0.5032520325203251,0.6777584204413472,0.7868176538908245,0.5975820843242445,0.6140894447209779
LTR,371,0.3391405342624854,0.5229965156794425,0.6560975609756097,0.46331358424128455,0.4723714811127703
AL,371,0.4983739837398374,0.6873403019744482,0.7746806039488965,0.5998736818575667,0.6149901139317515
BRAID,371,0.5466318234610916,0.7257839721254354,0.7938443670150985,0.6341787880463838,0.6483234242206367
LTR,371,0.4139372822299651,0.5736933797909408,0.6731126596980255,0.5197715603856718,0.5270886566008517
AL,371,0.5538327526132404,0.7138792102206735,0.796341463414634,0.6414065294139336,0.6529045913758457
BRAID,37,0.4718931475029036,0.6945993031358884,0.7818234610917536,0.5862540903895433,0.600019449514223
LTR,37,0.27346109175377464,0.48397212543554013,0.6004065040650406,0.412268241985141,0.4203595164353004
AL,37,0.4718931475029036,0.6897793263646921,0.7818815331010451,0.58544246492635,0.5993960741478163
BRAID,74,0.5127758420441346,0.6994192799070846,0.7866434378629499,0.6083347620891174,0.624093846210571
LTR,74,0.29535423925667825,0.4889082462253195,0.6101626016260162,0.4264055961137842,0.4360892419298342
AL,74,0.5127758420441346,0.7066202090592333,0.7939024390243901,0.6143663352875025,0.6283561703814317
BRAID,371,0.5103948896631822,0.7041231126596978,0.7939605110336816,0.6119668436480283,0.6216683950002765
LTR,371,0.33646922183507544,0.5156213704994194,0.6391405342624855,0.46637409435318844,0.4684719226443965
AL,371,0.5176538908246225,0.7065621370499418,0.796341463414634,0.6206893400991833,0.6300377698504874
BRAID,371,0.527177700348432,0.7016260162601624,0.7770034843205573,0.6200626808989178,0.631359138506351
LTR,371,0.39465737514517996,0.5470963995354239,0.6608594657375144,0.5074077991630256,0.5108197371089356
AL,371,0.53931475029036,0.7090011614401857,0.7939024390243901,0.6327654144313553,0.6422948352782847
BRAID,37,0.47636469221835076,0.6849593495934958,0.7867595818815329,0.5887590334236675,0.6029787714543812
LTR,37,0.2639953542392567,0.5184088269454123,0.6468060394889663,0.4219649655255056,0.431198864369596
AL,37,0.47392566782810686,0.6872822299651566,0.7794425087108012,0.5885009240823701,0.6019787576277124
BRAID,37,0.4984901277584205,0.6920441347270614,0.774622531939605,0.5960446048338034,0.6143889073244474
LTR,37,0.32944250871080133,0.5278164924506388,0.6510452961672473,0.45649283087218623,0.46961022620430287
AL,37,0.4886759581881533,0.6969802555168407,0.7818815331010451,0.5965768048411776,0.6123862295595746
BRAID,37,0.4546457607433217,0.6657375145180022,0.7722415795586526,0.573309804951791,0.58580858359604
LTR,37,0.25708478513356564,0.4965156794425088,0.6197444831591172,0.4033885247866083,0.41890762402521986
AL,37,0.4545876887340302,0.680081300813008,0.774622531939605,0.5737432825433696,0.5862789668713013
BRAID,37,0.4497096399535424,0.6629500580720092,0.7452380952380951,0.5606625278837821,0.5760641926147152
LTR,37,0.27386759581881537,0.4845528455284554,0.6102787456445993,0.4165837988311855,0.4248200459045407
AL,37,0.4497096399535424,0.6507549361207897,0.737979094076655,0.5585301905314971,0.5726219742639603
BRAID,37,0.4645180023228804,0.6898373983739836,0.7795586527293843,0.5792335762218166,0.5935068349833157
LTR,37,0.26881533101045296,0.46962833914053437,0.6027874564459931,0.40531024740519506,0.4145295706358424
AL,37,0.4645180023228804,0.6874564459930312,0.7819396051103367,0.5813673308076618,0.5945921363125195
BRAID,74,0.44250871080139376,0.6457607433217188,0.7304297328687572,0.5518635353870545,0.5657686014785318
LTR,74,0.2954123112659698,0.5083623693379792,0.6580720092915214,0.43522992598123267,0.4469921234076287
AL,74,0.44738675958188157,0.6554587688734029,0.7524970963995353,0.5605242496727688,0.5730246068617149
BRAID,74,0.48879210220673636,0.694773519163763,0.774622531939605,0.5962223581844661,0.608593067308224
LTR,74,0.33426248548199766,0.5180603948896632,0.6390243902439025,0.4580200440609847,0.46775459506295736
AL,74,0.4839721254355401,0.6994192799070846,0.784320557491289,0.5947305297457736,0.6085254088085097
BRAID,37,0.47659698025551683,0.7018583042973285,0.7744483159117304,0.5877370697601534,0.6035674879707981
LTR,37,0.2450058072009292,0.42636469221835077,0.5495934959349593,0.3806410504581236,0.3877916966244492
AL,37,0.47659698025551683,0.6945412311265968,0.7818815331010451,0.589836580296075,0.6041158075696402
BRAID,74,0.5008710801393728,0.6801974448315911,0.7601045296167246,0.5988753387533875,0.6131271316114522
LTR,74,0.30267131242741,0.501103368176539,0.6027293844367015,0.4345814897774828,0.44205595652895296
AL,74,0.5008710801393728,0.6898373983739836,0.784320557491289,0.6052358944932986,0.6178755553712
BRAID,111,0.5054006968641115,0.6799070847851334,0.75993031358885,0.59913221521671,0.6143967424368122
LTR,111,0.3216608594657375,0.4861788617886179,0.6046457607433217,0.4356594399277326,0.4511470374057482
AL,111,0.5150987224157956,0.7138792102206735,0.7987224157955863,0.6177741943660933,0.6310565188134875
BRAID,148,0.5324622531939606,0.6972125435540069,0.7867015098722414,0.6186080692439578,0.6328134505834854
LTR,148,0.38263646922183503,0.5589430894308943,0.6533101045296166,0.4996491713216452,0.5086128164002728
AL,148,0.5324041811846689,0.7018583042973285,0.7939605110336816,0.6234559874085136,0.6354636312519587
BRAID,148,0.517595818815331,0.6970383275261323,0.7648664343786293,0.6068778229448961,0.6217389801449035
LTR,148,0.35336817653890823,0.5324622531939606,0.6605110336817653,0.471412209870398,0.4846528814777944
AL,148,0.5200929152148664,0.6946573751451799,0.7891405342624853,0.6128733315819553,0.6280052495252844
BRAID,185,0.5104529616724739,0.7041811846689894,0.7769454123112658,0.6064536898770347,0.6206952740445771
LTR,185,0.36806039488966313,0.5376887340301975,0.6585946573751452,0.4852037129214829,0.49337437549545565
AL,185,0.5319976771196283,0.7138211382113819,0.7939605110336816,0.6257818405139834,0.6389673091458805
BRAID,222,0.5344367015098722,0.682404181184669,0.7621951219512194,0.6166234583264201,0.6284327470825728
LTR,222,0.389547038327526,0.5736933797909407,0.6753193960511032,0.5013912624670464,0.511322175211548
AL,222,0.5391405342624854,0.6845528455284551,0.771951219512195,0.6237420611876187,0.6333726241173976
BRAID,259,0.53931475029036,0.7210801393728221,0.7937282229965155,0.629504959165238,0.6421944075733275
LTR,259,0.4090592334494773,0.5855981416957027,0.6847851335656213,0.5174854359087807,0.5292187471194439
AL,259,0.5441347270615562,0.7186991869918697,0.7987804878048779,0.634451023634386,0.646792512397913
BRAID,296,0.5418118466898955,0.7234030197444831,0.781649245063879,0.6302371504157218,0.6437483177552864
LTR,296,0.42351916376306625,0.5830429732868756,0.6776422764227641,0.5257709981011375,0.5357251396493556
AL,296,0.551451800232288,0.7114982578397211,0.7987804878048779,0.6393565874859429,0.6504578240510296
BRAID,333,0.5518002322880371,0.7210801393728221,0.7938443670150985,0.6359375864166805,0.6491790415353134
LTR,333,0.4359465737514518,0.5929152148664343,0.6681184668989546,0.5342700210165366,0.5431035110521173
AL,333,0.5491869918699186,0.7138792102206735,0.796341463414634,0.6382899982486221,0.649788060210534
BRAID,333,0.5587108013937282,0.7163182346109174,0.8011033681765388,0.6401586610253858,0.653068068690891
LTR,333,0.4259001161440185,0.5832171893147503,0.6897793263646922,0.5315986625002304,0.5399682677949228
AL,333,0.5610917537746806,0.7114982578397211,0.796341463414634,0.6440342878343749,0.655532349796287
BRAID,333,0.5492450638792101,0.7210220673635306,0.7890824622531938,0.6342296010545139,0.6484598934424718
LTR,333,0.4020325203252032,0.5541231126596979,0.648896631823461,0.5077481310952565,0.5137919408955994
AL,333,0.5563298490127758,0.7138792102206735,0.796341463414634,0.6426647562819167,0.653756314178788
BRAID,333,0.5588269454123113,0.7306620209059232,0.8036004645760743,0.6418998995262062,0.6548292867282413
LTR,333,0.4264808362369338,0.5737514518002322,0.6729965156794424,0.5298429636082075,0.5367408928340984
AL,333,0.5515679442508711,0.7138792102206735,0.796341463414634,0.6406806292977896,0.6509785364010102
BRAID,333,0.5444831591173054,0.7160859465737514,0.7914634146341462,0.6315803191195176,0.645411135999115
LTR,333,0.41887340301974446,0.5567944250871081,0.6560975609756097,0.5203219078959498,0.5275897350810242
AL,333,0.5563298490127758,0.7162601626016258,0.796341463414634,0.6432599943771548,0.6543515522740261
BRAID,74,0.5055168408826946,0.7164343786295004,0.7867015098722414,0.6084979628707852,0.6217423446343306
LTR,74,0.31718931475029033,0.47409988385598145,0.6362369337979094,0.4371859502608631,0.4479675257636929
AL,74,0.50801393728223,0.701800232288037,0.7867015098722414,0.6094538581015061,0.6223877504931512
BRAID,74,0.5008130081300813,0.7066782810685248,0.7865853658536583,0.6074617116494293,0.6211647585863613
LTR,74,0.36788617886178865,0.5302555168408828,0.6779326364692216,0.4766408568847593,0.4901411011559095
AL,74,0.5056329849012775,0.6994773519163762,0.7867015098722414,0.6083853331305422,0.6219967322972549
BRAID,74,0.5030778164924506,0.7017421602787455,0.7696864111498256,0.6043942305919658,0.6179962161016168
LTR,74,0.3237514518002323,0.5249128919860626,0.6702090592334494,0.45397288590232837,0.46354241561123094
AL,74,0.5103948896631822,0.7042392566782809,0.7939605110336816,0.6119693439706506,0.6248016103460354
BRAID,74,0.5054006968641115,0.6945993031358884,0.7722996515679441,0.602681498073484,0.6191352570838633
LTR,74,0.31498257839721255,0.48914053426248555,0.6321138211382114,0.4401903010526703,0.4491997124052872
AL,74,0.5102787456445993,0.7041811846689894,0.7939024390243901,0.6109913836808436,0.625416758844459
BRAID,148,0.48164924506387924,0.6873403019744482,0.7599883855981415,0.5851034004387663,0.5986290627362055
LTR,148,0.34378629500580715,0.529965156794425,0.6387921022067363,0.4649456381468576,0.4733431041793411
AL,148,0.4986062717770035,0.6994192799070846,0.7867595818815329,0.604606227992552,0.6177327258816805
BRAID,111,0.5128919860627178,0.7067944250871079,0.7744483159117304,0.6067684424718396,0.6238588158840772
LTR,111,0.33199767711962835,0.5613821138211382,0.6801974448315911,0.4701727411831941,0.4768865567907379
AL,111,0.5177119628339141,0.6994192799070846,0.7915214866434377,0.6145777450546613,0.6283594887819626
BRAID,148,0.5127758420441346,0.6969802555168407,0.7842624854819976,0.6078808095053739,0.6234919252253748
LTR,148,0.3505807200929152,0.5396051103368177,0.6605691056910568,0.47446877938167137,0.48307906089264974
AL,148,0.5175377468060394,0.7065040650406502,0.7939024390243901,0.6158175824530353,0.6294822142949321
BRAID,148,0.5155632984901277,0.6876887340301974,0.7722996515679441,0.6074254512102943,0.6207635547443908
LTR,148,0.35807200929152144,0.5373403019744483,0.6560975609756097,0.4810910393967885,0.48660011430046274
AL,148,0.5322299651567943,0.7042392566782809,0.7940185830429731,0.6242080199288387,0.6373045139465001
BRAID,74,0.49599303135888506,0.6825783972125434,0.7794425087108012,0.5963977264347473,0.6104434673598437
LTR,74,0.3098141695702671,0.4675377468060396,0.6416957026713123,0.4404395498036612,0.4458029607506958
AL,74,0.49355400696864116,0.6897212543554005,0.784320557491289,0.5978950394520952,0.6113840725992293
BRAID,185,0.5130081300813009,0.7045296167247386,0.772183507549361,0.6083171791751931,0.6224041350957727
LTR,185,0.38495934959349587,0.5446573751451801,0.6657375145180022,0.4960149466290581,0.5047619278063527
AL,185,0.5250871080139372,0.7066782810685248,0.7940185830429731,0.6185537419574876,0.6327952224250134
BRAID,185,0.5272357723577235,0.7041811846689894,0.784204413472706,0.6234007613885664,0.6353892668178382
LTR,185,0.3750871080139372,0.5590011614401857,0.66794425087108,0.49467848385966845,0.5015500617591211
AL,185,0.5321138211382113,0.7114982578397211,0.7987804878048779,0.6290004124956216,0.6394270458861052
BRAID,222,0.5323461091753775,0.7212543554006967,0.7986643437862948,0.6271916652839996,0.6399966124661247
LTR,222,0.40185830429732866,0.556910569105691,0.673403019744483,0.5121292609184596,0.5200035718894603
AL,222,0.541869918699187,0.7163182346109174,0.7987804878048779,0.6341751124569069,0.6456465580812271
BRAID,37,0.4814169570267131,0.6995934959349592,0.784204413472706,0.5925416643622219,0.6071553702781924
LTR,37,0.25435540069686413,0.43826945412311263,0.5907084785133566,0.38988510038161606,0.4021010775583946
AL,37,0.4814169570267131,0.6946573751451799,0.7867015098722414,0.5924648917832716,0.6074506618365504
BRAID,37,0.471718931475029,0.6945993031358884,0.7721254355400695,0.5838058482200468,0.5989409232527699
LTR,37,0.2273519163763066,0.44070847851335654,0.6125435540069686,0.3811653462197887,0.38846722157697766
AL,37,0.471718931475029,0.6898373983739836,0.7795005807200928,0.5847552794830669,0.5997816999428498
