BRAID,28,0.335483871,0.583870968,0.670967742,0.444840523,0.469454685,,,,,
LTR,28,0.370967742,0.596774194,0.664516129,0.458674689,0.489577573,,,,,
AL,28,0.296774194,0.561290323,0.65483871,0.413776455,0.44265617,,,,,
BRAID,279,0.412903226,0.580645161,0.661290323,0.486440732,0.514079621,,,,,
LTR,279,0.419354839,0.606451613,0.664516129,0.493774962,0.523868408,,,,,
AL,279,0.390322581,0.580645161,0.641935484,0.469930236,0.497747056,,,,,
BRAID,28,0.380645161,0.612903226,0.670967742,0.465408239,0.498381976,,,,,
LTR,28,0.383870968,0.596774194,0.661290323,0.470524514,0.502045571,,,,,
AL,28,0.332258065,0.564516129,0.635483871,0.426711043,0.461125192,,,,,
BRAID,28,0.358064516,0.567741935,0.651612903,0.448196685,0.479284434,,,,,
LTR,28,0.34516129,0.6,0.651612903,0.439734383,0.478410138,,,,,
AL,28,0.351612903,0.541935484,0.616129032,0.431761819,0.465134409,,,,,
BRAID,279,0.393548387,0.593548387,0.664516129,0.47937148,0.506602663,,,,,
LTR,279,0.409677419,0.6,0.674193548,0.483917904,0.518457501,,,,,
AL,279,0.390322581,0.580645161,0.641935484,0.469968638,0.497823861,,,,,
BRAID,28,0.348387097,0.564516129,0.648387097,0.450328341,0.471157194,,,,,
LTR,28,0.341935484,0.54516129,0.651612903,0.436640958,0.462631848,,,,,
AL,28,0.348387097,0.551612903,0.641935484,0.446124765,0.468458781,,,,,
BRAID,279,0.419354839,0.596774194,0.651612903,0.495849974,0.520459549,,,,,
LTR,279,0.451612903,0.625806452,0.670967742,0.506481695,0.544944956,,,,,
AL,279,0.419354839,0.593548387,0.651612903,0.493704557,0.517900666,,,,,
BRAID,28,0.335483871,0.551612903,0.658064516,0.433417179,0.461141833,,,,,
LTR,28,0.364516129,0.567741935,0.638709677,0.444487754,0.480728367,,,,,
AL,28,0.335483871,0.54516129,0.64516129,0.427866103,0.458325653,,,,,
BRAID,279,0.419354839,0.596774194,0.651612903,0.495901178,0.520459549,,,,,
LTR,279,0.451612903,0.625806452,0.670967742,0.506481695,0.544944956,,,,,
AL,279,0.419354839,0.593548387,0.651612903,0.493704557,0.517900666,,,,,
BRAID,28,0.34516129,0.558064516,0.658064516,0.450278631,0.468293651,,,,,
LTR,28,0.312903226,0.558064516,0.658064516,0.416584421,0.448201485,,,,,
AL,28,0.34516129,0.561290323,0.638709677,0.442158218,0.464180748,,,,,
BRAID,279,0.419354839,0.603225806,0.661290323,0.495037122,0.521233999,,,,,
LTR,279,0.448387097,0.622580645,0.677419355,0.510302099,0.543783922,,,,,
AL,279,0.419354839,0.593548387,0.651612903,0.492867384,0.517739375,,,,,
BRAID,15,0.24,0.393333333,0.52,0.330444444,0.345661376,,,,,
LTR,15,0.18,0.36,0.453333333,0.274734127,0.29794709,,,,,
AL,15,0.24,0.386666667,0.493333333,0.326526455,0.344301587,,,,,
BRAID,15,0.24,0.4,0.506666667,0.323859788,0.344597884,,,,,
LTR,15,0.193333333,0.38,0.486666667,0.289867725,0.309928571,,,,,
AL,15,0.24,0.386666667,0.493333333,0.318462963,0.342867725,,,,,
BRAID,135,0.34,0.5,0.553333333,0.396748677,0.425415344,,,,,
LTR,135,0.306666667,0.44,0.52,0.369150794,0.391701058,,,,,
AL,135,0.34,0.48,0.526666667,0.388473545,0.418156085,,,,,
BRAID,15,0.36,0.573333333,0.66,0.457039683,0.484079365,,,,,
LTR,15,0.266666667,0.5,0.666666667,0.396050265,0.41847619,,,,,
AL,15,0.36,0.546666667,0.64,0.453703704,0.480015873,,,,,
BRAID,135,0.486666667,0.62,0.66,0.520301587,0.563465608,,,,,
LTR,135,0.42,0.586666667,0.653333333,0.476642857,0.520042328,,,,,
AL,135,0.473333333,0.613333333,0.653333333,0.512481481,0.555037037,,,,,
BRAID,15,0.313333333,0.52,0.64,0.430277778,0.450383598,,,,,
LTR,15,0.293333333,0.513333333,0.633333333,0.401137566,0.424751323,,,,,
AL,15,0.313333333,0.5,0.593333333,0.416621693,0.439362434,,,,,
BRAID,135,0.486666667,0.626666667,0.66,0.523484127,0.566153439,,,,,
LTR,135,0.42,0.586666667,0.653333333,0.484851852,0.519291005,,,,,
AL,135,0.48,0.62,0.653333333,0.517574074,0.560037037,,,,,
BRAID,135,0.493333333,0.626666667,0.66,0.524015873,0.568415344,,,,,
LTR,135,0.42,0.593333333,0.66,0.486866402,0.521082011,,,,,
AL,135,0.48,0.62,0.653333333,0.515907407,0.560037037,,,,,
BRAID,15,0.386666667,0.58,0.666666667,0.469878307,0.502952381,,,,,
LTR,15,0.28,0.466666667,0.593333333,0.387436508,0.412224868,,,,,
AL,15,0.386666667,0.586666667,0.64,0.464608466,0.500034392,,,,,
BRAID,37,0.413356562,0.658362369,0.769976771,0.545135743,0.559970711,,,,,
LTR,37,0.219918699,0.476538908,0.600406504,0.382979094,0.395468471,,,,,
AL,37,0.413356562,0.653426249,0.767479675,0.544221985,0.559284216,,,,,
BRAID,37,0.380081301,0.660743322,0.769802555,0.529019309,0.540273952,,,,,
LTR,37,0.237340302,0.482055749,0.644192799,0.392545985,0.406522708,,,,,
AL,37,0.377642276,0.643728223,0.748025552,0.524519212,0.536639682,,,,,
BRAID,37,0.335946574,0.597560976,0.709233449,0.48329516,0.495658034,,,,,
LTR,37,0.23466899,0.472067364,0.63873403,0.391631132,0.402063884,,,,,
AL,37,0.335946574,0.59767712,0.711614402,0.483483203,0.494729205,,,,,
BRAID,28,0.335483871,0.55483871,0.64516129,0.42755803,0.460300819,,,,,
LTR,28,0.277419355,0.519354839,0.625806452,0.382712067,0.415985663,,,,,
AL,28,0.332258065,0.538709677,0.612903226,0.420532087,0.454772145,,,,,
BRAID,279,0.425806452,0.606451613,0.65483871,0.494340758,0.524261393,,,,,
LTR,279,0.435483871,0.603225806,0.661290323,0.496979327,0.528713518,,,,,
AL,279,0.425806452,0.603225806,0.648387097,0.495395545,0.523460061,,,,,
BRAID,279,0.383870968,0.580645161,0.651612903,0.455448349,0.494155146,,,,,
LTR,279,0.390322581,0.587096774,0.651612903,0.450591291,0.495531234,,,,,
AL,279,0.383870968,0.580645161,0.641935484,0.456178955,0.492761137,,,,,
BRAID,279,0.383870968,0.580645161,0.651612903,0.455448349,0.494155146,,,,,
LTR,279,0.390322581,0.587096774,0.651612903,0.450591291,0.495531234,,,,,
AL,279,0.383870968,0.580645161,0.641935484,0.456178955,0.492761137,,,,,
BRAID,279,0.412903226,0.596774194,0.658064516,0.475994944,0.51390937,,,,,
LTR,279,0.429032258,0.6,0.661290323,0.477690092,0.523152842,,,,,
AL,279,0.412903226,0.593548387,0.648387097,0.477474398,0.513012033,,,,,
BRAID,28,0.406451613,0.577419355,0.648387097,0.464128691,0.508032514,,,,,
LTR,28,0.309677419,0.512903226,0.632258065,0.395765702,0.433951613,,,,,
AL,28,0.406451613,0.570967742,0.612903226,0.45796339,0.502080133,,,,,
BRAID,28,0.312903226,0.55483871,0.648387097,0.417661077,0.447948029,,,,,
LTR,28,0.222580645,0.474193548,0.629032258,0.352017089,0.374731183,,,,,
AL,28,0.312903226,0.55483871,0.632258065,0.411399343,0.447771377,,,,,
BRAID,28,0.367741935,0.541935484,0.629032258,0.431178102,0.476861239,,,,,
LTR,28,0.267741935,0.480645161,0.596774194,0.365379438,0.40312724,,,,,
AL,28,0.364516129,0.55483871,0.616129032,0.427839862,0.474119304,,,,,
BRAID,279,0.441935484,0.609677419,0.661290323,0.504484127,0.535669483,,,,,
LTR,279,0.480645161,0.632258065,0.674193548,0.519166987,0.557708653,,,,,
AL,279,0.441935484,0.612903226,0.658064516,0.506596262,0.53578085,,,,,
BRAID,279,0.441935484,0.609677419,0.661290323,0.506303977,0.535677163,,,,,
LTR,279,0.487096774,0.609677419,0.661290323,0.525895631,0.560901178,,,,,
AL,279,0.441935484,0.612903226,0.658064516,0.506596262,0.53578085,,,,,
BRAID,28,0.361290323,0.561290323,0.638709677,0.433623485,0.476931644,,,,,
LTR,28,0.261290323,0.525806452,0.619354839,0.380282898,0.410177931,,,,,
AL,28,0.358064516,0.558064516,0.619354839,0.427845622,0.474342038,,,,,
BRAID,279,0.429032258,0.612903226,0.661290323,0.499336918,0.528786482,,,,,
LTR,279,0.461290323,0.619354839,0.667741935,0.506644905,0.546312084,,,,,
AL,279,0.429032258,0.609677419,0.651612903,0.499723502,0.527295187,,,,,
BRAID,28,0.390322581,0.583870968,0.632258065,0.45188268,0.496195597,,,,,
LTR,28,0.3,0.5,0.616129032,0.391556473,0.426154634,,,,,
AL,28,0.387096774,0.564516129,0.619354839,0.444188001,0.48766257,,,,,
BRAID,279,0.441935484,0.609677419,0.661290323,0.504484127,0.535669483,,,,,
LTR,279,0.480645161,0.632258065,0.674193548,0.519166987,0.557708653,,,,,
AL,279,0.441935484,0.612903226,0.658064516,0.506596262,0.53578085,,,,,
BRAID,28,0.338709677,0.55483871,0.619354839,0.423916411,0.459628776,,,,,
LTR,28,0.280645161,0.506451613,0.580645161,0.376794568,0.413069636,,,,,
AL,28,0.338709677,0.541935484,0.603225806,0.418792883,0.45563236,,,,,
BRAID,279,0.425806452,0.612903226,0.658064516,0.498292371,0.52687404,,,,,
LTR,279,0.461290323,0.625806452,0.667741935,0.507911226,0.547896825,,,,,
AL,279,0.425806452,0.609677419,0.651612903,0.498917051,0.525682284,,,,,
BRAID,28,0.335483871,0.548387097,0.641935484,0.425450589,0.460097286,,,,,
LTR,28,0.280645161,0.535483871,0.612903226,0.39375672,0.420480031,,,,,
AL,28,0.335483871,0.551612903,0.616129032,0.421929724,0.459014337,,,,,
BRAID,279,0.419354839,0.609677419,0.658064516,0.492990271,0.522267025,,,,,
LTR,279,0.470967742,0.609677419,0.670967742,0.51218702,0.551679467,,,,,
AL,279,0.419354839,0.612903226,0.651612903,0.495037122,0.52218766,,,,,
BRAID,279,0.380645161,0.593548387,0.658064516,0.46062116,0.49406682,,,,,
LTR,279,0.412903226,0.6,0.648387097,0.466074309,0.509989759,,,,,
AL,279,0.380645161,0.587096774,0.64516129,0.460538914,0.492671531,,,,,
BRAID,28,0.351612903,0.541935484,0.625806452,0.419339264,0.465815412,,,,,
LTR,28,0.212903226,0.503225806,0.609677419,0.354782279,0.378074757,,,,,
AL,28,0.351612903,0.54516129,0.606451613,0.416287976,0.464731183,,,,,
BRAID,279,0.387096774,0.570967742,0.632258065,0.453703917,0.493378136,,,,,
LTR,279,0.332258065,0.55483871,0.632258065,0.424646271,0.456153354,,,,,
AL,279,0.387096774,0.567741935,0.619354839,0.449649898,0.491551459,,,,,
BRAID,279,0.387096774,0.570967742,0.632258065,0.453703917,0.493378136,,,,,
LTR,279,0.332258065,0.55483871,0.632258065,0.424646271,0.456153354,,,,,
AL,279,0.387096774,0.567741935,0.619354839,0.449649898,0.491551459,,,,,
BRAID,28,0.322580645,0.551612903,0.648387097,0.414913808,0.452726575,,,,,
LTR,28,0.241935484,0.522580645,0.622580645,0.371750299,0.401506656,,,,,
AL,28,0.322580645,0.541935484,0.606451613,0.406256827,0.444711982,,,,,
BRAID,279,0.387096774,0.606451613,0.65483871,0.467228623,0.499589094,,,,,
LTR,279,0.416129032,0.603225806,0.664516129,0.473236367,0.51437148,,,,,
AL,279,0.387096774,0.6,0.651612903,0.468447261,0.4987468,,,,,
BRAID,279,0.4,0.606451613,0.658064516,0.481065348,0.510606759,,,,,
LTR,279,0.419354839,0.596774194,0.658064516,0.47921307,0.517274706,,,,,
AL,279,0.4,0.6,0.648387097,0.478835765,0.507994112,,,,,
BRAID,279,0.419354839,0.609677419,0.658064516,0.492990271,0.522267025,,,,,
LTR,279,0.470967742,0.609677419,0.670967742,0.51218702,0.551679467,,,,,
AL,279,0.419354839,0.612903226,0.651612903,0.495037122,0.52218766,,,,,
BRAID,279,0.467741935,0.622580645,0.664516129,0.520525154,0.552208141,,,,,
LTR,279,0.496774194,0.619354839,0.670967742,0.527312788,0.567418075,,,,,
AL,279,0.467741935,0.622580645,0.661290323,0.521470814,0.552147977,,,,,
BRAID,279,0.441935484,0.609677419,0.661290323,0.504484127,0.535669483,,,,,
LTR,279,0.480645161,0.632258065,0.674193548,0.519166987,0.557708653,,,,,
AL,279,0.441935484,0.612903226,0.658064516,0.506596262,0.53578085,,,,,
BRAID,279,0.438709677,0.603225806,0.658064516,0.49547139,0.530730927,,,,,
LTR,279,0.441935484,0.612903226,0.661290323,0.488258769,0.530267537,,,,,
AL,279,0.438709677,0.609677419,0.651612903,0.496112391,0.531076549,,,,,
BRAID,279,0.458064516,0.612903226,0.658064516,0.513733679,0.544539171,,,,,
LTR,279,0.480645161,0.622580645,0.667741935,0.513990975,0.554164107,,,,,
AL,279,0.458064516,0.612903226,0.65483871,0.513602791,0.543294931,,,,,
BRAID,279,0.467741935,0.622580645,0.664516129,0.520525154,0.552208141,,,,,
LTR,279,0.496774194,0.619354839,0.670967742,0.527312788,0.567418075,,,,,
AL,279,0.467741935,0.622580645,0.661290323,0.521470814,0.552147977,,,,,
BRAID,279,0.422580645,0.6,0.670967742,0.486272081,0.52030722,,,,,
LTR,279,0.435483871,0.593548387,0.664516129,0.485791731,0.525715566,,,,,
AL,279,0.422580645,0.603225806,0.65483871,0.486865079,0.520592678,,,,,
BRAID,28,0.406451613,0.558064516,0.635483871,0.458911184,0.502910906,,,,,
LTR,28,0.322580645,0.522580645,0.609677419,0.407467571,0.440980543,,,,,
AL,28,0.406451613,0.567741935,0.622580645,0.455137609,0.500995904,,,,,
BRAID,279,0.467741935,0.622580645,0.664516129,0.520525154,0.552208141,,,,,
LTR,279,0.496774194,0.619354839,0.670967742,0.527312788,0.567418075,,,,,
AL,279,0.467741935,0.622580645,0.661290323,0.521470814,0.552147977,,,,,
BRAID,28,0.416129032,0.574193548,0.635483871,0.471591995,0.510718126,,,,,
LTR,28,0.338709677,0.529032258,0.616129032,0.418196898,0.453078597,,,,,
AL,28,0.419354839,0.580645161,0.625806452,0.46796915,0.510897337,,,,,
BRAID,279,0.470967742,0.625806452,0.667741935,0.516318804,0.553819764,,,,,
LTR,279,0.493548387,0.622580645,0.674193548,0.519313556,0.566274962,,,,,
AL,279,0.470967742,0.622580645,0.661290323,0.516282642,0.553223246,,,,,
BRAID,28,0.4,0.564516129,0.651612903,0.457788018,0.500574757,,,,,
LTR,28,0.329032258,0.551612903,0.632258065,0.417893945,0.456012545,,,,,
AL,28,0.4,0.567741935,0.616129032,0.453636926,0.495928059,,,,,
BRAID,279,0.464516129,0.625806452,0.670967742,0.511592742,0.549889913,,,,,
LTR,279,0.487096774,0.635483871,0.674193548,0.523039235,0.564325397,,,,,
AL,279,0.464516129,0.619354839,0.661290323,0.512250384,0.549029698,,,,,
BRAID,279,0.464516129,0.625806452,0.670967742,0.511798835,0.549889913,,,,,
LTR,279,0.483870968,0.635483871,0.674193548,0.521911482,0.562712494,,,,,
AL,279,0.464516129,0.619354839,0.661290323,0.512250384,0.549029698,,,,,
BRAID,28,0.387096774,0.580645161,0.651612903,0.46364226,0.496737071,,,,,
LTR,28,0.370967742,0.548387097,0.629032258,0.441313257,0.479494368,,,,,
AL,28,0.387096774,0.580645161,0.638709677,0.46110087,0.495337942,,,,,
BRAID,279,0.470967742,0.616129032,0.667741935,0.513826485,0.552628008,,,,,
LTR,279,0.496774194,0.625806452,0.677419355,0.523074437,0.567754736,,,,,
AL,279,0.470967742,0.622580645,0.661290323,0.51547619,0.553223246,,,,,
BRAID,28,0.361290323,0.54516129,0.612903226,0.428312212,0.469205069,,,,,
LTR,28,0.290322581,0.503225806,0.590322581,0.389453938,0.421446493,,,,,
AL,28,0.361290323,0.54516129,0.609677419,0.426588795,0.469094982,,,,,
BRAID,279,0.390322581,0.570967742,0.64516129,0.458891876,0.495707885,,,,,
LTR,279,0.358064516,0.551612903,0.635483871,0.440691564,0.472409114,,,,,
AL,279,0.390322581,0.574193548,0.635483871,0.456053081,0.495513313,,,,,
BRAID,279,0.429032258,0.587096774,0.648387097,0.484604028,0.521072709,,,,,
LTR,279,0.403225806,0.583870968,0.64516129,0.467221582,0.502574245,,,,,
AL,279,0.432258065,0.6,0.648387097,0.489910394,0.525213774,,,,,
BRAID,279,0.464516129,0.622580645,0.680645161,0.519330517,0.552199181,,,,,
LTR,279,0.435483871,0.6,0.658064516,0.492438983,0.528320533,,,,,
AL,279,0.464516129,0.629032258,0.664516129,0.515860215,0.553027394,,,,,
BRAID,279,0.45483871,0.635483871,0.664516129,0.512016129,0.547144137,,,,,
LTR,279,0.435483871,0.596774194,0.664516129,0.483851767,0.527803379,,,,,
AL,279,0.45483871,0.635483871,0.667741935,0.509428657,0.548292371,,,,,
BRAID,279,0.464516129,0.622580645,0.680645161,0.519330517,0.552199181,,,,,
LTR,279,0.435483871,0.6,0.658064516,0.492438983,0.528320533,,,,,
AL,279,0.464516129,0.629032258,0.664516129,0.515860215,0.553027394,,,,,
BRAID,279,0.464516129,0.622580645,0.680645161,0.519646697,0.552794419,,,,,
LTR,279,0.438709677,0.593548387,0.664516129,0.494029165,0.528917051,,,,,
AL,279,0.464516129,0.629032258,0.664516129,0.515860215,0.553027394,,,,,
BRAID,279,0.470967742,0.619354839,0.667741935,0.514168267,0.552999232,,,,,
LTR,279,0.480645161,0.629032258,0.680645161,0.515697325,0.55969022,,,,,
AL,279,0.470967742,0.622580645,0.661290323,0.51547619,0.553223246,,,,,
BRAID,279,0.470967742,0.625806452,0.661290323,0.517196621,0.554782386,,,,,
LTR,279,0.496774194,0.629032258,0.670967742,0.526935484,0.569645417,,,,,
AL,279,0.470967742,0.622580645,0.661290323,0.51547619,0.553223246,,,,,
BRAID,279,0.441935484,0.609677419,0.664516129,0.495528994,0.533572709,,,,,
LTR,279,0.464516129,0.609677419,0.664516129,0.495962302,0.543547107,,,,,
AL,279,0.441935484,0.609677419,0.651612903,0.495341782,0.532689452,,,,,
BRAID,279,0.45483871,0.632258065,0.664516129,0.511312084,0.54671403,,,,,
LTR,279,0.448387097,0.593548387,0.658064516,0.487382232,0.5331298,,,,,
AL,279,0.45483871,0.635483871,0.667741935,0.509428657,0.548292371,,,,,
BRAID,279,0.438709677,0.625806452,0.674193548,0.500345622,0.536073989,,,,,
LTR,279,0.393548387,0.590322581,0.658064516,0.472520375,0.502000768,,,,,
AL,279,0.438709677,0.619354839,0.667741935,0.499873272,0.536594982,,,,,
BRAID,279,0.464516129,0.622580645,0.680645161,0.519646697,0.552794419,,,,,
LTR,279,0.438709677,0.593548387,0.664516129,0.494029165,0.528917051,,,,,
AL,279,0.464516129,0.629032258,0.664516129,0.515860215,0.553027394,,,,,
BRAID,279,0.464516129,0.622580645,0.680645161,0.519646697,0.552794419,,,,,
LTR,279,0.438709677,0.593548387,0.664516129,0.494029165,0.528917051,,,,,
AL,279,0.464516129,0.629032258,0.664516129,0.515860215,0.553027394,,,,,
BRAID,279,0.45483871,0.612903226,0.670967742,0.506103431,0.543503584,,,,,
LTR,279,0.419354839,0.593548387,0.667741935,0.477267985,0.515341782,,,,,
AL,279,0.45483871,0.619354839,0.661290323,0.508846646,0.544190988,,,,,
BRAID,279,0.470967742,0.612903226,0.667741935,0.514353559,0.552508961,,,,,
LTR,279,0.44516129,0.590322581,0.664516129,0.488018433,0.532452637,,,,,
AL,279,0.470967742,0.619354839,0.661290323,0.51562596,0.552793139,,,,,
BRAID,279,0.470967742,0.619354839,0.658064516,0.514695341,0.552988991,,,,,
LTR,279,0.45483871,0.612903226,0.661290323,0.49749872,0.541427291,,,,,
AL,279,0.470967742,0.622580645,0.661290323,0.515458269,0.553223246,,,,,
BRAID,279,0.5,0.635483871,0.664516129,0.532849782,0.572631848,,,,,
LTR,279,0.467741935,0.632258065,0.677419355,0.508698157,0.552991551,,,,,
AL,279,0.5,0.638709677,0.667741935,0.534187148,0.573142601,,,,,
BRAID,28,0.396774194,0.577419355,0.64516129,0.465524194,0.50078469,,,,,
LTR,28,0.316129032,0.535483871,0.635483871,0.409207843,0.441895801,,,,,
AL,28,0.396774194,0.574193548,0.648387097,0.465666496,0.500212494,,,,,
BRAID,279,0.5,0.635483871,0.674193548,0.533338774,0.573099078,,,,,
LTR,279,0.490322581,0.64516129,0.687096774,0.526441692,0.568695597,,,,,
AL,279,0.5,0.638709677,0.667741935,0.534205069,0.573142601,,,,,
BRAID,28,0.403225806,0.567741935,0.638709677,0.461904655,0.500606759,,,,,
LTR,28,0.312903226,0.541935484,0.648387097,0.410878136,0.442067332,,,,,
AL,28,0.403225806,0.567741935,0.625806452,0.458384537,0.498370456,,,,,
BRAID,56,0.422580645,0.6,0.667741935,0.48125736,0.522245264,,,,,
LTR,56,0.390322581,0.593548387,0.651612903,0.462776498,0.500442908,,,,,
AL,56,0.422580645,0.603225806,0.661290323,0.480474484,0.521991807,,,,,
BRAID,84,0.432258065,0.6,0.670967742,0.494915515,0.526433692,,,,,
LTR,84,0.387096774,0.570967742,0.651612903,0.457967443,0.492118536,,,,,
AL,84,0.432258065,0.596774194,0.661290323,0.495060804,0.524445725,,,,,
BRAID,112,0.448387097,0.616129032,0.664516129,0.504896953,0.54125576,,,,,
LTR,112,0.422580645,0.6,0.64516129,0.480495285,0.521301843,,,,,
AL,112,0.448387097,0.619354839,0.664516129,0.503387097,0.541266001,,,,,
BRAID,140,0.458064516,0.616129032,0.674193548,0.512066692,0.545705325,,,,,
LTR,140,0.429032258,0.596774194,0.658064516,0.48327733,0.522071173,,,,,
AL,140,0.458064516,0.625806452,0.667741935,0.512696493,0.546260881,,,,,
BRAID,168,0.483870968,0.625806452,0.674193548,0.524256272,0.563570148,,,,,
LTR,168,0.467741935,0.625806452,0.667741935,0.510408239,0.552043011,,,,,
AL,168,0.483870968,0.638709677,0.667741935,0.525576037,0.565060164,,,,,
BRAID,196,0.470967742,0.625806452,0.670967742,0.51593574,0.552857143,,,,,
LTR,196,0.464516129,0.606451613,0.661290323,0.500193932,0.546547619,,,,,
AL,196,0.470967742,0.635483871,0.670967742,0.517583205,0.554863031,,,,,
BRAID,224,0.5,0.635483871,0.670967742,0.532176459,0.572946749,,,,,
LTR,224,0.477419355,0.606451613,0.651612903,0.508334293,0.555549155,,,,,
AL,224,0.5,0.638709677,0.664516129,0.534164107,0.573393497,,,,,
BRAID,224,0.5,0.641935484,0.674193548,0.532617768,0.573645673,,,,,
LTR,224,0.480645161,0.625806452,0.677419355,0.524262033,0.561437532,,,,,
AL,224,0.5,0.64516129,0.667741935,0.534366359,0.573841526,,,,,
BRAID,252,0.496774194,0.638709677,0.670967742,0.529900154,0.571454173,,,,,
LTR,252,0.487096774,0.635483871,0.674193548,0.525762609,0.568077317,,,,,
AL,252,0.496774194,0.641935484,0.670967742,0.532574245,0.572067332,,,,,
BRAID,224,0.506451613,0.638709677,0.674193548,0.53890681,0.577840502,,,,,
LTR,224,0.519354839,0.632258065,0.674193548,0.536531298,0.582772657,,,,,
AL,224,0.506451613,0.641935484,0.667741935,0.538344854,0.57733615,,,,,
BRAID,196,0.483870968,0.635483871,0.670967742,0.523078597,0.564594214,,,,,
LTR,196,0.461290323,0.616129032,0.674193548,0.507862903,0.548503584,,,,,
AL,196,0.483870968,0.638709677,0.661290323,0.522228196,0.563766001,,,,,
original,0.341935484,0.529032258,0.590322581,0.403473716,0.452007168,,,,,,
BRAID,168,0.470967742,0.632258065,0.670967742,0.517885625,0.555921659,,,,,
LTR,168,0.467741935,0.609677419,0.667741935,0.504090715,0.548349974,,,,,
AL,168,0.470967742,0.635483871,0.667741935,0.518416539,0.556368408,,,,,
original,0.341935484,0.529032258,0.590322581,0.403473716,0.452007168,,,,,,
BRAID,196,0.474193548,0.625806452,0.667741935,0.51874264,0.558059396,,,,,
LTR,196,0.458064516,0.612903226,0.667741935,0.498676075,0.543115719,,,,,
AL,196,0.474193548,0.632258065,0.670967742,0.521938684,0.559432924,,,,,
BRAID,224,0.487096774,0.632258065,0.674193548,0.526427611,0.564591654,,,,,
LTR,224,0.490322581,0.635483871,0.674193548,0.520657002,0.568405018,,,,,
AL,224,0.487096774,0.632258065,0.667741935,0.527914747,0.56437916,,,,,
1,28,0.390322581,0.570967742,0.658064516,0.459001429,0.495135689,,,,,
1,28,0.377419355,0.583870968,0.641935484,0.451383662,0.487480799,,,,,
2,28,0.377419355,0.570967742,0.658064516,0.44989802,0.48859063,,,,,
1,28,0.396774194,0.564516129,0.629032258,0.458349121,0.494594214,,,,,
2,28,0.403225806,0.577419355,0.641935484,0.461109724,0.501331285,,,,,
3,28,0.383870968,0.570967742,0.625806452,0.452638676,0.489196109,,,,,
1,28,0.370967742,0.577419355,0.641935484,0.44916528,0.483984895,,,,,
1,28,0.374193548,0.558064516,0.648387097,0.44400367,0.481040707,,,,,
2,28,0.403225806,0.577419355,0.648387097,0.462207288,0.503695597,,,,,
1,28,0.361290323,0.574193548,0.635483871,0.441686081,0.479447005,,,,,
2,28,0.364516129,0.561290323,0.648387097,0.443948839,0.478891449,,,,,
3,28,0.383870968,0.577419355,0.648387097,0.457097521,0.493923451,,,,,
1,28,0.377419355,0.567741935,0.651612903,0.452082267,0.488399898,,,,,
1,28,0.35483871,0.580645161,0.65483871,0.453385177,0.480500512,,,,,
2,28,0.390322581,0.580645161,0.641935484,0.460183905,0.498045315,,,,,
3,28,0.35483871,0.577419355,0.64516129,0.437434502,0.475217614,,,,,
4,28,0.374193548,0.583870968,0.648387097,0.457119816,0.49172299,,,,,
5,28,0.4,0.596774194,0.667741935,0.472529442,0.50844214,,,,,
6,28,0.351612903,0.590322581,0.648387097,0.44781906,0.478986175,,,,,
7,28,0.358064516,0.574193548,0.641935484,0.445245989,0.478357655,,,,,
8,28,0.361290323,0.561290323,0.65483871,0.448715011,0.477771377,,,,,
9,28,0.396774194,0.567741935,0.661290323,0.466528418,0.500683564,,,,,
10,28,0.416129032,0.570967742,0.651612903,0.470690818,0.509818228,,,,,
BRAID,28,0.375806452,0.578387097,0.651612903,0.455965214,0.489954557,,,,,
1,56,0.435483871,0.616129032,0.664516129,0.493922811,0.531575781,,,,,
2,56,0.432258065,0.612903226,0.65483871,0.494184268,0.530574757,,,,,
3,56,0.432258065,0.622580645,0.674193548,0.491833077,0.529420123,,,,,
4,56,0.419354839,0.603225806,0.661290323,0.488848886,0.524705581,,,,,
5,56,0.396774194,0.603225806,0.674193548,0.476314004,0.509665899,,,,,
6,56,0.422580645,0.609677419,0.667741935,0.485871736,0.523408858,,,,,
7,56,0.4,0.619354839,0.651612903,0.478987455,0.513301331,,,,,
8,56,0.432258065,0.603225806,0.664516129,0.489231951,0.52546467,,,,,
9,56,0.441935484,0.587096774,0.65483871,0.487824181,0.528393497,,,,,
10,56,0.409677419,0.593548387,0.667741935,0.480333141,0.515057604,,,,,
BRAID,56,0.422258065,0.607096774,0.663548387,0.486735151,0.52315681,,,,,
1,84,0.458064516,0.619354839,0.667741935,0.505398105,0.543012033,,,,,
2,84,0.435483871,0.603225806,0.658064516,0.487543523,0.527780338,,,,,
3,84,0.435483871,0.606451613,0.667741935,0.489897913,0.529950077,,,,,
4,84,0.435483871,0.609677419,0.661290323,0.497131656,0.531121352,,,,,
5,84,0.429032258,0.603225806,0.670967742,0.489576613,0.526113671,,,,,
6,84,0.448387097,0.606451613,0.658064516,0.496972606,0.537363031,,,,,
7,84,0.441935484,0.606451613,0.667741935,0.495496032,0.535723246,,,,,
8,84,0.429032258,0.606451613,0.664516129,0.491744645,0.527044291,,,,,
9,84,0.406451613,0.606451613,0.65483871,0.477935548,0.513031234,,,,,
10,84,0.432258065,0.606451613,0.667741935,0.493638953,0.528550947,,,,,
BRAID,84,0.43516129,0.607419355,0.663870968,0.492533559,0.529969022,,,,,
1,112,0.441935484,0.616129032,0.667741935,0.496762993,0.538218126,,,,,
2,112,0.467741935,0.629032258,0.670967742,0.515138889,0.552529442,,,,,
3,112,0.461290323,0.638709677,0.670967742,0.506600102,0.552416795,,,,,
4,112,0.467741935,0.622580645,0.661290323,0.50500704,0.55061956,,,,,
5,112,0.432258065,0.612903226,0.664516129,0.490582437,0.529298515,,,,,
6,112,0.464516129,0.638709677,0.674193548,0.516699309,0.555729647,,,,,
7,112,0.429032258,0.603225806,0.65483871,0.496336086,0.528662314,,,,,
8,112,0.461290323,0.625806452,0.670967742,0.50953405,0.549875832,,,,,
9,112,0.483870968,0.625806452,0.674193548,0.520760369,0.562914747,,,,,
10,112,0.45483871,0.616129032,0.664516129,0.506644585,0.543769841,,,,,
BRAID,112,0.456451613,0.622903226,0.667419355,0.506406586,0.546403482,,,,,
1,140,0.44516129,0.612903226,0.670967742,0.504773425,0.540168971,,,,,
2,140,0.448387097,0.629032258,0.670967742,0.508794483,0.540657962,,,,,
3,140,0.461290323,0.612903226,0.674193548,0.51046371,0.549120584,,,,,
4,140,0.45483871,0.629032258,0.661290323,0.508930492,0.545115207,,,,,
5,140,0.458064516,0.619354839,0.680645161,0.510873016,0.546753712,,,,,
6,140,0.464516129,0.619354839,0.670967742,0.509564132,0.551620584,,,,,
7,140,0.448387097,0.619354839,0.670967742,0.505819572,0.541289042,,,,,
8,140,0.448387097,0.6,0.664516129,0.502291347,0.537427035,,,,,
9,140,0.467741935,0.632258065,0.661290323,0.519150666,0.553667435,,,,,
10,140,0.474193548,0.619354839,0.670967742,0.519158346,0.554356119,,,,,
BRAID,140,0.457096774,0.619354839,0.669677419,0.509981919,0.546017665,,,,,
1,168,0.477419355,0.625806452,0.670967742,0.519642857,0.558371736,,,,,
2,168,0.474193548,0.625806452,0.667741935,0.515326421,0.555504352,,,,,
3,168,0.487096774,0.625806452,0.658064516,0.522676971,0.56280722,,,,,
4,168,0.483870968,0.632258065,0.667741935,0.52265361,0.562707373,,,,,
5,168,0.477419355,0.625806452,0.667741935,0.520167691,0.55734255,,,,,
6,168,0.458064516,0.622580645,0.667741935,0.509859191,0.548020993,,,,,
7,168,0.464516129,0.622580645,0.661290323,0.512616807,0.549581413,,,,,
8,168,0.448387097,0.612903226,0.664516129,0.502055492,0.537900666,,,,,
9,168,0.474193548,0.619354839,0.664516129,0.514081221,0.553931132,,,,,
10,168,0.477419355,0.625806452,0.674193548,0.517411034,0.557224782,,,,,
BRAID,168,0.472258065,0.623870968,0.666451613,0.51564913,0.554339222,,,,,
1,196,0.483870968,0.629032258,0.670967742,0.523078277,0.562601126,,,,,
2,196,0.470967742,0.625806452,0.664516129,0.514925435,0.555083205,,,,,
3,196,0.470967742,0.619354839,0.670967742,0.518964734,0.554595494,,,,,
4,196,0.480645161,0.625806452,0.664516129,0.51906682,0.558631592,,,,,
5,196,0.448387097,0.619354839,0.670967742,0.502291667,0.538156682,,,,,
6,196,0.474193548,0.632258065,0.670967742,0.519795507,0.557167179,,,,,
7,196,0.487096774,0.616129032,0.664516129,0.52015809,0.560664363,,,,,
8,196,0.474193548,0.619354839,0.670967742,0.515565796,0.554043779,,,,,
9,196,0.483870968,0.622580645,0.670967742,0.523250448,0.560751408,,,,,
10,196,0.474193548,0.619354839,0.667741935,0.514290835,0.554124424,,,,,
BRAID,196,0.47483871,0.622903226,0.668709677,0.517138761,0.555581925,,,,,
1,224,0.483870968,0.625806452,0.670967742,0.527424155,0.563515105,,,,,
2,224,0.487096774,0.632258065,0.674193548,0.522404314,0.563224526,,,,,
3,224,0.480645161,0.632258065,0.667741935,0.521047427,0.561354327,,,,,
4,224,0.493548387,0.632258065,0.677419355,0.527423195,0.567261905,,,,,
5,224,0.493548387,0.632258065,0.667741935,0.529557092,0.570213774,,,,,
6,224,0.493548387,0.629032258,0.674193548,0.528788722,0.570195853,,,,,
7,224,0.490322581,0.635483871,0.677419355,0.529411482,0.568314132,,,,,
8,224,0.487096774,0.622580645,0.670967742,0.520037442,0.562512801,,,,,
9,224,0.487096774,0.635483871,0.667741935,0.525223694,0.564572453,,,,,
10,224,0.483870968,0.625806452,0.674193548,0.523062276,0.561926523,,,,,
BRAID,224,0.488064516,0.630322581,0.672258065,0.52543798,0.56530914,,,,,
1,252,0.493548387,0.632258065,0.674193548,0.527609447,0.568733999,,,,,
2,252,0.496774194,0.632258065,0.670967742,0.531692908,0.570266257,,,,,
3,252,0.487096774,0.635483871,0.674193548,0.527158218,0.56516001,,,,,
4,252,0.480645161,0.629032258,0.674193548,0.521598822,0.559944956,,,,,
5,252,0.490322581,0.632258065,0.670967742,0.524469086,0.565657962,,,,,
6,252,0.483870968,0.629032258,0.670967742,0.524489567,0.562681772,,,,,
7,252,0.496774194,0.629032258,0.667741935,0.530660842,0.570513313,,,,,
8,252,0.487096774,0.629032258,0.670967742,0.526506976,0.564353559,,,,,
9,252,0.493548387,0.625806452,0.677419355,0.528354455,0.567435996,,,,,
10,252,0.493548387,0.632258065,0.670967742,0.528146761,0.567597286,,,,,
BRAID,252,0.490322581,0.630645161,0.672258065,0.527068708,0.566234511,,,,,
1,279,0.470967742,0.622580645,0.661290323,0.513844086,0.552803379,,,,,
1,28,0.367741935,0.577419355,0.664516129,0.453978068,0.487794419,,,,,
1,279,0.432258065,0.593548387,0.658064516,0.489296808,0.524905274,,,,,
1,28,0.383870968,0.570967742,0.651612903,0.452878478,0.491642345,,,,,
1,28,0.4,0.570967742,0.648387097,0.460389572,0.500491551,,,,,
1,279,0.45483871,0.632258065,0.670967742,0.512932668,0.547923707,,,,,
1,279,0.470967742,0.622580645,0.661290323,0.514548131,0.553013313,,,,,
1,28,0.387096774,0.580645161,0.648387097,0.45823306,0.495258577,,,,,
1,28,0.390322581,0.6,0.65483871,0.467074373,0.50484255,,,,,
1,28,0.370967742,0.583870968,0.667741935,0.453182924,0.488946493,,,,,
2,28,0.370967742,0.574193548,0.65483871,0.453033367,0.48609191,,,,,
3,28,0.370967742,0.590322581,0.661290323,0.459278034,0.491129032,,,,,
4,28,0.377419355,0.590322581,0.65483871,0.455570917,0.491596262,,,,,
5,28,0.358064516,0.583870968,0.65483871,0.448190604,0.480147209,,,,,
6,28,0.358064516,0.570967742,0.65483871,0.446186849,0.475651562,,,,,
7,28,0.377419355,0.577419355,0.648387097,0.457513441,0.489420123,,,,,
8,28,0.387096774,0.590322581,0.661290323,0.462191074,0.495706605,,,,,
9,28,0.364516129,0.587096774,0.658064516,0.451600956,0.483946493,,,,,
10,28,0.380645161,0.55483871,0.65483871,0.455164704,0.489002816,,,,,
1,56,0.403225806,0.616129032,0.667741935,0.47750512,0.515384025,,,,,
2,56,0.409677419,0.606451613,0.651612903,0.481201997,0.514567332,,,,,
3,56,0.387096774,0.603225806,0.658064516,0.471193036,0.503303891,,,,,
4,56,0.403225806,0.596774194,0.65483871,0.479343958,0.509651818,,,,,
5,56,0.393548387,0.6,0.658064516,0.467041091,0.504481567,,,,,
6,56,0.387096774,0.6,0.661290323,0.467695212,0.501936764,,,,,
7,56,0.380645161,0.606451613,0.65483871,0.465614439,0.499257552,,,,,
8,56,0.403225806,0.609677419,0.664516129,0.477590886,0.515092166,,,,,
9,56,0.377419355,0.593548387,0.670967742,0.463520225,0.496001024,,,,,
10,56,0.390322581,0.593548387,0.658064516,0.466776114,0.502419355,,,,,
1,84,0.403225806,0.609677419,0.664516129,0.473764721,0.511116231,,,,,
2,84,0.403225806,0.596774194,0.65483871,0.471856759,0.508164363,,,,,
3,84,0.393548387,0.587096774,0.65483871,0.470595238,0.503536866,,,,,
4,84,0.403225806,0.593548387,0.658064516,0.475459549,0.507994112,,,,,
5,84,0.419354839,0.596774194,0.670967742,0.482768177,0.518737839,,,,,
6,84,0.396774194,0.596774194,0.65483871,0.469290835,0.504436764,,,,,
7,84,0.396774194,0.603225806,0.658064516,0.475292499,0.5078149,,,,,
8,84,0.409677419,0.606451613,0.661290323,0.481693548,0.514499488,,,,,
9,84,0.422580645,0.596774194,0.667741935,0.485868536,0.520741167,,,,,
10,84,0.419354839,0.606451613,0.658064516,0.480216334,0.519916795,,,,,
1,112,0.406451613,0.606451613,0.664516129,0.481931644,0.516466974,,,,,
2,112,0.425806452,0.6,0.658064516,0.489624296,0.523178443,,,,,
3,112,0.422580645,0.603225806,0.661290323,0.490173451,0.524083461,,,,,
4,112,0.429032258,0.606451613,0.661290323,0.487176139,0.527375832,,,,,
5,112,0.432258065,0.612903226,0.667741935,0.49218126,0.530350742,,,,,
6,112,0.422580645,0.619354839,0.667741935,0.485428827,0.525117768,,,,,
7,112,0.451612903,0.612903226,0.664516129,0.508271249,0.539199949,,,,,
8,112,0.406451613,0.593548387,0.661290323,0.480988223,0.512003328,,,,,
9,112,0.432258065,0.612903226,0.661290323,0.48922363,0.52749616,,,,,
10,112,0.419354839,0.603225806,0.658064516,0.482724014,0.518965694,,,,,
1,140,0.432258065,0.622580645,0.667741935,0.49937084,0.531752432,,,,,
2,140,0.441935484,0.625806452,0.664516129,0.497839222,0.537243984,,,,,
3,140,0.451612903,0.612903226,0.664516129,0.504617256,0.541024066,,,,,
4,140,0.45483871,0.619354839,0.667741935,0.503829365,0.542219662,,,,,
5,140,0.44516129,0.612903226,0.658064516,0.500430108,0.536827957,,,,,
6,140,0.438709677,0.6,0.661290323,0.491754992,0.529226831,,,,,
7,140,0.435483871,0.612903226,0.661290323,0.495485151,0.532044291,,,,,
8,140,0.44516129,0.625806452,0.667741935,0.501237199,0.538952893,,,,,
9,140,0.429032258,0.606451613,0.667741935,0.491490015,0.526063748,,,,,
10,140,0.432258065,0.612903226,0.661290323,0.489461086,0.529301075,,,,,
1,28,0.383870968,0.583870968,0.651612903,0.454830602,0.493815924,,,,,
1,279,0.470967742,0.619354839,0.664516129,0.514859191,0.553142601,,,,,
1,28,0.390322581,0.580645161,0.658064516,0.457908773,0.496570661,,,,,
2,28,0.377419355,0.577419355,0.65483871,0.454961171,0.489326677,,,,,
3,28,0.403225806,0.577419355,0.641935484,0.466037933,0.501699949,,,,,
4,28,0.377419355,0.580645161,0.64516129,0.449357612,0.488412698,,,,,
5,28,0.364516129,0.583870968,0.664516129,0.446865293,0.484421403,,,,,
6,28,0.390322581,0.561290323,0.638709677,0.454571173,0.49187788,,,,,
7,28,0.370967742,0.570967742,0.651612903,0.449881166,0.486045827,,,,,
8,28,0.393548387,0.577419355,0.651612903,0.464602108,0.498940092,,,,,
9,28,0.370967742,0.570967742,0.658064516,0.452999659,0.484719662,,,,,
10,28,0.393548387,0.55483871,0.629032258,0.452443463,0.491618024,0.383225806,0.573548387,0.649354839,0.454962835,0.491363287
1,56,0.387096774,0.612903226,0.670967742,0.47046211,0.502762417,,,,,
2,56,0.387096774,0.587096774,0.667741935,0.466994368,0.499425243,,,,,
3,56,0.380645161,0.596774194,0.661290323,0.460768903,0.494418843,,,,,
4,56,0.412903226,0.596774194,0.65483871,0.471799368,0.513572709,,,,,
5,56,0.380645161,0.587096774,0.658064516,0.459260113,0.494715822,,,,,
6,56,0.393548387,0.593548387,0.661290323,0.471420251,0.502556324,,,,,
7,56,0.390322581,0.596774194,0.661290323,0.469519969,0.503023554,,,,,
8,56,0.387096774,0.583870968,0.661290323,0.466262801,0.500015361,,,,,
9,56,0.393548387,0.606451613,0.664516129,0.470630654,0.505852535,,,,,
10,56,0.412903226,0.6,0.664516129,0.480119048,0.514623656,0.392580645,0.596129032,0.662580645,0.468723758,0.503096646
1,84,0.419354839,0.616129032,0.658064516,0.480371864,0.519454685,,,,,
2,84,0.396774194,0.596774194,0.664516129,0.477719214,0.506507937,,,,,
3,84,0.409677419,0.609677419,0.667741935,0.479208909,0.518475422,,,,,
4,84,0.419354839,0.616129032,0.664516129,0.483699757,0.522868664,,,,,
5,84,0.419354839,0.606451613,0.664516129,0.486684588,0.518917051,,,,,
6,84,0.422580645,0.6,0.661290323,0.480522273,0.521273682,,,,,
7,84,0.432258065,0.609677419,0.674193548,0.494493728,0.531066308,,,,,
8,84,0.425806452,0.606451613,0.661290323,0.487296467,0.523556068,,,,,
9,84,0.4,0.612903226,0.664516129,0.475222734,0.512287506,,,,,
10,84,0.419354839,0.606451613,0.664516129,0.486708269,0.518687916,0.416451613,0.608064516,0.664516129,0.48319278,0.519309524
1,112,0.409677419,0.616129032,0.674193548,0.483492063,0.518084997,,,,,
2,112,0.419354839,0.612903226,0.65483871,0.48733999,0.523768561,,,,,
3,112,0.44516129,0.619354839,0.661290323,0.494365719,0.535816692,,,,,
4,112,0.448387097,0.609677419,0.65483871,0.498541987,0.53655786,,,,,
5,112,0.45483871,0.616129032,0.661290323,0.503242448,0.542479519,,,,,
6,112,0.438709677,0.612903226,0.667741935,0.496611623,0.532004608,,,,,
7,112,0.44516129,0.625806452,0.670967742,0.501507937,0.539312596,,,,,
8,112,0.396774194,0.606451613,0.664516129,0.477574245,0.50749744,,,,,
9,112,0.416129032,0.616129032,0.670967742,0.485300819,0.522224782,,,,,
10,112,0.409677419,0.612903226,0.674193548,0.484009217,0.518814644,0.428387097,0.61483871,0.665483871,0.491198605,0.52765617
1,140,0.416129032,0.612903226,0.667741935,0.489645417,0.519598054,,,,,
2,140,0.464516129,0.629032258,0.670967742,0.514763185,0.553084997,,,,,
3,140,0.419354839,0.609677419,0.651612903,0.486938684,0.522022529,,,,,
4,140,0.438709677,0.622580645,0.664516129,0.499921275,0.537475678,,,,,
5,140,0.429032258,0.606451613,0.65483871,0.49343702,0.525919099,,,,,
6,140,0.438709677,0.616129032,0.658064516,0.494764465,0.532331029,,,,,
7,140,0.441935484,0.616129032,0.667741935,0.502427035,0.536618024,,,,,
8,140,0.448387097,0.612903226,0.658064516,0.495904378,0.535961342,,,,,
9,140,0.441935484,0.603225806,0.670967742,0.497231823,0.53405658,,,,,
10,140,0.429032258,0.616129032,0.661290323,0.491352407,0.529898874,0.436774194,0.614516129,0.662580645,0.496638569,0.532696621
1,168,0.441935484,0.619354839,0.664516129,0.495270737,0.535008961,,,,,
2,168,0.45483871,0.616129032,0.651612903,0.502121736,0.54140937,,,,,
3,168,0.451612903,0.616129032,0.667741935,0.504320276,0.542885305,,,,,
4,168,0.429032258,0.606451613,0.667741935,0.495647081,0.526237839,,,,,
5,168,0.45483871,0.612903226,0.661290323,0.500201613,0.542914747,,,,,
6,168,0.461290323,0.612903226,0.661290323,0.509254032,0.546278802,,,,,
7,168,0.461290323,0.625806452,0.664516129,0.511985407,0.549178187,,,,,
8,168,0.448387097,0.616129032,0.658064516,0.501495136,0.540524834,,,,,
9,168,0.438709677,0.616129032,0.658064516,0.498519585,0.534482847,,,,,
10,168,0.44516129,0.612903226,0.661290323,0.498474782,0.53733999,0.448709677,0.615483871,0.661612903,0.501729039,0.539626088
1,196,0.451612903,0.619354839,0.661290323,0.504043779,0.541570661,,,,,
2,196,0.441935484,0.619354839,0.664516129,0.499892473,0.536468254,,,,,
3,196,0.467741935,0.616129032,0.65483871,0.509496288,0.548684076,,,,,
4,196,0.464516129,0.609677419,0.664516129,0.509769585,0.548339734,,,,,
5,196,0.45483871,0.625806452,0.667741935,0.509438044,0.545112647,,,,,
6,196,0.429032258,0.622580645,0.674193548,0.49608807,0.533101639,,,,,
7,196,0.448387097,0.606451613,0.664516129,0.502177419,0.537958269,,,,,
8,196,0.451612903,0.622580645,0.661290323,0.508372376,0.543266769,,,,,
9,196,0.458064516,0.625806452,0.667741935,0.508563108,0.546641065,,,,,
10,196,0.45483871,0.616129032,0.661290323,0.504641577,0.543626472,0.452258065,0.618387097,0.664193548,0.505248272,0.542476959
1,224,0.470967742,0.625806452,0.658064516,0.513684076,0.555090886,,,,,
2,224,0.458064516,0.622580645,0.667741935,0.507706733,0.545997184,,,,,
3,224,0.45483871,0.616129032,0.661290323,0.506214158,0.543150282,,,,,
4,224,0.461290323,0.616129032,0.664516129,0.50890681,0.547151818,,,,,
5,224,0.451612903,0.616129032,0.661290323,0.50514977,0.540920379,,,,,
6,224,0.470967742,0.625806452,0.667741935,0.515455709,0.555613159,,,,,
7,224,0.464516129,0.622580645,0.667741935,0.512461598,0.550843574,,,,,
8,224,0.45483871,0.619354839,0.661290323,0.503772401,0.542852023,,,,,
9,224,0.470967742,0.622580645,0.670967742,0.514901434,0.556045827,,,,,
10,224,0.467741935,0.616129032,0.664516129,0.513570148,0.549406042,0.462580645,0.620322581,0.664516129,0.510182284,0.548707117
1,252,0.470967742,0.622580645,0.667741935,0.514189388,0.553309012,,,,,
2,252,0.464516129,0.619354839,0.661290323,0.509673579,0.548827445,,,,,
3,252,0.467741935,0.625806452,0.670967742,0.513207885,0.551842038,,,,,
4,252,0.467741935,0.622580645,0.667741935,0.513703277,0.551547619,,,,,
5,252,0.474193548,0.622580645,0.661290323,0.514955197,0.554397081,,,,,
6,252,0.458064516,0.619354839,0.664516129,0.507510881,0.545888377,,,,,
7,252,0.467741935,0.622580645,0.664516129,0.508483103,0.550422427,,,,,
8,252,0.467741935,0.622580645,0.664516129,0.513239887,0.551690988,,,,,
9,252,0.470967742,0.622580645,0.664516129,0.513470302,0.552147977,,,,,
10,252,0.470967742,0.616129032,0.664516129,0.51202381,0.551497696,0.468064516,0.621612903,0.66516129,0.512045731,0.551157066
1,279,0.470967742,0.619354839,0.664516129,0.514859191,0.553142601,,,,,
1,279,0.3129032258064516,0.5064516129032257,0.5741935483870966,0.39677291346646176,0.42280977982590884
1,279,0.3225806451612903,0.4967741935483871,0.564516129032258,0.39807027649769583,0.4220942140296978
1,279,0.3870967741935484,0.5967741935483872,0.6677419354838711,0.47059139784946236,0.5033384536610342
1,279,0.3258064516129032,0.5774193548387098,0.6516129032258066,0.43185291858678954,0.46237455197132615
1,279,0.36451612903225805,0.5677419354838712,0.6483870967741936,0.4452050264550264,0.481158474142345
1,279,0.37741935483870964,0.5709677419354839,0.635483870967742,0.45644499914661196,0.48871095750128013
1,279,0.36451612903225805,0.5580645161290324,0.6193548387096774,0.4382414874551971,0.4771825396825397
1,279,0.37741935483870964,0.5709677419354839,0.635483870967742,0.45644499914661196,0.48871095750128013
1,279,0.4,0.5870967741935484,0.6645161290322582,0.48181856972179543,0.5096351766513056
1,279,0.3838709677419355,0.5709677419354838,0.670967741935484,0.4653957586618877,0.4949769585253456
1,279,0.4322580645161291,0.603225806451613,0.6612903225806452,0.49446577914319845,0.5287519201228879
1,279,0.4129032258064516,0.5935483870967742,0.6548387096774195,0.4756237199180748,0.5124039938556066
1,279,0.4354838709677419,0.6064516129032258,0.6612903225806452,0.49633853899982927,0.5311674347158217
1,279,0.4322580645161291,0.6096774193548388,0.6612903225806452,0.49838923024406895,0.5295852534562211
1,279,0.4677419354838709,0.6258064516129034,0.6645161290322582,0.5213351254480286,0.5537160778289809
1,279,0.4064516129032258,0.596774193548387,0.6580645161290324,0.4815558329066394,0.5119380440348182
1,279,0.36451612903225805,0.5677419354838712,0.6483870967741936,0.4452050264550264,0.481158474142345
1,279,0.4290322580645161,0.5967741935483872,0.6516129032258066,0.494726062467998,0.522731694828469
1,279,0.4,0.6000000000000002,0.6516129032258066,0.47762608806963647,0.5095174091141834
1,279,0.3709677419354839,0.5935483870967744,0.6612903225806452,0.4614394521249361,0.49287378392217107
1,279,0.36129032258064514,0.5580645161290324,0.6483870967741936,0.4443717997951868,0.47774449564772137
1,279,0.3419354838709677,0.5774193548387098,0.6580645161290324,0.4369348438300051,0.47158858166922696
1,279,0.36129032258064514,0.5548387096774194,0.6290322580645162,0.4398155615292712,0.47532898105478755
1,279,0.4032258064516129,0.5935483870967742,0.6580645161290324,0.4755807305000853,0.5078699436763953
1,279,0.4,0.5903225806451614,0.6580645161290324,0.47451698242020834,0.5044022017409114
1,279,0.3935483870967742,0.5967741935483872,0.6612903225806452,0.47386328725038396,0.5047964669738862
1,279,0.3967741935483871,0.5580645161290322,0.6516129032258066,0.4671072281959378,0.49870199692780337
1,279,0.3935483870967742,0.561290322580645,0.6419354838709679,0.4604520822665984,0.4948118279569892
1,279,0.3935483870967742,0.561290322580645,0.6419354838709679,0.4604520822665984,0.4948118279569892
1,279,0.3935483870967742,0.5967741935483872,0.6612903225806452,0.47362519201228875,0.5047964669738862
1,279,0.37741935483870964,0.5838709677419356,0.6580645161290324,0.4616310377197473,0.49196748591909883
1,279,0.32903225806451614,0.5612903225806452,0.6322580645161292,0.4240622333162656,0.45830901177675376
1,279,0.3419354838709677,0.535483870967742,0.6419354838709678,0.43093947345963474,0.46087173579109064
1,279,0.32903225806451614,0.5612903225806452,0.6322580645161292,0.4240622333162656,0.45830901177675376
1,279,0.3709677419354839,0.5419354838709678,0.6290322580645162,0.4384202722307561,0.4768855606758834
1,279,0.38387096774193546,0.5709677419354839,0.635483870967742,0.45035202252944184,0.49035970302099335
1,279,0.42903225806451617,0.6,0.6612903225806452,0.4967110428400751,0.5271159754224269
1,279,0.4161290322580645,0.5870967741935484,0.6548387096774195,0.47841739204642425,0.5148553507424476
1,279,0.4161290322580645,0.5870967741935484,0.6580645161290324,0.47788103771974744,0.5147465437788018
1,279,0.36129032258064514,0.5516129032258064,0.6129032258064516,0.42453469022017415,0.4726664106502816
1,279,0.38387096774193546,0.5709677419354839,0.635483870967742,0.45035202252944184,0.49035970302099335
1,279,0.42903225806451617,0.6,0.6612903225806452,0.4967110428400751,0.5271159754224269
1,279,0.4161290322580645,0.5870967741935484,0.6516129032258066,0.4767884877965523,0.5144879672299026
1,279,0.34838709677419355,0.5741935483870968,0.6451612903225807,0.44597318228366617,0.47263184843830014
1,279,0.4096774193548387,0.5709677419354838,0.6483870967741937,0.4732538615804744,0.5063645673323093
1,279,0.4193548387096774,0.6,0.6548387096774195,0.48503285543608127,0.51939452124936
1,279,0.42903225806451617,0.6064516129032258,0.6580645161290324,0.4964691073562041,0.5279723502304148
1,279,0.4096774193548387,0.5967741935483872,0.6580645161290324,0.47609703020993344,0.5120839733742959
1,279,0.4322580645161291,0.5935483870967744,0.6548387096774194,0.4921680320873869,0.5272465437788018
1,279,0.4161290322580646,0.6064516129032258,0.6612903225806452,0.48792328042328037,0.5193804403481823
1,279,0.4129032258064516,0.5935483870967744,0.6580645161290324,0.47558158388803545,0.5141858678955453
1,279,0.4322580645161291,0.5935483870967744,0.6548387096774194,0.4921680320873869,0.5272465437788018
1,279,0.42903225806451617,0.5935483870967744,0.6548387096774194,0.49044504181600956,0.525326420890937
1,279,0.4096774193548387,0.5580645161290322,0.638709677419355,0.47154783239460657,0.5044086021505375
1,279,0.4322580645161291,0.5967741935483872,0.6580645161290324,0.493595323434033,0.5282411674347157
1,279,0.4129032258064516,0.5935483870967744,0.6580645161290324,0.4767797405700631,0.5141986687147977
1,279,0.4129032258064516,0.5870967741935484,0.6516129032258066,0.47511350059737156,0.5119418842805938
1,279,0.4322580645161291,0.5967741935483872,0.6580645161290324,0.49236004437617337,0.5284600614439324
1,279,0.4129032258064516,0.5806451612903227,0.6483870967741936,0.47353003925584564,0.5105926779313876
1,279,0.3870967741935484,0.567741935483871,0.6258064516129032,0.45305342208568006,0.4922887864823348
1,279,0.4322580645161291,0.5967741935483872,0.6580645161290324,0.49236004437617337,0.5284600614439324
1,279,0.4322580645161291,0.6064516129032258,0.6645161290322582,0.49695681856972185,0.5299219150025601
1,279,0.4258064516129032,0.6000000000000002,0.6580645161290324,0.4881677760710018,0.524773425499232
1,279,0.42903225806451617,0.6000000000000002,0.6580645161290324,0.490347755589691,0.5265335381464413
1,279,0.4161290322580646,0.5935483870967742,0.6548387096774194,0.4824483700290152,0.5184779825908858
1,279,0.38387096774193546,0.567741935483871,0.6258064516129032,0.45103857313534734,0.49020353302611364
1,279,0.42903225806451617,0.6,0.6645161290322582,0.4962886158047447,0.5276676907322069
1,279,0.42903225806451617,0.6000000000000002,0.6580645161290324,0.490347755589691,0.5265335381464413
1,279,0.4225806451612904,0.5870967741935484,0.6580645161290324,0.483447687318655,0.5212532002048131
1,279,0.4322580645161291,0.5967741935483872,0.6580645161290324,0.493595323434033,0.5282411674347157
1,279,0.3870967741935484,0.5645161290322582,0.6225806451612904,0.4508755760368663,0.49142601126472096
1,279,0.4322580645161291,0.603225806451613,0.6612903225806452,0.49446577914319845,0.5287519201228879
1,279,0.4322580645161291,0.5967741935483872,0.6580645161290324,0.4917980884109917,0.5284600614439324
1,135,0.42666666666666664,0.5933333333333333,0.6666666666666667,0.5068756613756615,0.5303809523809524
1,135,0.4,0.5599999999999999,0.66,0.4805582010582009,0.5066084656084656
1,135,0.41999999999999993,0.62,0.6733333333333335,0.49300000000000005,0.5327195767195768
1,135,0.4,0.6066666666666667,0.6866666666666668,0.4815582010582011,0.5221058201058202
1,135,0.36666666666666664,0.58,0.6466666666666667,0.4509973544973545,0.4889338624338624
1,135,0.38,0.5999999999999999,0.6466666666666667,0.4746402116402117,0.50455291005291
1,135,0.42000000000000004,0.62,0.68,0.4927751322751323,0.5349708994708995
1,135,0.4066666666666666,0.6,0.6600000000000001,0.48504894179894176,0.5226904761904761
1,135,0.41999999999999993,0.62,0.6733333333333335,0.49300000000000005,0.5327195767195768
1,135,0.42000000000000004,0.62,0.68,0.4927751322751323,0.5349708994708995
1,135,0.42666666666666675,0.6066666666666667,0.6866666666666668,0.5080846560846561,0.5337037037037037
1,135,0.4066666666666666,0.5933333333333333,0.6533333333333333,0.49485714285714283,0.517005291005291
1,135,0.4,0.6,0.64,0.49601587301587297,0.5149312169312169
1,279,0.4,0.5838709677419356,0.6612903225806452,0.46569764464925756,0.5043343573988734
1,279,0.38709677419354843,0.5935483870967744,0.6548387096774195,0.47210818825738166,0.49997055811571933
1,279,0.4193548387096775,0.6129032258064516,0.6612903225806452,0.4881293736132446,0.5211674347158218
1,279,0.4322580645161291,0.5967741935483872,0.6580645161290324,0.493595323434033,0.5282411674347157
1,279,0.4129032258064516,0.5935483870967744,0.6580645161290324,0.4767797405700631,0.5141986687147977
1,279,0.4129032258064516,0.5935483870967744,0.6580645161290324,0.4759208055982249,0.5141410650281618
1,279,0.4322580645161291,0.5903225806451614,0.6548387096774194,0.49174688513398185,0.5263824884792625
1,279,0.4193548387096775,0.5903225806451614,0.6548387096774194,0.4850776583034647,0.5195532514080902
1,279,0.4064516129032258,0.6,0.6516129032258066,0.483473715651135,0.5132731694828468
1,279,0.4322580645161291,0.5903225806451614,0.6548387096774194,0.49174688513398185,0.5263824884792625
1,279,0.42903225806451617,0.5967741935483872,0.6580645161290324,0.4909852363884621,0.5260906298003072
1,279,0.4129032258064516,0.5935483870967744,0.6451612903225807,0.48093723331626553,0.5161098310291858
1,279,0.38387096774193546,0.5645161290322582,0.6225806451612904,0.44902841781874037,0.4898707117255504
1,279,0.41290322580645167,0.5838709677419356,0.6580645161290324,0.47739161973032934,0.5152534562211981
1,279,0.4129032258064516,0.5903225806451614,0.6548387096774195,0.4749385560675884,0.5119162826420891
1,135,0.42000000000000004,0.5933333333333333,0.66,0.500941798941799,0.5268253968253969
1,135,0.42666666666666664,0.6066666666666667,0.6733333333333335,0.5090052910052909,0.5327301587301588
1,135,0.42000000000000004,0.5933333333333333,0.66,0.500941798941799,0.5268253968253969
1,135,0.42000000000000004,0.5933333333333333,0.66,0.500941798941799,0.5268253968253969
1,279,0.4258064516129033,0.5935483870967744,0.6580645161290324,0.4904693633725891,0.5238287250384024
1,279,0.4322580645161291,0.5903225806451614,0.6580645161290324,0.4922601979860044,0.5268407578084996
1,279,0.4161290322580645,0.5774193548387098,0.6483870967741936,0.47834506741764793,0.5151753712237583
1,28,0.35806451612903223,0.5354838709677419,0.6096774193548388,0.4159225123741252,0.46605990783410134
1,28,0.36129032258064514,0.5580645161290323,0.6258064516129034,0.43079194401775045,0.47504864311315914
1,28,0.38064516129032266,0.5612903225806452,0.6225806451612904,0.44363009899300226,0.4849871991807476
1,279,0.4322580645161291,0.5903225806451614,0.6580645161290324,0.4922601979860044,0.5268407578084996
1,224,0.4322580645161291,0.6000000000000002,0.6580645161290324,0.4922883597883597,0.5288479262672812
1,252,0.4387096774193548,0.5967741935483872,0.6580645161290324,0.49530167264038233,0.5322785458269329
1,279,0.435483870967742,0.5967741935483872,0.6580645161290324,0.49375021334698754,0.5294329237071171
1,279,0.435483870967742,0.5967741935483872,0.6580645161290324,0.49472179552824713,0.5299705581157192
1,279,0.4709677419354838,0.6193548387096774,0.6612903225806452,0.522921146953405,0.5544290834613416
1,279,0.435483870967742,0.5967741935483872,0.6580645161290324,0.49375021334698754,0.5294329237071171
1,279,0.4387096774193548,0.5903225806451614,0.6516129032258066,0.49573818057689023,0.5303827444956477
1,279,0.435483870967742,0.5870967741935484,0.6580645161290324,0.4943838538999829,0.5287224782386072
1,279,0.4387096774193548,0.5903225806451614,0.6580645161290324,0.49716867212834953,0.5304429083461341
1,279,0.4483870967741935,0.5935483870967744,0.6516129032258066,0.5030698498037207,0.536163594470046
1,279,0.46451612903225803,0.5967741935483872,0.667741935483871,0.5125441628264208,0.54610599078341
1,279,0.4548387096774193,0.6193548387096776,0.6741935483870969,0.512674091141833,0.5440809011776754
1,279,0.4612903225806451,0.6096774193548388,0.6645161290322582,0.5125569636456733,0.5459447004608295
1,279,0.4612903225806451,0.6000000000000002,0.6645161290322582,0.5121050947260624,0.5440796210957501
1,279,0.4612903225806451,0.6096774193548388,0.667741935483871,0.510044162826421,0.5461226318484382
1,279,0.4451612903225806,0.6129032258064517,0.6580645161290324,0.5026062467997952,0.5375435227854582
1,279,0.429032258064516,0.5870967741935486,0.6548387096774195,0.48724718381976456,0.521047107014849
1,279,0.46451612903225803,0.5967741935483872,0.667741935483871,0.5125441628264208,0.54610599078341
1,279,0.503225806451613,0.6161290322580646,0.6741935483870969,0.5367645929339477,0.5716065028161802
1,279,0.503225806451613,0.6161290322580646,0.6774193548387097,0.5386923963133641,0.5725076804915515
1,279,0.5,0.606451612903226,0.6612903225806452,0.5330890510325994,0.5675256016385049
1,279,0.4161290322580645,0.6000000000000002,0.6677419354838711,0.4830384877965523,0.5187762416794675
1,279,0.5193548387096774,0.6258064516129034,0.6774193548387097,0.5467556323604711,0.5803981054787506
1,28,0.36451612903225805,0.5354838709677419,0.606451612903226,0.4218232633555214,0.47003072196620577
1,135,0.43999999999999995,0.5999999999999999,0.6666666666666667,0.4978915343915344,0.5374047619047618
1,135,0.4533333333333333,0.6,0.68,0.5140158730158729,0.5443756613756614
1,15,0.3533333333333334,0.5266666666666666,0.6333333333333332,0.43705820105820103,0.46978571428571436
1,15,0.3466666666666668,0.5333333333333333,0.6333333333333333,0.4391613756613756,0.4692010582010582
1,135,0.4533333333333333,0.6133333333333333,0.6866666666666668,0.5204841269841269,0.5472301587301588
1,135,0.44000000000000006,0.6066666666666666,0.68,0.5202830687830688,0.5409444444444446
1,135,0.44000000000000006,0.6133333333333333,0.6733333333333333,0.5239550264550263,0.5442645502645503
1,135,0.4533333333333333,0.62,0.6733333333333333,0.5060410052910053,0.5473677248677248
1,135,0.4666666666666667,0.6066666666666667,0.6933333333333334,0.53760582010582,0.554515873015873
1,135,0.44000000000000006,0.5999999999999999,0.6666666666666667,0.5177804232804233,0.539484126984127
1,135,0.4533333333333333,0.62,0.68,0.5327566137566138,0.5513121693121693
1,135,0.4333333333333333,0.5733333333333333,0.6533333333333333,0.4963439153439153,0.5278201058201059
1,135,0.4666666666666667,0.6066666666666667,0.6933333333333334,0.53760582010582,0.554515873015873
1,135,0.5133333333333333,0.6199999999999999,0.68,0.5614126984126984,0.5849682539682539
1,15,0.4133333333333333,0.5533333333333333,0.6533333333333334,0.48931746031746026,0.5136746031746032
1,135,0.5,0.6266666666666666,0.6866666666666668,0.5614550264550264,0.5794867724867725
1,135,0.5133333333333333,0.6266666666666666,0.68,0.5625767195767195,0.5834312169312169
1,371,0.39883855981416955,0.6433217189314749,0.7354819976771195,0.5292873043526354,0.5414670787013992
1,371,0.34105691056910564,0.6218931475029036,0.7382694541231125,0.49268905665247126,0.5063139252991169
1,371,0.3696864111498258,0.6461091753774679,0.7481997677119627,0.5182405794296038,0.5301708515384472
1,371,0.4329849012775842,0.6678861788617885,0.7527874564459929,0.5598271896834615,0.5706841435761297
1,371,0.44535423925667833,0.6565621370499418,0.7533681765389082,0.5594065363272679,0.573098026473462
1,371,0.48832752613240427,0.6972125435540069,0.7819976771196282,0.5942058998396107,0.6084355354607968
1,371,0.8254355400696862,0.8400116144018582,0.847212543554007,0.8316418247515808,0.8334823848238482
1,371,0.4718931475029036,0.6709639953542392,0.7799070847851335,0.5794710262153641,0.5944793106944675
1,371,0.48832752613240427,0.6972125435540069,0.7819976771196282,0.5942058998396107,0.6084355354607968
1,371,0.37212543554006966,0.643670150987224,0.7457026713124273,0.5185220673635309,0.5297720904079788
1,371,0.37799070847851335,0.5958188153310104,0.7045296167247386,0.49989609258337486,0.5144169754622717
1,371,0.44535423925667833,0.6565621370499418,0.7533681765389082,0.5594065363272679,0.573098026473462
1,371,0.4592334494773519,0.7019744483159116,0.786875725900116,0.5788115056320631,0.5919519799789834
1,371,0.481068524970964,0.6873983739837397,0.7819976771196282,0.5893577627527976,0.6026155909518278
1,371,0.47874564459930313,0.6850174216027873,0.7819976771196282,0.5872200099552016,0.6014314980734841
1,371,0.4666666666666666,0.6801974448315911,0.7795586527293843,0.579365033276183,0.5927659329314381
1,371,0.47874564459930313,0.6850174216027873,0.7819976771196282,0.5872200099552016,0.6014314980734841
1,371,0.48844367015098733,0.6947154471544714,0.7916957026713123,0.5969180355068857,0.6111295236251681
1,371,0.49802555168408824,0.706910569105691,0.7916957026713123,0.6039039253912948,0.6181335610124808
1,371,0.48588850174216025,0.6922764227642275,0.801451800232288,0.5957804924137677,0.6090226619102925
1,371,0.49802555168408824,0.706910569105691,0.7916957026713123,0.6039039253912948,0.6181335610124808
1,371,0.49564459930313587,0.7117305458768872,0.7941347270615562,0.6022846611544346,0.6173012646793135
1,371,0.5005226480836238,0.716608594657375,0.7941347270615562,0.6057563994432461,0.6207391276293714
1,135,0.4333333333333334,0.5999999999999999,0.6733333333333335,0.5141005291005291,0.5364920634920635
1,135,0.5066666666666666,0.62,0.7066666666666667,0.558515873015873,0.5818968253968254
1,135,0.5066666666666666,0.6533333333333334,0.7,0.5589179894179894,0.5898571428571429
1,135,0.5133333333333333,0.64,0.7066666666666667,0.5660238095238096,0.5906111111111111
1,135,0.5066666666666666,0.62,0.7066666666666667,0.558515873015873,0.5818968253968254
1,135,0.5066666666666666,0.6133333333333333,0.6933333333333334,0.5594285714285714,0.5804126984126985
1,135,0.5066666666666666,0.6399999999999999,0.7,0.5598650793650793,0.5837962962962961
1,135,0.5133333333333333,0.64,0.7066666666666667,0.5660238095238096,0.5906111111111111
1,135,0.5133333333333333,0.64,0.7066666666666667,0.5660238095238096,0.5906111111111111
1,135,0.5066666666666666,0.6333333333333334,0.7066666666666667,0.5591455026455027,0.5836296296296296
1,135,0.5066666666666666,0.6266666666666666,0.7,0.5590846560846561,0.5812407407407407
1,135,0.5133333333333333,0.64,0.7066666666666667,0.5660238095238096,0.5906111111111111
1,15,0.4,0.54,0.6533333333333334,0.4742116402116401,0.5027089947089947
1,15,0.37333333333333335,0.5333333333333333,0.6533333333333333,0.4620661375661375,0.48736772486772495
1,135,0.45999999999999996,0.6066666666666667,0.68,0.5294682539682539,0.5510079365079366
1,279,0.4838709677419354,0.6161290322580646,0.670967741935484,0.5304860044376174,0.559500768049155
1,371,0.43954703832752606,0.687108013937282,0.7914053426248546,0.566312888298951,0.5796489408771638
1,371,0.46626016260162595,0.6822299651567942,0.7939024390243901,0.5815240906660767,0.5954593449846061
1,371,0.44250871080139376,0.6850174216027873,0.7916957026713123,0.5665750188964476,0.5810981601312611
1,371,0.44732868757259003,0.6850754936120789,0.7844367015098721,0.5687581231679664,0.5832491519643087
1,371,0.4376887340301974,0.6704413472706154,0.7771777003484319,0.5618113281898125,0.5771774007706063
1,371,0.39152148664343783,0.6557491289198605,0.759814169570267,0.5319138183728777,0.5442564478365872
1,371,0.49802555168408824,0.706910569105691,0.7916957026713123,0.6039039253912948,0.6181335610124808
1,371,0.48344947735191635,0.7211962833914052,0.8038327526132404,0.605859212248585,0.615788097081651
1,371,0.4807781649245064,0.699128919860627,0.793786295005807,0.5958785926294637,0.6069566349575061
1,371,0.49802555168408824,0.706910569105691,0.7916957026713123,0.6039039253912948,0.6181335610124808
1,371,0.49802555168408824,0.706910569105691,0.7916957026713123,0.6039039253912948,0.6181335610124808
1,371,0.4550522648083623,0.666260162601626,0.7630662020905923,0.5691045618789519,0.5827960520251461
1,371,0.49802555168408824,0.706910569105691,0.7916957026713123,0.6039039253912948,0.6181335610124808
1,371,0.42775842044134726,0.6483739837398373,0.7552845528455283,0.5489675626348101,0.5625428857179728
1,371,0.4617305458768873,0.6995934959349592,0.7797328687572589,0.5874146203196726,0.5965028436848993
1,371,0.49320557491289196,0.7117305458768872,0.7941347270615562,0.6005154006046862,0.6157391276293714
1,371,0.44488966318234613,0.6850174216027873,0.7868176538908245,0.566716984219162,0.581599999078222
1,371,0.45220673635307784,0.6899535423925667,0.7893147502903599,0.5734196808804823,0.5882258309827997
1,371,0.4547038327526133,0.6875145180023228,0.7965737514518001,0.5835082176502037,0.5928369559205796
1,371,0.449883855981417,0.6874564459930312,0.7916957026713123,0.5747128316096085,0.5867985730877716
1,371,0.47404181184668986,0.7044134727061555,0.7988966318234609,0.5950151402024224,0.6047956418339693
1,371,0.46434378629500583,0.6947154471544714,0.8085365853658535,0.5893587651862914,0.6000767380122781
1,371,0.4547038327526133,0.6875145180023228,0.7965737514518001,0.5832981905499326,0.5926879044300647
1,371,0.4617305458768873,0.7020325203252031,0.7821138211382113,0.589000320317829,0.5981822308869347
1,371,0.46869918699186996,0.6943670150987222,0.7744483159117304,0.5834854727798978,0.5958358451781796
1,371,0.49320557491289196,0.7117305458768872,0.7941347270615562,0.6005154006046862,0.6157391276293714
1,371,0.49320557491289196,0.7117305458768872,0.7941347270615562,0.6005154006046862,0.6157391276293714
1,371,0.5004645760743321,0.7214285714285713,0.7965737514518001,0.6087728024814261,0.6229254926903011
1,371,0.49314750290360054,0.7236353077816491,0.8012775842044133,0.6085911546190291,0.620488887967111
1,371,0.505226480836237,0.7261324041811845,0.8037166085946573,0.6119228287520969,0.627019154545287
1,371,0.49314750290360054,0.7285133565621369,0.7988385598141694,0.6085809920174031,0.6205934175838357
1,371,0.49076655052264817,0.7141695702671311,0.7966318234610916,0.5992714497723208,0.6140889146986708
1,371,0.4159698025551684,0.6632404181184668,0.7627177700348431,0.5456692107737402,0.5586043360433603
1,371,0.4617305458768873,0.6995934959349592,0.777293844367015,0.5875336679387202,0.5967177101192779
1,371,0.505226480836237,0.7261324041811845,0.8012775842044133,0.6115637847279835,0.626895336725476
1,371,0.5053426248548201,0.7237514518002321,0.8061556329849011,0.6127699772320853,0.6269603451136552
1,371,0.49320557491289196,0.7092915214866433,0.7941347270615562,0.6009512287299743,0.6155122550375163
1,371,0.50534262485482,0.7165505226480835,0.7916957026713123,0.6101294982762753,0.6247047545305385
1,371,0.4980836236933798,0.7067944250871079,0.7867595818815329,0.6097036944859245,0.6192139538742325
1,371,0.4980836236933798,0.7067944250871079,0.7867595818815329,0.609645622476633,0.6192139538742325
1,371,0.5199186991869919,0.7139953542392565,0.8012775842044133,0.6213183728776064,0.6342726941725199
1,371,0.5053426248548201,0.7285714285714284,0.8037166085946573,0.6132364890400603,0.6273997566506276
1,371,0.5199186991869919,0.7139953542392565,0.8012775842044133,0.621431129362314,0.6343781916560662
1,371,0.5224738675958188,0.7432055749128919,0.8110336817653889,0.6322238814224875,0.6437336614862748
1,371,0.5103948896631822,0.728745644599303,0.799012775842044,0.6234124218793208,0.6326178723521929
1,371,0.5175958188153311,0.7334494773519162,0.8110336817653889,0.6222464880261048,0.6367238168980329
1,371,0.5224738675958188,0.7432055749128919,0.8085946573751451,0.6322132348874508,0.6437743118927789
1,371,0.5102787456445992,0.7165505226480835,0.7941347270615562,0.6142054159061997,0.6286038751543976
1,371,0.4908246225319396,0.7117305458768872,0.7941347270615562,0.5994401927437641,0.6145486514388953
1,371,0.5175958188153311,0.7358885017421601,0.8085946573751451,0.6221767094371624,0.6367502719244879
1,371,0.5224738675958188,0.7456445993031358,0.8110336817653889,0.6315802499861733,0.6436523606732666
1,371,0.4988385598141695,0.70725900116144,0.7775842044134726,0.6045456556606381,0.6186533515845362
1,371,0.5224738675958188,0.7432055749128919,0.8110336817653889,0.6316276754604281,0.6436997861475213
1,37,0.4448315911730546,0.6703832752613239,0.784320557491289,0.5694770869052228,0.5830719632026252
1,371,0.5248548199767712,0.7432055749128919,0.8062137049941928,0.6314431816086868,0.6444885284737201
1,371,0.5103368176538907,0.7311846689895469,0.7965737514518001,0.6240062773076711,0.6338921381560755
1,371,0.5346109175377468,0.7334494773519162,0.8062137049941928,0.6335789871504157,0.6472944435226664
1,371,0.5346109175377468,0.7334494773519162,0.8062137049941928,0.6335792867282414,0.6475561593200966
1,371,0.5175958188153311,0.7358885017421601,0.8037166085946573,0.6211330263812843,0.636851160518408
1,371,0.4908246225319397,0.7165505226480835,0.7916376306620208,0.6057208533820032,0.6167686383496488
1,37,0.4303716608594657,0.66794425087108,0.7867595818815329,0.5591754350791807,0.5738035783419058
1,37,0.44233449477351916,0.6776422764227641,0.7867595818815329,0.5715087776302934,0.584416883284479
1,371,0.5346109175377468,0.7334494773519162,0.8110917537746806,0.6339924045498958,0.6475627730767104
1,279,0.4387096774193548,0.5838709677419356,0.6451612903225807,0.4946368834272061,0.5246658986175115
1,279,0.4612903225806451,0.6129032258064517,0.6645161290322582,0.5154872845195425,0.5453929851510497
1,279,0.48064516129032253,0.6096774193548388,0.6612903225806452,0.525547448370029,0.5553084997439837
1,279,0.4838709677419354,0.6161290322580646,0.670967741935484,0.5304860044376174,0.559500768049155
1,279,0.4741935483870967,0.6161290322580646,0.6645161290322582,0.526186849291688,0.5539183307731694
1,279,0.4709677419354838,0.6129032258064516,0.670967741935484,0.5250827786311657,0.5527636968766
1,279,0.4838709677419354,0.6161290322580646,0.670967741935484,0.5304860044376174,0.559500768049155
1,279,0.4709677419354838,0.5935483870967744,0.6677419354838711,0.518562894691927,0.5481886840757808
1,279,0.4838709677419354,0.6161290322580646,0.670967741935484,0.5304860044376174,0.559500768049155
1,279,0.4935483870967741,0.6161290322580646,0.6741935483870969,0.5371168288103771,0.5670468509984639
1,279,0.5225806451612902,0.6322580645161292,0.6741935483870969,0.5563654207202594,0.5870954941116231
1,279,0.5193548387096774,0.638709677419355,0.6774193548387097,0.5570233828298344,0.587437275985663
1,279,0.5129032258064516,0.6290322580645162,0.670967741935484,0.5465318313705411,0.5809178187403994
1,279,0.4806451612903226,0.6193548387096776,0.670967741935484,0.5261682881037719,0.5616129032258064
1,279,0.5225806451612902,0.6322580645161292,0.6741935483870969,0.5563654207202594,0.5870954941116231
1,28,0.3935483870967742,0.561290322580645,0.6290322580645162,0.4471616316777608,0.4923079877112134
1,135,0.48,0.5933333333333334,0.68,0.5413756613756614,0.5613095238095238
1,135,0.48,0.6133333333333334,0.6866666666666668,0.5416455026455027,0.5627936507936507
1,135,0.48,0.5933333333333334,0.68,0.5413756613756614,0.5613095238095238
1,135,0.4866666666666667,0.6066666666666667,0.6866666666666668,0.5486613756613756,0.569063492063492
1,135,0.45999999999999996,0.6,0.6799999999999999,0.531962962962963,0.5515740740740742
1,135,0.48,0.6,0.6866666666666668,0.5437857142857143,0.5632301587301588
1,135,0.4866666666666667,0.6066666666666667,0.6866666666666668,0.5486613756613756,0.569063492063492
1,135,0.49333333333333335,0.6266666666666667,0.6933333333333334,0.55460582010582,0.5760079365079365
1,135,0.49333333333333335,0.62,0.6933333333333334,0.5540502645502644,0.5754523809523809
1,135,0.49333333333333335,0.62,0.6933333333333334,0.5540502645502644,0.5754523809523809
1,135,0.4866666666666667,0.6266666666666667,0.6933333333333334,0.5499312169312168,0.5706190476190476
1,135,0.4866666666666667,0.6266666666666667,0.68,0.5501296296296296,0.5705873015873015
1,135,0.4866666666666667,0.6266666666666667,0.6866666666666668,0.5486164021164022,0.5696746031746031
1,135,0.48,0.6066666666666667,0.6933333333333334,0.5452751322751322,0.5648412698412699
1,135,0.48,0.6266666666666667,0.6866666666666668,0.5431534391534392,0.5660079365079366
1,135,0.4866666666666667,0.62,0.7,0.5518068783068782,0.5720714285714286
1,135,0.45999999999999996,0.6066666666666667,0.68,0.5284814814814813,0.5506904761904761
1,135,0.48,0.6266666666666667,0.68,0.5493306878306878,0.5697037037037037
1,135,0.49333333333333335,0.6266666666666667,0.6866666666666668,0.5532328042328042,0.5739682539682539
1,135,0.49333333333333335,0.6266666666666667,0.6866666666666668,0.553010582010582,0.5731904761904761
1,135,0.49333333333333335,0.6333333333333334,0.6866666666666668,0.5530502645502644,0.5736269841269841
1,135,0.49333333333333335,0.6333333333333334,0.6866666666666668,0.5530502645502644,0.5736269841269841
1,135,0.5,0.6333333333333334,0.6866666666666668,0.554531746031746,0.5780714285714285
1,15,0.3933333333333333,0.52,0.6399999999999999,0.4652513227513227,0.4935449735449735
